Workbook

Sheet 종합
B1: 견적서 현황 | F1: 수주 및 입금 현황 | L1: 물가변동 프로젝트 현황
B2: 데이터 수 | C2: =COUNTA('견적서 진행현황'!A:A)-1 -> 507 | F2: 데이터 수 | G2: =COUNTA('수주 및 입금 진행현황'!A:A) -> 115 | L2: 마지막 행번호 | M2: =MATCH(E1+308,'물가변동 진행현황'!A:A,1) -> 20
B3: 진행 형황 | C3: 건수 | D3: 합계 | F3: 구분 | G3: 진행 현황 | I3: 건수 | J3: 합계 | L3: 진행 현황 | M3: 건수
B4: 연단가 | C4: {=COUNTIF(INDIRECT("'견적서 진행현황'!L7:L"&C2+5),B4)} -> 28 | D4: =C4+C5 -> 255 | F4: 수주건 | G4: 수주 | I4: {=COUNTIF(INDIRECT("'수주 및 입금 진행현황'!L7:L" &G2+4), "수주")} -> 97 | J4: =I4+I5 -> 113 | L4: 견적제출 | M4: {=COUNTIF(INDIRECT("'견적서 진행현황'!D7:D"&C2+5),"공사-물가변동")} -> 30
B5: 수주 | C5: {=COUNTIF(INDIRECT("'견적서 진행현황'!L7:L"&C2+5),B5)} -> 227 | G5: 연단가 | I5: {=COUNTIF(INDIRECT("'수주 및 입금 진행현황'!L7:L" &G2+4), G5)} -> 16 | L5: 미수주 | M5: {=COUNTIFS(INDIRECT("'견적서 진행현황'!D7:D"&C2+5), "공사-물가변동", INDIRECT("'견적서 진행현황'!L7:L"&C2+5), "미수주")} -> 9
B6: 진행 중 | C6: {=COUNTA(INDIRECT("'견적서 진행현황'!M7:M"&C2+5))-(C7+C8+C9)} -> 33 | D6: =C6+C7+C8+C9 -> 250 | F6: 진행 현황 | G6: 보고서 작성 중 | I6: =J4-I7 -> 26 | J6: =I6+I7 -> 113 | L6: 수주 | M6: {=COUNTIFS(INDIRECT("'견적서 진행현황'!D7:D"&C2+5), "공사-물가변동", INDIRECT("'견적서 진행현황'!L7:L"&C2+5), "수주")} -> 14
B7: 완료 | C7: {=COUNTIF(INDIRECT("'견적서 진행현황'!N7:N"&C2+5),B7)-(C8+C9)} -> -1 | G7: 완료 | I7: {=COUNTIF(INDIRECT("'수주 및 입금 진행현황'!N7:N" &G2+4), "<>")} -> 87 | L7: 진행중 | M7: {=COUNTIF(INDIRECT("'물가변동 진행현황'!K7:K"&$M$2),L7)} -> 2
B8: 보고서 제출 | C8: {=COUNTIF(INDIRECT("'견적서 진행현황'!P7:P"&C2+5),"<>")-C9} -> 154 | F8: 수금 현황 | G8: 세금계산서 미발행 | I8: =I7-(I9+I10) -> 48 | J8: =I8+I9+I10 -> 87 | L8: 1차완료 | M8: =COUNTIF(INDIRECT("'물가변동 진행현황'!J7:J"&$M$2),L8) -> 3
B9: 입금 완료 | C9: {=COUNTIF(INDIRECT("'견적서 진행현황'!S7:S"&C2+5),"<>")} -> 64 | G9: 세금계산서 발행 | I9: {=COUNTIF(INDIRECT("'수주 및 입금 진행현황'!Q7:Q" &G2+4), "<>")-I10} -> 24 | L9: 완료 | M9: =COUNTIF(INDIRECT("'물가변동 진행현황'!J7:J"&$M$2),L9) -> 9
B10: 견적제출 | C10: {=COUNTIF(INDIRECT("'견적서 진행현황'!L7:L"&C2+5),B10)} -> 45 | D10: - | G10: 입금 완료 | I10: {=COUNTIF(INDIRECT("'수주 및 입금 진행현황'!S7:S" &G2+4), "<>")} -> 15 | L10: 합계 | M10: =M7+M8+M9 -> 14
L11: ※ 수주대기 7건임
B12: LH 프로젝트 현황 | F12: LH외 프로젝트 현황 | I12: 원가 프로젝트 현황 | L12: 혁신바우처 사업
B13: 마지막 행번호 | D13: =MATCH(1E+308, '일정(LH)'!A:A, 1) -> 248 | F13: 마지막 행번호 | G13: =MATCH(1E+308,'일정(LH외 공사)'!A:A,1) -> 203 | I13: 마지막 행번호 | J13: =MATCH(1E+308,'일정(원가 등)'!A:A,1) -> 53
B14: 진행현황 | D14: 건수 | F14: 진행 현황 | G14: 건수 | I14: 진행 현황 | J14: 건수 | L14: 진행 현황 | M14: 건수
B15: 견적 및 제안서 | C15: : 견적 / 제안서 제출 | D15: =COUNTIF(INDIRECT("'일정(LH)'!B3:B"&$D$13),B15) -> 0 | F15: 견적 및 제안서 | G15: =COUNTIF(INDIRECT("'일정(LH외 공사)'!B3:B"&$G$13),F15) -> 1 | I15: 견적 및 제안서 | J15: =COUNTIF(INDIRECT("'일정(원가 등)'!B4:B"&$J$13),I15) -> 0 | L15: 누계(2026년) | M15: ='혁신바우처 사업 진행현황'!D11 -> 160
B16: Ⅰ-1 | C16: : 1차 체크 | D16: =COUNTIF(INDIRECT("'일정(LH)'!B3:B"&$D$13),B16) -> 0 | F16: 진행 | G16: =COUNTIF(INDIRECT("'일정(LH외 공사)'!B3:B"&$G$13),F16) -> 4 | I16: 진행 | J16: =COUNTIF(INDIRECT("'일정(원가 등)'!B4:B"&$J$13),I16) -> 1 | L16: 미 착수 | M16: ='혁신바우처 사업 진행현황'!F11 -> 0
B17: Ⅰ-2 | C17: : 물량산출 내역작성 | D17: =COUNTIF(INDIRECT("'일정(LH)'!B3:B"&$D$13),B17) -> 0 | F17: 보고서 제출 | G17: =COUNTIF(INDIRECT("'일정(LH외 공사)'!B3:B"&$G$13),F17) -> 6 | I17: 보고서 제출 | J17: =COUNTIF(INDIRECT("'일정(원가 등)'!B4:B"&$J$13),I17) -> 3 | L17: 미 완료 | M17: ='혁신바우처 사업 진행현황'!F11 -> 0
B18: Ⅱ-1 | C18: : 2차 체크 내역비교 | D18: =COUNTIF(INDIRECT("'일정(LH)'!B3:B"&$D$13),B18) -> 1 | F18: 보고서 승인 | G18: =COUNTIF(INDIRECT("'일정(LH외 공사)'!B3:B"&$G$13),F18) -> 0 | I18: 보고서 승인 | J18: =COUNTIF(INDIRECT("'일정(원가 등)'!B4:B"&$J$13),I18) -> 0 | L18: 완료 | M18: ='혁신바우처 사업 진행현황'!H11 -> 75
B19: Ⅱ-2 | C19: : 보고서/기준표 작성 | D19: =COUNTIF(INDIRECT("'일정(LH)'!B3:B"&$D$13),B19) -> 8 | F19: 세금계산서 발행 | G19: =COUNTIF(INDIRECT("'일정(LH외 공사)'!B3:B"&$G$13),F19) -> 5 | I19: 세금계산서 발행 | J19: =COUNTIF(INDIRECT("'일정(원가 등)'!B4:B"&$J$13),I19) -> 1 | L19: 세금계산서 미발행 | M19: ='혁신바우처 사업 진행현황'!H11 -> 75
B20: 1차기성 | C20: : 1차기성 신청 | D20: =COUNTIF(INDIRECT("'일정(LH)'!B3:B"&$D$13),B20) -> 0 | F20: 입금 완료 | G20: =COUNTIF(INDIRECT("'일정(LH외 공사)'!B3:B"&$G$13),F20) -> 6 | I20: 입금 완료 | J20: =COUNTIF(INDIRECT("'일정(원가 등)'!B4:B"&$J$13),I20) -> 2
B21: 1차기성 완료 | C21: : 1차기성 입금완료 | D21: =COUNTIF(INDIRECT("'일정(LH)'!B3:B"&$D$13),B21) -> 9 | F21: 합계 | G21: =SUM(G15:G20) -> 22 | I21: 합계 | J21: =SUM(J15:J20) -> 7
B22: Ⅲ-1 | C22: : 기준표 검토 | D22: =COUNTIF(INDIRECT("'일정(LH)'!B3:B"&$D$13),B22) -> 0
B23: Ⅲ-2 | C23: : 공정표 검토 | D23: =COUNTIF(INDIRECT("'일정(LH)'!B3:B"&$D$13),B23) -> 0 | F23: 스마트공장 진행현황 | I23: 납품대금연동제 현황 | L23: 안전동행지원 사업
B24: 2차기성 | C24: : 2차기성 신청 | D24: =COUNTIF(INDIRECT("'일정(LH)'!B3:B"&$D$13),B24) -> 0 | F24: 진행 현황 | G24: 건수 | I24: 진행 현황 | J24: 건수 | L24: 진행 현황 | M24: 건수
B25: Ⅳ-1 | C25: : 설계변경 | D25: =COUNTIF(INDIRECT("'일정(LH)'!B3:B"&$D$13),B25) -> 0 | F25: 누계(2026년) | G25: ='스마트공장 진행현황'!J48 -> 116 | I25: 누계(2026년) | J25: 3 | L25: 누계(2026년) | M25: 0
B26: Ⅳ-2 | C26: : E.S | D26: =COUNTIF(INDIRECT("'일정(LH)'!B3:B"&$D$13),B26) -> 0 | F26: 진행중 | G26: ='스마트공장 진행현황'!K48 -> 41 | I26: 진행중 | J26: 3 | L26: 진행중 | M26: 0
B27: Ⅴ-1 | C27: : 원가검증 | D27: =COUNTIF(INDIRECT("'일정(LH)'!B3:B"&$D$13),B27) -> 0 | F27: 보고서 제출 | G27: ='스마트공장 진행현황'!M48 -> 75 | I27: 보고서 제출 | J27: 0 | L27: 보고서 제출 | M27: 0
B28: 3차기성 | C28: : 3차기성 신청 | D28: =COUNTIF(INDIRECT("'일정(LH)'!B3:B"&$D$13),B28) -> 0 | F28: 세금계산서 발행 | G28: ='스마트공장 진행현황'!O48 -> 0 | I28: 세금계산서 발행 | J28: 0 | L28: 세금계산서 발행 | M28: 0
B29: 입금 완료 | C29: : 프로젝트 완료 | D29: =COUNTIF(INDIRECT("'일정(LH)'!B3:B"&$D$13),B29) -> 0
B30: 합계 | D30: =SUM(D15:D29) -> 18

Sheet 보고서 검토일지(26년)
B1: 762 | C1: 일자 | D1: 담당 | E1: 코드 (세부분류) | F1: 업무분류 (과업명 기준) | G1: 발주처 | H1: 과업명 (견적서 및 계약서 과업명 그대로 작성) | I1: 구분 | J1: 검토완료 희망시간 | K1: 검토사항(수정,보완 등) 오류 등급 : 상 - (중대오류 -계산 오류, 항목오류, 누락 등) - 재검토 중 - (오타, 단순 오기등)- 수정필수 하 - 상세내역서, 업체견적서 등 오타 ,오기 - 수정권고 | L1: 검토 시간 | M1: 요청담당자 검토사항 반영 확인 | N1: 견적서, 수주, 입금진행현황 시트로 이동
B2: 767
B3: 766
B4: 765
B5: 764
B6: 763
B7: 762 | C7: 46189 | D7: 하은정 | E7: CB-211 | F7: 공사-공사원가 | G7: 한국에너지공단 | H7: 2026년 산업계 에너지관리시스템(EMS) 보급 지원사업 원가계산 | I7: 최종보고서 | J7: 46189.583 | K7: 상 : '제시되 제반자료를' → '제시된 제반자료를'. 'ThinkSytem' → 'ThinkSystem' <표 2-8> '일반관리 비율표' 비고란 수치 누락 | L7: 0.5 | M7: 0 | N7: {=LET(행번호, MATCH(1, INDEX(('수주 및 입금 진행현황'!$F:$F=G7) * ('수주 및 입금 진행현황'!$G:$G=H7) * ('수주 및 입금 진행현황'!$F:$F<>""), 0), 0), IF(ISNUMBER(행번호), HYPERLINK("#gid=" & "1759022251" & "&range=A" & 행번호, "이동"), "X"))} -> X
B8: 761 | C8: 46189 | D8: 장연주 | E8: CC-311 | F8: 학술용역-연구 | G8: 소상공인시장진흥공단 | H8: 2026년 소상공인 재기지원사업 성과분석 용역 원가계산 | I8: 완료계 | J8: 46189.417 | K8: 완료계, 공문 검토 → 첨부서류 확인, 문제 없음 | L8: 0.2 | M8: 0 | N8: 이동
B9: 760 | C9: 46189 | D9: 장연주 | E9: CC-311 | F9: 학술용역-연구 | G9: 소상공인시장진흥공단 | H9: 2026년 소상공인 재기지원사업 성과분석 용역 원가계산 | I9: 최종보고서 | J9: 46189.417 | K9: 상 : 총괄표에 <부가세> 누락 → 확인요 | L9: 0.5 | M9: 0 | N9: 이동
B10: 759 | C10: 46188 | D10: 장연주 | E10: CC-311 | F10: 학술용역-연구 | G10: 한국산업기술진흥원 | H10: 산업기술기반구축 관리 및 활용도 제고 연구용역 원가계산 | I10: 완료계 | J10: 46188.479 | K10: 완료계, 공문 검토 → 첨부서류 확인, 문제 없음 | L10: 0.2 | M10: 0 | N10: 이동
B11: 758 | C11: 46188 | D11: 장연주 | E11: CC-311 | F11: 학술용역-연구 | G11: 한국산업기술진흥원 | H11: 산업기술기반구축 관리 및 활용도 제고 연구용역 원가계산 | I11: 최종보고서 | J11: 46188.479 | K11: 최종보고서 검토 → 문제 없음 | L11: 0.5 | M11: 0 | N11: 이동
B12: 757 | C12: 46188 | D12: 장연주 | E12: CC-311 | F12: 학술용역-연구 | G12: 한국산업기술진흥원 | H12: 산업기술기반구축 관리 및 활용도 제고 연구용역 원가계산 | I12: 청구서 | J12: 46188.479 | K12: 청구서, 공문 검토 → 수신인 확인 ~원, ~원장 | L12: 0.2 | M12: 0 | N12: 이동
B13: 756 | C13: 46188 | D13: 하은정 | E13: CB-211 | F13: 공사-공사원가 | G13: 한국에너지공단 | H13: 2026년 산업계 에너지관리시스템(EMS) 보급 지원사업 원가계산 | I13: 최종보고서 | J13: 46188.042 | K13: 상 : <표3-1> 비고란 : 경비 <표 3-2> → <표 3-4> 일반관리비 <표 3-2> → <표 3-9> 이윤 <표 2-19> → <표 3-11> 하 : 인건비 집계표의 구분란에 "#REF!" → 수정요 "에너경영 절차서 작성" → "에너지경영" | L13: 0.5
B14: 755 | C14: 46188 | D14: 장연주 | E14: CC-321 | F14: 학술용역-행사, 운영(대행) | G14: 한국산업기술기획평가원 | H14: 2026 코리아테크페스티벌(가칭) 종합운영·홍보 및 전시설치 용역 원가계산 | I14: 완료계 | J14: 2026. 06.15 11:00 | K14: 완료계, 공문 검토 → 첨부서류 확인, 문제 없음 | L14: 0.2 | M14: 0 | N14: 이동
B15: 754 | C15: 46188 | D15: 장연주 | E15: CC-321 | F15: 학술용역-행사, 운영(대행) | G15: 한국산업기술기획평가원 | H15: 2026 코리아테크페스티벌(가칭) 종합운영·홍보 및 전시설치 용역 원가계산 | I15: 최종보고서 | J15: 2026. 06.15 11:00 | K15: 하: '캐치프라이즈' -> '캐치프레이즈(Catchphrase)' | L15: 0.5 | M15: 0 | N15: 이동
B16: 753 | C16: 46188 | D16: 장연주 | E16: CC-321 | F16: 학술용역-행사, 운영(대행) | G16: 한국산업기술기획평가원 | H16: 2026 코리아테크페스티벌(가칭) 종합운영·홍보 및 전시설치 용역 원가계산 | I16: 청구서 | J16: 2026. 06.15 11:00 | K16: 청구서, 공문 검토 → 첨부서류 확인, 문제 없음 | L16: 0.2 | M16: 0 | N16: 이동
B17: 752 | C17: 46184 | D17: 장연주 | E17: CC-341 | F17: 일반용역-S/W | G17: 한국방사선진흥협회 | H17: RATIS AI 도입을 위한 DB 정비 및 AI 챗봇 서비스 개발(시범운영) 원가계산 | I17: 완료계 | J17: 2026. 06.11 17:30 | K17: 완료계, 공문 검토 → 첨부서류 확인, 문제 없음 | L17: 0.25 | M17: 0 | N17: 이동
B18: 751 | C18: 46184 | D18: 장연주 | E18: CC-341 | F18: 일반용역-S/W | G18: 한국방사선진흥협회 | H18: RATIS AI 도입을 위한 DB 정비 및 AI 챗봇 서비스 개발(시범운영) 원가계산 | I18: 청구서 | J18: 2026. 06.11 17:30 | K18: 청구서, 공문 검토 → 첨부서류 확인, 문제 없음 | L18: 0.25 | M18: 0 | N18: 이동
B19: 750 | C19: 46184 | D19: 장연주 | E19: CC-341 | F19: 일반용역-S/W | G19: 한국방사선진흥협회 | H19: RATIS AI 도입을 위한 DB 정비 및 AI 챗봇 서비스 개발(시범운영) 원가계산 | I19: 최종보고서 | J19: 2026. 06.11 17:30 | K19: 상 : 'Ⅳ. 원가계산서'에서는 제경비를 <표 6>, 기술료를 <표 7>, 직접경비를 <표 10>으로 참조 <표 8>과 <표 9>가 완전히 누락 <표 3> 투입공수 산출표를 보면 'UI/UX기획/개발자'의 공수(M/M) 소계는 정확히 1.000이며 4개 직무(IT PM, 데이터분석가, 응용SW개발자, UI/UX기획/개발자)의 전체 합계가 2.000 → 확인요 하 : <표 5> 직무체계 및 정의 중 3번 '업무분석가'의 직무 정의 란에 "업무 요구사항을 도출하고 분석1)하여 → 1) 삭제 | L19: 0.5 | M19: 0 | N19: 이동
B20: 749 | C20: 46184 | D20: 최재운 | E20: CB-202 | F20: 공사-공사원가 | G20: LH경기남부지역본부 | H20: 세류동 1155-4 오피스텔 신축공사 | I20: 중간보고서 | J20: 2026. 06. 11. 12:00 | K20: 상 : p11 관련 근거 부분에 "기회재정부" → "기획재정부" p17 원가계산서 간접노무비 표에서 원가계산기관(B)의 금액 "10,30" → "1,030". p28 강관동바리 검토내용 중 "2026녀 품셈을 기준으로" → "2026년 품셈" p38 타일공사 검토내용에서 "적용하였으고,원가증기관 산정내역의..." → "적용하였고, 원가계산기관(또는 검증기관) 산정내역의..." p41 알루미늄폼 검토의견 중 "원가기간 알루미늄폼 자재비는" → "원가기관" p47 판넬히팅 검토의견에 "시멘트 비용이 포함외어 있고" → "포함되어" p70 공종별 직접공사비 목차 번호 (5) 통신, (5) 소방 → (6) 통신, (7) 소방 p74 (소방공사 직접공사비 종합의견) 보고서에는 "LH기준에 의해 기계소방공사는 사업자의 산정금액이 원가기관의 산정금액보다 적어 --." 수치표를 보면 전기소방공사가 사업자(329백만) < 원가기관(576백만) "기계소방공사" → "전기소방공사" | L20: 0.7
B21: 748 | C21: 46183 | D21: 장연주 | E21: CC-321 | F21: 학술용역-행사, 운영(대행) | G21: 창업진흥원 | H21: 몽골 스타트업 지원인력 초청연수 위탁용역 원가계산 | I21: 완료계 | J21: 46183.688 | K21: 완료계, 공문 검토 → 첨부서류 확인, 문제 없음 | L21: 0.25 | M21: 0 | N21: 이동
B22: 747 | C22: 46183 | D22: 장연주 | E22: CC-321 | F22: 학술용역-행사, 운영(대행) | G22: 창업진흥원 | H22: 몽골 스타트업 지원인력 초청연수 위탁용역 원가계산 | I22: 청구서 | J22: 46183.688 | K22: 청구서, 공문 검토 → 첨부서류 확인, 문제 없음 | L22: 0.25 | M22: 0 | N22: 이동
B23: 746 | C23: 46183 | D23: 장연주 | E23: CC-341 | F23: 일반용역-S/W | G23: 대한상공회의소 | H23: 2024년도 부처협업형(방산) 스마트공장 구축 지원사업 원가계산 | I23: 청구서 | J23: 46183.625 | K23: 청구서, 공문 검토 → 첨부서류 확인, 문제 없음 | L23: 0.25 | M23: 0 | N23: {=LET(행번호, MATCH(1, INDEX(('수주 및 입금 진행현황'!$F:$F=G23) * ('수주 및 입금 진행현황'!$G:$G=H23) * ('수주 및 입금 진행현황'!$F:$F<>""), 0), 0), IF(ISNUMBER(행번호), HYPERLINK("#gid=" & "1759022251" & "&range=A" & 행번호, "이동"), "X"))} -> X
B24: 745 | C24: 46183 | D24: 장연주 | E24: CC-341 | F24: 일반용역-S/W | G24: 대한상공회의소 | H24: 2025년 부처협업형 스마트공장 (방위산업) 스마트공장 구축 지원사업 원가계산 | I24: 청구서 | J24: 46183.625 | K24: 청구서, 공문 검토 → 첨부서류 확인, 문제 없음 | L24: 0.25 | M24: 0 | N24: {=LET(행번호, MATCH(1, INDEX(('수주 및 입금 진행현황'!$F:$F=G24) * ('수주 및 입금 진행현황'!$G:$G=H24) * ('수주 및 입금 진행현황'!$F:$F<>""), 0), 0), IF(ISNUMBER(행번호), HYPERLINK("#gid=" & "1759022251" & "&range=A" & 행번호, "이동"), "X"))} -> X
B25: 744 | C25: 46183 | D25: 장연주 | E25: CC-311 | F25: 학술용역-연구 | G25: 한국산업기술진흥원 | H25: 2026년 기후에너지환경부 ODA 종료평가 용역 원가계산 | I25: 완료계 | J25: 46183.604 | K25: 완료계, 공문 검토 → 첨부서류 확인, 문제 없음 | L25: 0.25 | M25: 0 | N25: 이동
B26: 743 | C26: 46183 | D26: 장연주 | E26: CC-311 | F26: 학술용역-연구 | G26: 한국산업기술진흥원 | H26: 2026년 기후에너지환경부 ODA 종료평가 용역 원가계산 | I26: 최종보고서 | J26: 46183.604 | K26: 상 : 'Ⅱ. 원가계산의 개요' "2026년 기후에너지환경부 ODA 종료평가" 'Ⅳ. 용역원가계산서' 상단표의 건명 "2025년 산업 및 에너지협력개발지원(ODA) 자체성과 평가" → 확인요 | L26: 0.5 | M26: 0 | N26: 이동
B27: 742 | C27: 46183 | D27: 장연주 | E27: CC-321 | F27: 학술용역-행사, 운영(대행) | G27: 소상공인시장진흥공단 | H27: 2026년 디지털닥터 교육과정 개선 및 운영대행 용역 원가계산 | I27: 최종보고서 | J27: 46183.604 | K27: 최종보고서 검토 → 문제 없음 | L27: 0.5 | M27: 0 | N27: 이동
B28: 741 | C28: 46183 | D28: 하은정 | E28: CB-211 | F28: 공사-공사원가 | G28: (주)재원테크 | H28: 산업용 리프트 제작설치공사 | I28: 최종보고서 | J28: 46183.5 | K28: 하 : '낙하벨브': <표 2> 공사내역서, <표 5> 단가대비표 → '밸브' '압력벨브': <표 2> 공사내역서, <표 5> 단가대비표 → '밸브' '유압류' → 유'압유' | L28: 0.5 | N28: {=LET(행번호, MATCH(1, INDEX(('수주 및 입금 진행현황'!$F:$F=G28) * ('수주 및 입금 진행현황'!$G:$G=H28) * ('수주 및 입금 진행현황'!$F:$F<>""), 0), 0), IF(ISNUMBER(행번호), HYPERLINK("#gid=" & "1759022251" & "&range=A" & 행번호, "이동"), "X"))} -> X
B29: 740 | C29: 46183 | D29: 하은정 | E29: CB-211 | F29: 공사-공사원가 | G29: (주)신양플레이팅 | H29: 2026년 화학안전 사업장 조성 지원사업 | I29: 최종보고서 | J29: 46183.5 | K29: 최종보고서 검토 → 문제 없음 | L29: 0.5 | N29: {=LET(행번호, MATCH(1, INDEX(('수주 및 입금 진행현황'!$F:$F=G29) * ('수주 및 입금 진행현황'!$G:$G=H29) * ('수주 및 입금 진행현황'!$F:$F<>""), 0), 0), IF(ISNUMBER(행번호), HYPERLINK("#gid=" & "1759022251" & "&range=A" & 행번호, "이동"), "X"))} -> X
B30: 739 | C30: 46183 | D30: 이길훈 | E30: CB-252 | F30: 공사-기부채납 | G30: 엔에이디벨롭먼트 | H30: 동작 보라매역 프리센트 기부채납 설치비용 검증용역 | I30: 중간보고서 | J30: 46183.438 | K30: 상 : 총괄집계표의 21번 부대비용 항목 명칭 "건축물에너지 효육등급 예비인증 수수료" → "---효율등급---" 단위 누락: 공공임대오피스 면적을 구분하는 항목 "② 공공임대오피스 전용면적 : 502.802 (64.18%) → 단위 'm2(㎡)' 추가 "기부채납 시설 연면적(전용면적+전용외 면적) : 1,357.117m2" 실제 하단의 전용면적(796.023m2)+ 전용외 면적(557.094m2)=1,353.117m2 → 확인요 | L30: 0.5 | M30: 0 | N30: {=LET(행번호, MATCH(1, INDEX(('수주 및 입금 진행현황'!$F:$F=G30) * ('수주 및 입금 진행현황'!$G:$G=H30) * ('수주 및 입금 진행현황'!$F:$F<>""), 0), 0), IF(ISNUMBER(행번호), HYPERLINK("#gid=" & "1759022251" & "&range=A" & 행번호, "이동"), "X"))} -> X
B31: 738 | C31: 46181 | D31: 장연주 | E31: CC-321 | F31: 학술용역-행사, 운영(대행) | G31: 인천창조경제혁신센터 | H31: 모두의 창업 프로젝트 출범식 및 오리엔테이션 운영 용역 원가계산 | I31: 최종보고서 | J31: 46181.688 | K31: 최종보고서 검토 → 문제 없음 | L31: 0.5 | M31: 0 | N31: 이동
B32: 737 | C32: 46181 | D32: 장연주 | E32: CC-321 | F32: 학술용역-행사, 운영(대행) | G32: 인천창조경제혁신센터 | H32: 모두의 창업 프로젝트 출범식 및 오리엔테이션 운영 용역 원가계산 | I32: 청구서 | J32: 46181.688 | K32: 청구서, 공문 검토 → 첨부서류 확인, 문제 없음 | L32: 0.25 | M32: 0 | N32: 이동
B33: 736 | C33: 46181 | D33: 이길훈 | E33: CB-251 | F33: 공사-기부채납 | G33: 해조건설 | H33: 안양시 평촌 C10-3 공공기여시설 기부채납 공사비 산정용역 | I33: 중간보고서 | J33: 46181.708 | K33: 최종보고서 검토 → 문제 없음 | L33: 0.5 | N33: {=LET(행번호, MATCH(1, INDEX(('수주 및 입금 진행현황'!$F:$F=G33) * ('수주 및 입금 진행현황'!$G:$G=H33) * ('수주 및 입금 진행현황'!$F:$F<>""), 0), 0), IF(ISNUMBER(행번호), HYPERLINK("#gid=" & "1759022251" & "&range=A" & 행번호, "이동"), "X"))} -> X
B34: 735 | C34: 46181 | D34: 하은정 | E34: CB-211 | F34: 공사-공사원가 | G34: 법원행정처 | H34: 서울회생법원 청사 이전에 따른 전산망 구축을 위한 네트워크 공사 원가계산 | I34: 최종보고서 | J34: 46181.479 | K34: 상 : <표 5> 단가대비표에서는 '통신내선공'의 일 노임단가를 284,880원 → <표 4> 일위대가표의 '15. OUTLET(AMP)' 항목 통신내선공의 노임단가 450,000원 확인요 | L34: 0.5 | N34: {=LET(행번호, MATCH(1, INDEX(('수주 및 입금 진행현황'!$F:$F=G34) * ('수주 및 입금 진행현황'!$G:$G=H34) * ('수주 및 입금 진행현황'!$F:$F<>""), 0), 0), IF(ISNUMBER(행번호), HYPERLINK("#gid=" & "1759022251" & "&range=A" & 행번호, "이동"), "X"))} -> X
B35: 734 | C35: 46181 | D35: 장연주 | E35: CC-321 | F35: 학술용역-행사, 운영(대행) | G35: 소상공인시장진흥공단 | H35: 소상공인 보건관리 위탁 용역 원가계산 | I35: 최종보고서 | J35: 46181.458 | K35: 상 : "Ⅰ. 원가계산의 결과" → "Ⅰ. 원가계산 결과" <표 5> 재료비 산출표에서 세부 항목명 '구 금 함' → '구급함' 'Ⅲ. 원가요소별 계산기준' 이윤 산출 시 "인건비, 경비 및 일반관리비 합계액"의 10% 'Ⅴ. 산출내역'의 <표 8> 이윤 산출표 하단 주석(주2)에는 '<표 4> 경비 집계표 참조, 재료비 제외' → 경비와 재료비 분리 확인요 | L35: 0.5 | M35: 0 | N35: 이동
B36: 733 | C36: 46181 | D36: 하은정 | E36: CB-211 | F36: 공사-공사원가 | G36: (주)대웅케미칼 | H36: 대웅케미칼 탱크 설비 원가계산 | I36: 최종보고서 | J36: 46181.417 | K36: 상 : '이윤 산출표'가 <표 19> '이윤 비율표'가 <표 120> → <표 20> 수정요 IV. 공사원가계산서 노무비 항목 '건접노무비' → '간접노무비' <표 16> 하단 (주4) 각주에 '총공사금액 2천만원 이상 건설공사에만 적용하므로 본 보고서에서는 제외함' → 확인요 하 : <표 2> 공사내역서 자재비 항목 'INSULATIN ANGLE' → 'INSULATION ANGLE' | L36: 0.5 | N36: {=LET(행번호, MATCH(1, INDEX(('수주 및 입금 진행현황'!$F:$F=G36) * ('수주 및 입금 진행현황'!$G:$G=H36) * ('수주 및 입금 진행현황'!$F:$F<>""), 0), 0), IF(ISNUMBER(행번호), HYPERLINK("#gid=" & "1759022251" & "&range=A" & 행번호, "이동"), "X"))} -> X
B37: 732 | C37: 46178 | D37: 장연주 | E37: CC-311 | F37: 학술용역-연구 | G37: 한국산업기술기획평가원 | H37: KEIT(한국산업기술기획평가원) R&D지원 효과 종합분석 용역 원가계산 | I37: 완료계 | J37: 46178.667 | K37: 완료계, 공문 검토 → 첨부서류 확인, 문제 없음 | L37: 0.2 | M37: 0 | N37: 이동
B38: 731 | C38: 46178 | D38: 장연주 | E38: CC-311 | F38: 학술용역-연구 | G38: 한국산업기술기획평가원 | H38: KEIT(한국산업기술기획평가원) R&D지원 효과 종합분석 용역 원가계산 | I38: 최종보고서 | J38: 46178.667 | K38: 최종보고서 검토 → 문제 없음 | L38: 0.4 | M38: 0 | N38: 이동
B39: 730 | C39: 46178 | D39: 장연주 | E39: CC-311 | F39: 학술용역-연구 | G39: 한국산업기술기획평가원 | H39: KEIT(한국산업기술기획평가원) R&D지원 효과 종합분석 용역 원가계산 | I39: 청구서 | J39: 46178.667 | K39: 청구서, 공문 검토 → 첨부서류 확인, 문제 없음 | L39: 0.2 | M39: 0 | N39: 이동
B40: 729 | C40: 46178 | D40: 최재운 | E40: CB-202 | F40: 공사-공사원가 | G40: LH경기남부지역본부 | H40: 세교동 591-2 오피스텔 신축공사 | I40: 최종보고서 | J40: 2026. 06. 05. 16:00 | K40: 최종보고서 검토 → 문제 없음 | L40: 0.4 | M40: 0 | N40: {=LET(행번호, MATCH(1, INDEX(('수주 및 입금 진행현황'!$F:$F=G40) * ('수주 및 입금 진행현황'!$G:$G=H40) * ('수주 및 입금 진행현황'!$F:$F<>""), 0), 0), IF(ISNUMBER(행번호), HYPERLINK("#gid=" & "1759022251" & "&range=A" & 행번호, "이동"), "X"))} -> X
B41: 728 | C41: 46178 | D41: 장연주 | E41: CC-321 | F41: 학술용역-행사, 운영(대행) | G41: 한국산업기술진흥원 | H41: 첨단산업 인재혁신 촉진제도 홍보 용역 원가계산 | I41: 청구서 | J41: 46178.583 | K41: 청구서, 공문 검토 → 첨부서류 확인, 문제 없음 | L41: 0.2 | M41: 0 | N41: 이동
B42: 727 | C42: 46178 | D42: 장연주 | E42: CC-321 | F42: 학술용역-행사, 운영(대행) | G42: (재)장애인기업종합지원센터 | H42: 2026년 창업사업화 지원사업 수혜자 집행 내역 회계점검 원가계산 | I42: 완료계 | J42: 2026. 06 .05 12:00 | K42: 완료계, 공문 검토 → 첨부서류 확인, 문제 없음 | L42: 0.2 | M42: 0 | N42: 이동
B43: 726 | C43: 46178 | D43: 장연주 | E43: CC-321 | F43: 학술용역-행사, 운영(대행) | G43: (재)장애인기업종합지원센터 | H43: 2026년 창업사업화 지원사업 수혜자 집행 내역 회계점검 원가계산 | I43: 최종보고서 | J43: 2026. 06 .05 12:00 | K43: 청구서, 공문 검토 → 첨부서류 확인, 문제 없음 | L43: 0.4 | M43: 0 | N43: 이동
B44: 725 | C44: 46178 | D44: 장연주 | E44: CC-321 | F44: 학술용역-행사, 운영(대행) | G44: (재)장애인기업종합지원센터 | H44: 2026년 창업사업화 지원사업 수혜자 집행 내역 회계점검 원가계산 | I44: 청구서 | J44: 2026. 06 .05 12:00 | K44: 청구서, 공문 검토 → 첨부서류 확인, 문제 없음 | L44: 0.2 | M44: 0 | N44: 이동
B45: 724 | C45: 46178 | D45: 하은정 | E45: CA-111 | F45: 제조-제조(제작설치포함) | G45: 기흥산업 | H45: CNC 와이어 밴딩기 원가계산 | I45: 최종보고서 | J45: 46178.479 | K45: 상 : <표 4> 기타소모재료비율 산출표 내 산출내역 칸에 "표준품셈의 의거" → "표준품셈에 의거" 하 : "SS45C."기계구조용 탄소강의 올바른 규격명인 "S45C" → 확인요 | L45: 0.4 | N45: {=LET(행번호, MATCH(1, INDEX(('수주 및 입금 진행현황'!$F:$F=G45) * ('수주 및 입금 진행현황'!$G:$G=H45) * ('수주 및 입금 진행현황'!$F:$F<>""), 0), 0), IF(ISNUMBER(행번호), HYPERLINK("#gid=" & "1759022251" & "&range=A" & 행번호, "이동"), "X"))} -> X
B46: 723 | C46: 46178 | D46: 하은정 | E46: CB-211 | F46: 공사-공사원가 | G46: (주)신신프락콘 | H46: 산업용 리프트 보수공사 원가계산 | I46: 최종보고서 | J46: 46178.479 | K46: 하 : 'Cartridge filte'→ 'filter' 'Steel plete' → 'plate' 'Buner' → 'Burner' | L46: 0.4 | N46: {=LET(행번호, MATCH(1, INDEX(('수주 및 입금 진행현황'!$F:$F=G46) * ('수주 및 입금 진행현황'!$G:$G=H46) * ('수주 및 입금 진행현황'!$F:$F<>""), 0), 0), IF(ISNUMBER(행번호), HYPERLINK("#gid=" & "1759022251" & "&range=A" & 행번호, "이동"), "X"))} -> X
B47: 722 | C47: 46178 | D47: 하은정 | E47: CB-211 | F47: 공사-공사원가 | G47: (주)올리브아이앤씨 | H47: 물류자동화 제작·설치 공사 원가계산 | I47: 최종보고서 | J47: 46178.479 | K47: 최종보고서 검토 → 문제 없음 | L47: 0.4 | N47: {=LET(행번호, MATCH(1, INDEX(('수주 및 입금 진행현황'!$F:$F=G47) * ('수주 및 입금 진행현황'!$G:$G=H47) * ('수주 및 입금 진행현황'!$F:$F<>""), 0), 0), IF(ISNUMBER(행번호), HYPERLINK("#gid=" & "1759022251" & "&range=A" & 행번호, "이동"), "X"))} -> X
B48: 721 | C48: 46178 | D48: 하은정 | E48: CB-211 | F48: 공사-공사원가 | G48: (주)더존시스템 | H48: 산업용 리프트 제작설치공사 원가계산 | I48: 최종보고서 | J48: 46178.479 | K48: 하 : 유압류 -> 유압유(油) 낙하벨브, 압력벨브 -> 낙하밸브, 압력밸브 프렛트홈 -> 플랫폼(Platform) | L48: 0.4 | N48: {=LET(행번호, MATCH(1, INDEX(('수주 및 입금 진행현황'!$F:$F=G48) * ('수주 및 입금 진행현황'!$G:$G=H48) * ('수주 및 입금 진행현황'!$F:$F<>""), 0), 0), IF(ISNUMBER(행번호), HYPERLINK("#gid=" & "1759022251" & "&range=A" & 행번호, "이동"), "X"))} -> X
B49: 720 | C49: 46178 | D49: 장연주 | E49: CB-211 | F49: 공사-공사원가 | G49: 한국발명진흥회 | H49: 한국지식재산센터 승강기 3호기 메인로프 및 콤펜로프 교체 공사 원가계산 | I49: 청구서 | J49: 46178.458 | K49: 청구서, 공문 검토 → 첨부서류 확인, 문제 없음 | L49: 0.2 | M49: 0 | N49: {=LET(행번호, MATCH(1, INDEX(('수주 및 입금 진행현황'!$F:$F=G49) * ('수주 및 입금 진행현황'!$G:$G=H49) * ('수주 및 입금 진행현황'!$F:$F<>""), 0), 0), IF(ISNUMBER(행번호), HYPERLINK("#gid=" & "1759022251" & "&range=A" & 행번호, "이동"), "X"))} -> X
B50: 719 | C50: 46178 | D50: 장연주 | E50: CC-321 | F50: 학술용역-행사, 운영(대행) | G50: 한국발명진흥회 | H50: 2026년 탄소중립분야 아이디어 거래·사업화 IP제품화패키지 원가계산 | I50: 청구서 | J50: 46178.458 | K50: 청구서, 공문 검토 → 첨부서류 확인, 문제 없음 | L50: 0.2 | M50: 0 | N50: {=LET(행번호, MATCH(1, INDEX(('수주 및 입금 진행현황'!$F:$F=G50) * ('수주 및 입금 진행현황'!$G:$G=H50) * ('수주 및 입금 진행현황'!$F:$F<>""), 0), 0), IF(ISNUMBER(행번호), HYPERLINK("#gid=" & "1759022251" & "&range=A" & 행번호, "이동"), "X"))} -> X
B51: 718 | C51: 46178 | D51: 장연주 | E51: CC-321 | F51: 학술용역-행사, 운영(대행) | G51: 한국발명진흥회 | H51: 2026년 캄보디아 발명교육 프로그램 및 발명교육센터 운영가이드 개발 용역 원가계산 | I51: 청구서 | J51: 46178.458 | K51: 청구서, 공문 검토 → 첨부서류 확인, 문제 없음 | L51: 0.2 | M51: 0 | N51: 이동
B52: 717 | C52: 46178 | D52: 장연주 | E52: CC-321 | F52: 학술용역-행사, 운영(대행) | G52: 한국발명진흥회 | H52: 2026년「모두의 아이디어」아이디어 고도화(정책 분야) 수행 용역 원가계산 | I52: 청구서 | J52: 46178.458 | K52: 청구서, 공문 검토 → 첨부서류 확인, 문제 없음 | L52: 0.2 | M52: 0 | N52: {=LET(행번호, MATCH(1, INDEX(('수주 및 입금 진행현황'!$F:$F=G52) * ('수주 및 입금 진행현황'!$G:$G=H52) * ('수주 및 입금 진행현황'!$F:$F<>""), 0), 0), IF(ISNUMBER(행번호), HYPERLINK("#gid=" & "1759022251" & "&range=A" & 행번호, "이동"), "X"))} -> X
B53: 716 | C53: 46178 | D53: 장연주 | E53: CC-341 | F53: 일반용역-S/W | G53: 한국발명진흥회 | H53: 2026년 지식재산 평가 지원사업 통합 관리 기능 유지관리 원가계산 | I53: 청구서 | J53: 46178.458 | K53: 청구서, 공문 검토 → 첨부서류 확인, 문제 없음 | L53: 0.2 | M53: 0 | N53: {=LET(행번호, MATCH(1, INDEX(('수주 및 입금 진행현황'!$F:$F=G53) * ('수주 및 입금 진행현황'!$G:$G=H53) * ('수주 및 입금 진행현황'!$F:$F<>""), 0), 0), IF(ISNUMBER(행번호), HYPERLINK("#gid=" & "1759022251" & "&range=A" & 행번호, "이동"), "X"))} -> X
B54: 715 | C54: 46178 | D54: 장연주 | E54: CC-321 | F54: 학술용역-행사, 운영(대행) | G54: 한국발명진흥회 | H54: 2026 지식재산 거래 네트워크(IP-LINK) 행사 운영 용역 원가계산 | I54: 청구서 | J54: 46178.458 | K54: 청구서, 공문 검토 → 첨부서류 확인, 문제 없음 | L54: 0.2 | M54: 0 | N54: 이동
B55: 714 | C55: 46178 | D55: 장연주 | E55: CC-321 | F55: 학술용역-행사, 운영(대행) | G55: 한국발명진흥회 | H55: 제39회 대한민국학생발명전시회(이하 학생전) 선행기술조사 원가계산 | I55: 청구서 | J55: 46178.458 | K55: 청구서, 공문 검토 → 첨부서류 확인, 문제 없음 | L55: 0.2 | M55: 0 | N55: {=LET(행번호, MATCH(1, INDEX(('수주 및 입금 진행현황'!$F:$F=G55) * ('수주 및 입금 진행현황'!$G:$G=H55) * ('수주 및 입금 진행현황'!$F:$F<>""), 0), 0), IF(ISNUMBER(행번호), HYPERLINK("#gid=" & "1759022251" & "&range=A" & 행번호, "이동"), "X"))} -> X
B56: 713 | C56: 46178 | D56: 장연주 | E56: CC-321 | F56: 학술용역-행사, 운영(대행) | G56: 한국발명진흥회 | H56: 2026 민관협력 IP전략지원 사업 CIPO 프로그램 운영 원가계산 | I56: 청구서 | J56: 46178.458 | K56: 청구서, 공문 검토 → 첨부서류 확인, 문제 없음 | L56: 0.2 | M56: 0 | N56: 이동
B57: 712 | C57: 46178 | D57: 장연주 | E57: CC-321 | F57: 학술용역-행사, 운영(대행) | G57: 한국의료기기안전정보원 | H57: MDSAP 평가자 양성 교육 운영 원가계산 | I57: 청구서 | J57: 46178.396 | K57: 청구서, 공문 검토 → 첨부서류 확인, 문제 없음 | L57: 0.2 | M57: 0 | N57: 이동
B58: 711 | C58: 46178 | D58: 김현진 | E58: CA-111 | F58: 제조-제조(제작설치포함) | G58: 한국산학연협회 | H58: (주)금호공업_제품별 형상별 맞춤형 워크아바 및 콜렛의 시제품 개발 | I58: 최종보고서 | J58: 2026, 06. 05 09:00 | K58: 노무비 : 노무 내용에 따른 적용 임률 확인 → 20MD 이하 확인 외주비 비율 50% 이하 확인→ OK 노무비 업체 제시금액과 노임 단가와 비교 확인 → OK 일반관리비, 이윤 적용 비율 확인 → 수치 부적합 재산출 | L58: 0.3
B59: 710 | C59: 46178 | D59: 김현진 | E59: CA-111 | F59: 제조-제조(제작설치포함) | G59: 한국산학연협회 | H59: (주)오토콘테크_열화상·재하 감지기 시제품 금형 제작 | I59: 최종보고서 | J59: 2026, 06. 05 09:00 | K59: 노무비 : 노무 내용에 따른 적용 임률 확인 → 20MD 이하 확인 외주비 비율 50% 이하 확인→ OK 노무비 업체 제시금액과 노임 단가와 비교 확인 → OK 일반관리비, 이윤 적용 비율 확인 → 8%, 25% OK | L59: 0.3
B60: 709 | C60: 46177 | D60: 김현진 | E60: CC-311 | F60: 학술용역-연구 | G60: 한국산학연협회 | H60: (주)셀코_야외(극한)환경 대응 대용량 전력공급장치 시제품 개발 | I60: 최종보고서 | J60: 2926, 06. 04 15:41 | K60: 노무비 : 노무 내용에 따른 적용 임률 확인 → 20MD 이하 확인 외주비 비율 50% 이하 확인→ OK 노무비 업체 제시금액과 노임 단가와 비교 확인 → OK 일반관리비, 이윤 적용 비율 확인 → 8%, 25% OK | L60: 0.3
B61: 708 | C61: 46177 | D61: 김현진 | E61: CA-111 | F61: 제조-제조(제작설치포함) | G61: 한국산학연협회 | H61: (주)프린스콜렉션_친환경 소재 적용 캡슐 프로토타임 시제품 제작 | I61: 최종보고서 | J61: 2926, 06. 04 15:41 | K61: 노무비 : 노무 내용에 따른 적용 임률 확인 → 20MD 초과 확인 → 예정공정표 첨부 확인 외주비 비율 50% 이하 확인→ OK 노무비 업체 제시금액과 노임 단가와 비교 확인 → OK 일반관리비, 이윤 적용 비율 확인 → 8%, 25% OK | L61: 0.3
B62: 707 | C62: 46177 | D62: 장연주 | E62: CC-341 | F62: 일반용역-S/W | G62: 한국발명진흥회 | H62: 2026년 지식재산 평가 지원사업 통합 관리 기능 유지관리 원가계산 | I62: 최종보고서 | J62: 2926, 06. 04 15:30 | K62: 상 : <표 3> '(주2) <표 4> 투입공수 산출표 참조' → (주1) <표 8> 기술료 산출표 하단 주석 (주4)에 '국인공지능·소프트웨어산업협회' → '한국인공지능·소프트웨어산업협회에서' <표 4> 투입공수 산출표에서 '정보시스템운용자'의 투입공수를 합산, 1.95 → 1번(1.05) + 2번(0.60) + 3번(0.30) + 4번(0.15) = 2.10 M/M | L62: 0.4 | N62: {=LET(행번호, MATCH(1, INDEX(('수주 및 입금 진행현황'!$F:$F=G62) * ('수주 및 입금 진행현황'!$G:$G=H62) * ('수주 및 입금 진행현황'!$F:$F<>""), 0), 0), IF(ISNUMBER(행번호), HYPERLINK("#gid=" & "1759022251" & "&range=A" & 행번호, "이동"), "X"))} -> X
B63: 706 | C63: 46177 | D63: 배다현 | E63: CB-211 | F63: 공사-공사원가 | G63: 한국화학연구원 | H63: 지하주차장 스프링클러 헤드 교체 공사 원가계산 | I63: 최종보고서 | J63: 46177.667 | K63: 상 : 원가계산의 전제 조건 '재수정되어야 합니다.' → '재수정되어야 할 것으로 사료된다.' | L63: 0.4 | M63: 0 | N63: {=LET(행번호, MATCH(1, INDEX(('수주 및 입금 진행현황'!$F:$F=G63) * ('수주 및 입금 진행현황'!$G:$G=H63) * ('수주 및 입금 진행현황'!$F:$F<>""), 0), 0), IF(ISNUMBER(행번호), HYPERLINK("#gid=" & "1759022251" & "&range=A" & 행번호, "이동"), "X"))} -> X
B64: 705 | C64: 46177 | D64: 장연주 | E64: CC-311 | F64: 학술용역-연구 | G64: 한국발명진흥회 | H64: 2026년 탄소중립분야 아이디어 거래·사업화 IP제품화패키지 원가계산(13과제) | I64: 최종보고서 | J64: 46177.625 | K64: 최종보고서 검토 → 문제 없음 | L64: 0.4 | M64: 0 | N64: {=LET(행번호, MATCH(1, INDEX(('수주 및 입금 진행현황'!$F:$F=G64) * ('수주 및 입금 진행현황'!$G:$G=H64) * ('수주 및 입금 진행현황'!$F:$F<>""), 0), 0), IF(ISNUMBER(행번호), HYPERLINK("#gid=" & "1759022251" & "&range=A" & 행번호, "이동"), "X"))} -> X
B65: 704 | C65: 46177 | D65: 장연주 | E65: CC-311 | F65: 학술용역-연구 | G65: 한국발명진흥회 | H65: 2026년 탄소중립분야 아이디어 거래·사업화 IP제품화패키지 원가계산(12과제) | I65: 최종보고서 | J65: 46177.625 | K65: 하 : 검증(기구설계·시작품 제작) 니즈 → 검증(기구설계·워킹목업 제작) 니즈 확인요 | L65: 0.4 | M65: 0 | N65: {=LET(행번호, MATCH(1, INDEX(('수주 및 입금 진행현황'!$F:$F=G65) * ('수주 및 입금 진행현황'!$G:$G=H65) * ('수주 및 입금 진행현황'!$F:$F<>""), 0), 0), IF(ISNUMBER(행번호), HYPERLINK("#gid=" & "1759022251" & "&range=A" & 행번호, "이동"), "X"))} -> X
B66: 703 | C66: 46177 | D66: 장연주 | E66: CC-311 | F66: 학술용역-연구 | G66: 한국발명진흥회 | H66: 2026년 탄소중립분야 아이디어 거래·사업화 IP제품화패키지 원가계산(11과제) | I66: 최종보고서 | J66: 46177.625 | K66: 하 :(인건비/소요공수 산출표) 'P전략 니즈' → 'IP전략 니즈 ' | L66: 0.4 | M66: 0 | N66: {=LET(행번호, MATCH(1, INDEX(('수주 및 입금 진행현황'!$F:$F=G66) * ('수주 및 입금 진행현황'!$G:$G=H66) * ('수주 및 입금 진행현황'!$F:$F<>""), 0), 0), IF(ISNUMBER(행번호), HYPERLINK("#gid=" & "1759022251" & "&range=A" & 행번호, "이동"), "X"))} -> X
B67: 702 | C67: 46177 | D67: 장연주 | E67: CC-311 | F67: 학술용역-연구 | G67: 한국발명진흥회 | H67: 2026년 탄소중립분야 아이디어 거래·사업화 IP제품화패키지 원가계산(10과제) | I67: 최종보고서 | J67: 46177.625 | K67: 최종보고서 검토 → 문제 없음 | L67: 0.4 | M67: 0 | N67: {=LET(행번호, MATCH(1, INDEX(('수주 및 입금 진행현황'!$F:$F=G67) * ('수주 및 입금 진행현황'!$G:$G=H67) * ('수주 및 입금 진행현황'!$F:$F<>""), 0), 0), IF(ISNUMBER(행번호), HYPERLINK("#gid=" & "1759022251" & "&range=A" & 행번호, "이동"), "X"))} -> X
B68: 701 | C68: 46177 | D68: 장연주 | E68: CC-311 | F68: 학술용역-연구 | G68: 한국발명진흥회 | H68: 2026년 탄소중립분야 아이디어 거래·사업화 IP제품화패키지 원가계산(9과제) | I68: 최종보고서 | J68: 46177.625 | K68: 최종보고서 검토 → 문제 없음 | L68: 0.4 | M68: 0 | N68: {=LET(행번호, MATCH(1, INDEX(('수주 및 입금 진행현황'!$F:$F=G68) * ('수주 및 입금 진행현황'!$G:$G=H68) * ('수주 및 입금 진행현황'!$F:$F<>""), 0), 0), IF(ISNUMBER(행번호), HYPERLINK("#gid=" & "1759022251" & "&range=A" & 행번호, "이동"), "X"))} -> X
B69: 700 | C69: 46177 | D69: 장연주 | E69: CC-311 | F69: 학술용역-연구 | G69: 한국발명진흥회 | H69: 2026년 탄소중립분야 아이디어 거래·사업화 IP제품화패키지 원가계산(8과제) | I69: 최종보고서 | J69: 46177.625 | K69: 최종보고서 검토 → 문제 없음 | L69: 0.4 | M69: 0 | N69: {=LET(행번호, MATCH(1, INDEX(('수주 및 입금 진행현황'!$F:$F=G69) * ('수주 및 입금 진행현황'!$G:$G=H69) * ('수주 및 입금 진행현황'!$F:$F<>""), 0), 0), IF(ISNUMBER(행번호), HYPERLINK("#gid=" & "1759022251" & "&range=A" & 행번호, "이동"), "X"))} -> X
B70: 699 | C70: 46177 | D70: 장연주 | E70: CC-311 | F70: 학술용역-연구 | G70: 한국발명진흥회 | H70: 2026년 탄소중립분야 아이디어 거래·사업화 IP제품화패키지 원가계산(7과제) | I70: 최종보고서 | J70: 46177.625 | K70: 상 : IV-7 용역원가계산서 내 경비 소계 비고란 및 일반관리비/이윤 산출표 주석에서 <표 3-6> → <표 7-6> | L70: 0.4 | M70: 0 | N70: {=LET(행번호, MATCH(1, INDEX(('수주 및 입금 진행현황'!$F:$F=G70) * ('수주 및 입금 진행현황'!$G:$G=H70) * ('수주 및 입금 진행현황'!$F:$F<>""), 0), 0), IF(ISNUMBER(행번호), HYPERLINK("#gid=" & "1759022251" & "&range=A" & 행번호, "이동"), "X"))} -> X
B71: 698 | C71: 46177 | D71: 장연주 | E71: CC-311 | F71: 학술용역-연구 | G71: 한국발명진흥회 | H71: 2026년 탄소중립분야 아이디어 거래·사업화 IP제품화패키지 원가계산(6과제) | I71: 최종보고서 | J71: 46177.625 | K71: 상: (여비 산출표) 비고란에 타 과제처럼 '제1호표', '제2호표' → '제1호' 확인요 총괄표(I. 원가계산 결과): 총사업비 100,035,000원 (국고 80,028,000원) 기재 내역서(IV-6 용역원가계산서): 총사업비 100,027,000원 (국고 80,022,000원) → 확인요 | L71: 0.4 | M71: 0 | N71: {=LET(행번호, MATCH(1, INDEX(('수주 및 입금 진행현황'!$F:$F=G71) * ('수주 및 입금 진행현황'!$G:$G=H71) * ('수주 및 입금 진행현황'!$F:$F<>""), 0), 0), IF(ISNUMBER(행번호), HYPERLINK("#gid=" & "1759022251" & "&range=A" & 행번호, "이동"), "X"))} -> X
B72: 697 | C72: 46177 | D72: 장연주 | E72: CC-311 | F72: 학술용역-연구 | G72: 한국발명진흥회 | H72: 2026년 탄소중립분야 아이디어 거래·사업화 IP제품화패키지 원가계산(5과제) | I72: 최종보고서 | J72: 46177.625 | K72: 상 : 총괄표(I. 원가계산 결과): 총사업비 100,021,000원 (국고 80,017,000원) 내역서(IV-5 용역원가계산서): 총사업비 100,033,000원 (국고 80,026,000원) 확인요 하 : "제연용 송풍기 고날녀 인증 기준(KFI)를 충족하는 기구설계" "고내열" 제1호표, 제2호표 → 제1호, 제2호 확인요 | L72: 0.4 | M72: 0 | N72: {=LET(행번호, MATCH(1, INDEX(('수주 및 입금 진행현황'!$F:$F=G72) * ('수주 및 입금 진행현황'!$G:$G=H72) * ('수주 및 입금 진행현황'!$F:$F<>""), 0), 0), IF(ISNUMBER(행번호), HYPERLINK("#gid=" & "1759022251" & "&range=A" & 행번호, "이동"), "X"))} -> X
B73: 696 | C73: 46177 | D73: 장연주 | E73: CC-311 | F73: 학술용역-연구 | G73: 한국발명진흥회 | H73: 2026년 탄소중립분야 아이디어 거래·사업화 IP제품화패키지 원가계산(4과제) | I73: 최종보고서 | J73: 46177.625 | K73: 최종보고서 검토 → 문제 없음 | L73: 0.4 | M73: 0 | N73: {=LET(행번호, MATCH(1, INDEX(('수주 및 입금 진행현황'!$F:$F=G73) * ('수주 및 입금 진행현황'!$G:$G=H73) * ('수주 및 입금 진행현황'!$F:$F<>""), 0), 0), IF(ISNUMBER(행번호), HYPERLINK("#gid=" & "1759022251" & "&range=A" & 행번호, "이동"), "X"))} -> X
B74: 695 | C74: 46177 | D74: 장연주 | E74: CC-311 | F74: 학술용역-연구 | G74: 한국발명진흥회 | H74: 2026년 탄소중립분야 아이디어 거래·사업화 IP제품화패키지 원가계산(3과제) | I74: 최종보고서 | J74: 46177.625 | K74: 하 : "방충성(배터리와 결한된 상태에서 낙하 등으로...)" → "결합된" "제양" -> "제약" (또는 제작) - "양산성(특수 소재 제양 등)을 고려한 기구설계" → "고내열"- | L74: 0.4 | M74: 0 | N74: {=LET(행번호, MATCH(1, INDEX(('수주 및 입금 진행현황'!$F:$F=G74) * ('수주 및 입금 진행현황'!$G:$G=H74) * ('수주 및 입금 진행현황'!$F:$F<>""), 0), 0), IF(ISNUMBER(행번호), HYPERLINK("#gid=" & "1759022251" & "&range=A" & 행번호, "이동"), "X"))} -> X
... B77: 692 | C77: 46177 | D77: 배다현 | E77: CB-222 | F77: 공사-물가변동 | G77: 인천국제공항공사 | H77: 2026년 자원회수시설 소모성약품 단가구매사업 물가변동 적정성 검토용역 | I77: 청구서 | J77: 46177.5 | K77: 청구서, 공문 검토 → 첨부서류 확인, 문제 없음 | L77: 0.25 | M77: 0 | N77: {=LET(행번호, MATCH(1, INDEX(('수주 및 입금 진행현황'!$F:$F=G77) * ('수주 및 입금 진행현황'!$G:$G=H77) * ('수주 및 입금 진행현황'!$F:$F<>""), 0), 0), IF(ISNUMBER(행번호), HYPERLINK("#gid=" & "1759022251" & "&range=A" & 행번호, "이동"), "X"))} -> X
B78: 691 | C78: 46175 | D78: 김나경 | E78: CB-251 | F78: 공사-기부채납 | G78: 엘와이디벨럽 | H78: 시흥동 103-3 청년안심주택 기부채납 공공시설 검증용역 | I78: 청구서 | J78: 46175.708 | K78: 청구서, 공문 검토 → 첨부서류 확인, 문제 없음 | L78: 0.25 | N78: {=LET(행번호, MATCH(1, INDEX(('수주 및 입금 진행현황'!$F:$F=G78) * ('수주 및 입금 진행현황'!$G:$G=H78) * ('수주 및 입금 진행현황'!$F:$F<>""), 0), 0), IF(ISNUMBER(행번호), HYPERLINK("#gid=" & "1759022251" & "&range=A" & 행번호, "이동"), "X"))} -> X
B79: 690 | C79: 46175 | D79: 장연주 | E79: CC-321 | F79: 학술용역-행사, 운영(대행) | G79: 한국산업기술진흥원 | H79: 첨단산업 인재혁신 촉진제도 홍보 용역 원가계산 | I79: 최종보고서 | J79: 46175.604 | K79: 최종보고서 검토 → 문제 없음 | L79: 0.5 | N79: 이동
B80: 689 | C80: 46175 | D80: 장연주 | E80: CC-321 | F80: 학술용역-행사, 운영(대행) | G80: 한국의료기기안전정보원 | H80: MDSAP 평가자 양성 교육 운영 원가계산 | I80: 최종보고서 | J80: 46175.583 | K80: 최종보고서 검토 → 문제 없음 | L80: 0.5 | M80: 0 | N80: 이동
B81: 688 | C81: 46175 | D81: 김나경 | E81: CA-111 | F81: 제조-제조(제작설치포함) | G81: 한국화학연구원 | H81: 소형증착장비 구매설치 원가계산보고서 | I81: 최종보고서 | J81: 46175.5 | K81: 상 : 총괄계산서 노무비 비고 <표4> → <표6> 수정요 경비 비고 <표9> → <표11> 수정요 | L81: 0.5 | M81: 0 | N81: {=LET(행번호, MATCH(1, INDEX(('수주 및 입금 진행현황'!$F:$F=G81) * ('수주 및 입금 진행현황'!$G:$G=H81) * ('수주 및 입금 진행현황'!$F:$F<>""), 0), 0), IF(ISNUMBER(행번호), HYPERLINK("#gid=" & "1759022251" & "&range=A" & 행번호, "이동"), "X"))} -> X
B82: 687 | C82: 46175 | D82: 하은정 | E82: CC-321 | F82: 학술용역-행사, 운영(대행) | G82: 경북문화재단 콘텐츠진흥원 | H82: 강치아일랜드 시즌3 TV시리즈 애니메이션 제작 원가계산 | I82: 최종보고서 | J82: 46175.417 | K82: 상 ; <표 9> 임차료 산출표 하단 주석 번호 (주2) 중복 → (주3) 수정요 (주석4) 삽입요 | L82: 0.5 | N82: {=LET(행번호, MATCH(1, INDEX(('수주 및 입금 진행현황'!$F:$F=G82) * ('수주 및 입금 진행현황'!$G:$G=H82) * ('수주 및 입금 진행현황'!$F:$F<>""), 0), 0), IF(ISNUMBER(행번호), HYPERLINK("#gid=" & "1759022251" & "&range=A" & 행번호, "이동"), "X"))} -> X
B83: 686 | C83: 46175 | D83: 하은정 | E83: CA-111 | F83: 제조-제조(제작설치포함) | G83: (주)대한엠에프 | H83: CONVENTIONAL LATHE 원가계산 | I83: 최종보고서 | J83: 46175.417 | K83: 상 ; <표 1> 수입물품 산출표의 '창고료' 산출 내역란에 '(161,422,000 + 0.20% )× 322,844 원' → '(161,422,000 ) × 0.2% = 322,844 원' '1. 재료비(물자가격)' 설명에서 "USD99000 단가에 환율... 곱하여 산출" → 운임(USD 8,500) 포함 여부 확인 | L83: 0.5 | N83: {=LET(행번호, MATCH(1, INDEX(('수주 및 입금 진행현황'!$F:$F=G83) * ('수주 및 입금 진행현황'!$G:$G=H83) * ('수주 및 입금 진행현황'!$F:$F<>""), 0), 0), IF(ISNUMBER(행번호), HYPERLINK("#gid=" & "1759022251" & "&range=A" & 행번호, "이동"), "X"))} -> X
B84: 685 | C84: 46175 | D84: 하은정 | E84: CB-211 | F84: 공사-공사원가 | G84: 금화기계 | H84: 2026년 안전동행 지원사업 원가계산 | I84: 최종보고서 | J84: 46175.417 | K84: 최종보고서 검토 → 문제 없음 | L84: 0.5 | N84: {=LET(행번호, MATCH(1, INDEX(('수주 및 입금 진행현황'!$F:$F=G84) * ('수주 및 입금 진행현황'!$G:$G=H84) * ('수주 및 입금 진행현황'!$F:$F<>""), 0), 0), IF(ISNUMBER(행번호), HYPERLINK("#gid=" & "1759022251" & "&range=A" & 행번호, "이동"), "X"))} -> X
B85: 684 | C85: 46174 | D85: 김나경 | E85: CA-111 | F85: 제조-제조(제작설치포함) | G85: 한국화학연구원 | H85: 소형증착장비 구매설치 원가계산보고서 | I85: 최종보고서 | J85: 46174.625 | K85: 상 : <표 2> 직접재료비 산출표 순번 누락, 순번 28번 다음 29번, 30번이 누락되고 곧바로 31번 → 확인요 <표 12>의 복리후생비(3.08%) 수치 → <표 11>의 '여비(3.08%)'로 잘못 적용됨 <표 12>의 전력비(6.28%) 수치→ <표 11>의 '유인물비(6.28%)'로 잘못 적용됨 <표 12>의 감가상각비(19.44%) 수치 → <표 11>의 '시약및연구재료비(19.44%)'로 잘못 적용됨 <표 12>의 수리수선비(4.69%) 수치 → <표 11>의 '감가상각비(4.69%)'로 잘못 적용됨 하 : 'VIEWPROT-SKIN' → 'VIEWPORT-SKIN' | L85: 0.5 | M85: O | N85: {=LET(행번호, MATCH(1, INDEX(('수주 및 입금 진행현황'!$F:$F=G85) * ('수주 및 입금 진행현황'!$G:$G=H85) * ('수주 및 입금 진행현황'!$F:$F<>""), 0), 0), IF(ISNUMBER(행번호), HYPERLINK("#gid=" & "1759022251" & "&range=A" & 행번호, "이동"), "X"))} -> X
B86: 683 | C86: 46174 | D86: 장연주 | E86: CC-321 | F86: 학술용역-행사, 운영(대행) | G86: (재)경남창조경제혁신센터 | H86: 2026 경남 창업기업 역량강화 A.C.E경진대회 프로그램 운영 용역 원가계산 | I86: 청구서 | J86: 46174.562 | K86: 청구서, 공문 검토 → 첨부서류 확인, 문제 없음 | L86: 0.25 | N86: 이동
B87: 682 | C87: 46174 | D87: 이길훈 | E87: CB-251 | F87: 공사-기부채납 | G87: 엘와이디벨럽 | H87: 시흥동 103-3 청년안심주택 기부채납 공공시설 검증용역 | I87: 중간보고서 | J87: 46174.625 | K87: 상 : '서울시이 (사)한국경영분석원구원에' → '서울시가' '금천구 시흥시 역세권 청년주택 신축공사' → '시흥동' IV. 내역 검증 총괄집계표에서는 '시설 공사비 소계 52,807,949,950원' V. 내역 검증 총괄원가계산서의 '합계' 열 '도급금액(총원가)은 51,956,312,360원' → 확인요 IV. 총괄집계표의 부대공사비 소계는 '시설분담금(도시가스 8,996,000원)'이 정상 포함되어 '1,992,996,000원' V. 총괄원가계산서의 하단 부대공사비는 시설분담금이 누락된 채 '1,984,000,000원' → 확인요 VI. 순공사비집계표의 재료비 합계는 '19,202,869,125원' V. 총괄원가계산서의 재료비 합계는 '19,201,165,675원' → 확인요 | L87: 0.5 | M87: O | N87: {=LET(행번호, MATCH(1, INDEX(('수주 및 입금 진행현황'!$F:$F=G87) * ('수주 및 입금 진행현황'!$G:$G=H87) * ('수주 및 입금 진행현황'!$F:$F<>""), 0), 0), IF(ISNUMBER(행번호), HYPERLINK("#gid=" & "1759022251" & "&range=A" & 행번호, "이동"), "X"))} -> X
B88: 681 | C88: 46171 | D88: 장연주 | E88: CC-321 | F88: 학술용역-행사, 운영(대행) | G88: 정보통신기획평가원 | H88: CES 2027 디지털 청년인재 토크콘서트 행사 기획 및 운영 용역 원가계산 | I88: 완료계 | J88: 46171.667 | K88: 완료계, 공문 검토 → 첨부서류 확인, 문제 없음 | L88: 0.25 | M88: 0 | N88: 이동
B89: 680 | C89: 46171 | D89: 장연주 | E89: CC-321 | F89: 학술용역-행사, 운영(대행) | G89: 정보통신기획평가원 | H89: CES 2027 디지털 청년인재 토크콘서트 행사 기획 및 운영 용역 원가계산 | I89: 최종보고서 | J89: 46171.667 | K89: 하 : '① 행사 총괄획 및 추진계획 수립' → '① 행사 총괄기획 및 추진계획 수립' | L89: 0.5 | M89: 0 | N89: 이동
B90: 679 | C90: 46171 | D90: 장연주 | E90: CC-321 | F90: 학술용역-행사, 운영(대행) | G90: 소상공인시장진흥공단 | H90: 26년 기업가형 소상공인 육성(교육·AI) 성과평가 용역 원가계산 | I90: 최종보고서 | J90: 46171.625 | K90: 상 : 여비 산출표 내 연구원 등급 책임연구원과 연구원 모두 '규정등급 제1호 적용' → 연구원은 '제2호' | L90: 0.5 | M90: 0 | N90: 이동
B91: 678 | C91: 46171 | D91: 장연주 | E91: CC-321 | F91: 학술용역-행사, 운영(대행) | G91: 한국산업기술진흥원 | H91: 첨단산업 인재혁신 촉진제도 홍보 용역 원가계산 | I91: 완료계 | J91: 46171.625 | K91: 완료계, 공문 검토 → 첨부서류 확인, 문제 없음 | L91: 0.25 | M91: 0 | N91: 이동
B92: 677 | C92: 46171 | D92: 장연주 | E92: CC-321 | F92: 학술용역-행사, 운영(대행) | G92: 한국산업기술진흥원 | H92: 첨단산업 인재혁신 촉진제도 홍보 용역 원가계산 | I92: 최종보고서 | J92: 46171.625 | K92: 상 : "참여율 50%를 기준을 100%로 환산하여" → "참여율 50%를 기준으로" <표 7> 홍보비 산출표 항목에 "메뉴얼제작" → "매뉴얼 제작" <표 9> 간담회 운영비 산출표 하단 주석 "(주2) 분기별 1회 적용"과 "(주2) 장소임차료 "에 '(주2)'가 중복사용 → (주3) 수정요 | L92: 0.5 | M92: 0 | N92: 이동
B93: 676 | C93: 46171 | D93: 김나경 | E93: CB-211 | F93: 공사-공사원가 | G93: 한국화학연구원 | H93: W6동 전산서버실 노후 배선기구 교체 전기공사 원가계산 | I93: 최종보고서 | J93: 46171.5 | K93: 최종보고서 검토 → 문제 없음 | L93: 0.5 | N93: {=LET(행번호, MATCH(1, INDEX(('수주 및 입금 진행현황'!$F:$F=G93) * ('수주 및 입금 진행현황'!$G:$G=H93) * ('수주 및 입금 진행현황'!$F:$F<>""), 0), 0), IF(ISNUMBER(행번호), HYPERLINK("#gid=" & "1759022251" & "&range=A" & 행번호, "이동"), "X"))} -> X
B94: 675 | C94: 46171 | D94: 하은정 | E94: CA-130 | F94: 제조-LCC | G94: (주)로드케어 | H94: 도로표지병 경제성효과(LCC) | I94: 최종보고서 | J94: 2026. 5. 28. 11:00 | K94: 상 : 평가 2. 39.94% 감소 주체와 근거 확인요 'Ⅱ. 원가계산의 개요', 'Ⅱ. 경제성효과(LCC) 개요' → 제목 물일치 수정요 'Ⅴ. 제조원가계산서' , '< 표 : 2-1 > Ⅳ. 제조원가계산서' → 제목 불일치 수정요 인증현황을 기재한 표 '관련디자인등록ㅈ' → '관련디자인등록증' '도료표지명' → '도로 표지병' '< 표 : 1-4 > 연평균예상판매수량산출표'의 헤더 컬럼명 '202년' → '2023년' '< 표 : 4-2 > 폐기원가산출표'의 품명 'LED표지병 제거' → 'LED 도로 표지병 제거' 보고서 서두의 '조사의 근거' '조달청고시 제2024-30호'의 내용연수표 '< 표 : 1-1 > 원가분석 총괄표' 하단 주석에는 '조달청고시 제2018-14호'를 적용 확인요 | L94: 1 | N94: {=LET(행번호, MATCH(1, INDEX(('수주 및 입금 진행현황'!$F:$F=G94) * ('수주 및 입금 진행현황'!$G:$G=H94) * ('수주 및 입금 진행현황'!$F:$F<>""), 0), 0), IF(ISNUMBER(행번호), HYPERLINK("#gid=" & "1759022251" & "&range=A" & 행번호, "이동"), "X"))} -> X
B95: 674 | C95: 46170 | D95: 장연주 | E95: CC-321 | F95: 학술용역-행사, 운영(대행) | G95: 소상공인시장진흥공단 | H95: 2026년 스마트상점 기술보급사업 홍보전략 수립 및 운영 용역 원가계산 | I95: 완료계 | J95: 46170.583 | K95: 완료계, 공문 검토 → 첨부서류 확인, 문제 없음 | L95: 0.25 | M95: 0 | N95: 이동
B96: 673 | C96: 46170 | D96: 장연주 | E96: CC-321 | F96: 학술용역-행사, 운영(대행) | G96: 소상공인시장진흥공단 | H96: 2026년 스마트상점 기술보급사업 홍보전략 수립 및 운영 용역 원가계산 | I96: 최종보고서 | J96: 46170.583 | K96: 상 : 이윤 산출 방식 "인건비, 경비 일반관리비 합계액에" → "인건비, 경비, 일반관리비 합계액에" | L96: 0.5 | M96: 0 | N96: 이동
B97: 672 | C97: 46170 | D97: 김나경 | E97: CB-211 | F97: 공사-공사원가 | G97: (주)서현 | H97: 세운3-2,3구역 도시정비형 재개발사업 지하입체보행공간 시설공사 | I97: 계약서류 | J97: 46170.5 | K97: 계약서 검토 → 하청공사용 게약서로서 용역기반으로 해석 필요(부원장님과 협의) | L97: 0.5
B98: 671 | C98: 46170 | D98: 김나경 | E98: CB-211 | F98: 공사-공사원가 | G98: 한국화학연구원 | H98: W6동 전산서버실 노후 배선기구 교체 전기공사 원가계산 | I98: 최종보고서 | J98: 46170.5 | K98: 상 : VI. 기타서류 1. 가격조사서(견적서) → 삽입 2. 과업지시서 → 시방서 | L98: 0.5 | M98: 0 | N98: {=LET(행번호, MATCH(1, INDEX(('수주 및 입금 진행현황'!$F:$F=G98) * ('수주 및 입금 진행현황'!$G:$G=H98) * ('수주 및 입금 진행현황'!$F:$F<>""), 0), 0), IF(ISNUMBER(행번호), HYPERLINK("#gid=" & "1759022251" & "&range=A" & 행번호, "이동"), "X"))} -> X
B99: 670 | C99: 46170 | D99: 하은정 | E99: CB-211 | F99: 공사-공사원가 | G99: 스이레이 | H99: 2026년 안전동행 지원사업 원가계산 | I99: 최종보고서 | J99: 46170.438 | K99: 상 : '온도센서 0-500℃ , PT100 , 15A' 재료비 단가 불일치 (내역서 표2 : 17,000원 / 단가대비표 표5 : 22,000원 확인요 <표 11> 연금보험료 산출표 비목 출처 기입. 표의 제목 '산재보험료' → '연금보험료' 하 : <표 3> 일위대가목록과 <표 4> 일위대가표의 11번 항목에 "온도센서 섩치" → "온도센서 설치" <표 5> 단가대비표 '통신기기 공유기 외' 항목의 적용단가가 "220,000.00" → "220,000" | L99: 0.5 | M99: 0 | N99: 이동
B100: 669 | C100: 46170 | D100: 하은정 | E100: CB-211 | F100: 공사-공사원가 | G100: 엠탑 | H100: 2026년 안전동행 지원사업 원가계산 | I100: 최종보고서 | J100: 46170.438 | K100: 상 : <표 11> 연금보험료 산출표 비목 출처 기입. 표의 제목 '산재보험료' → '연금보험료' | L100: 0.5 | M100: 0 | N100: 이동
B101: 668 | C101: 46170 | D101: 하은정 | E101: CB-211 | F101: 공사-공사원가 | G101: 신양플레이팅 | H101: 2026년 안전동행 지원사업 원가계산 | I101: 최종보고서 | J101: 46170.438 | K101: 상 : <표 11> 연금보험료 산출표 비목 출처 기입. 표의 제목 '산재보험료' → '연금보험료' 하 : 부품명 '스팀트랩 25A 버켓트립' → '버켓트랩(Bucket Trap)' | L101: 0.5 | M101: 0 | N101: 이동
B102: 667 | C102: 46169 | D102: 최재운 | E102: CB-212 | F102: 공사-공사원가 | G102: LH경기남부지역본부 | H102: 병점동 897-1 오피스텔 신축공사 | I102: 중간보고서 | J102: 46169.708 | K102: 상 : 1. 요약서 "...LH 기준에 맞지않는 항목이 적용되어 있어 차이이 발생함." → 차이가 3. 건축공사 "...도면 내용과는 틀리게 스텐레스 핸 드레일로 계상됨." → 다르게 Ⅴ. 공종별 세부산정 내용 > 계단난간설치 관련 검토 "사업자 산정내역의 운반비(철근)를 적용하지아니하였으나 원가기관 운반비 수 량은..." → 적용하지 아니하였으나 4. 종합의견 (건축공사 요약) "...단가조사 시 원가기관은 4조의 물가지 + 가격정보 단가를 모두 조사하여 최저 단가를 적용해..." → 4종의 5. 종합의견 (기계공사 요약) "...단가의 경우 견적가를 적용하였으나 단가다 과소하여 원가기관의 산정금액과 금액차이가 발생함." → 단가가 기계공사 원가기관 금액이 3,790백만원, 차이액이 656백만원. 세부내역(Ⅳ 공사원가 검증 세부내용): 기계공사 원가기관 금액이 3,789백만원, 차이액이 655백만 → 확인요 원가계산기관 총원가 합산: '실시설계도서(정산항목 포함)' 기준 원가계산기관의 각 공종별 금액을 모두 합산하면 21,906백만원 → 21,907백만원 기계공사 : "오배수 배관공사... 사업자의 산정금액이 원가기관의 산정금액보다 적어 원가기관의 금액이 적용 → 확인요 | L102: 0.5 | N102: {=LET(행번호, MATCH(1, INDEX(('수주 및 입금 진행현황'!$F:$F=G102) * ('수주 및 입금 진행현황'!$G:$G=H102) * ('수주 및 입금 진행현황'!$F:$F<>""), 0), 0), IF(ISNUMBER(행번호), HYPERLINK("#gid=" & "1759022251" & "&range=A" & 행번호, "이동"), "X"))} -> X
...

Sheet 견적서 진행현황
A1: 2026년 견적서 진행현황
T3: : 변동사항이 있는 행
T4: : 견적서 제출하지 않고 용역 수행 중인 행
T5: : 견적X
A6: 견적일자 | B6: 계약기간 | C6: 업무코드 (세부코드) | D6: 업무분류 | E6: 업무분류 | F6: 발주처 | G6: 과업명 | H6: 수주방식 | I6: 견적금액 (VAT포함) | J6: 사업비 규모 | K6: 견적 유/무 | L6: 진행상태 | M6: 담당자 | N6: 완료여부 | O6: 품질 관리실 확인여부 | P6: 보고서제출일 | Q6: 세금계산서 발행일자 | R6: 세금계산서 발행금액 (VAT 포함) | S6: 입금일 | T6: 비고
A9: 45803 | C9: CB-222 | D9: 공사-물가변동 | F9: 조달청/해양수산부 포항지방해양수산청 | G9: 수영만 자연재해위험개선지구 정비사업 물가변동 용역(동아건설) | H9: 견적-최저 | I9: 9020000 | J9: 사업비 확인불가 | K9: 유 | L9: 수주 | M9: 하은정 | N9: 1차완료 | P9: 45812
A10: 45663 | C10: CB-222 | D10: 공사-물가변동 | F10: 조달청/해양수산부 포항지방해양수산청 | G10: 포항 영일대지구 연안정비사업 중 물가변동(E/S) 용역 (동아건설) | H10: 견적-최저 | I10: 12500000 | J10: 사업비 확인불가 | K10: 유 | L10: 수주 | M10: 하은정 | N10: 1차완료 | P10: 45663
A11: 45714 | C11: CB-222 | D11: 공사-물가변동 | F11: 주식회사 송림 | G11: 하남교산 공공주택지구 지장물 해체공사 중 물가변동 용역(송림)_1차 | H11: 견적-최저 | I11: 5280000 | J11: 사업비 확인불가 | K11: 유 | L11: 수주 | M11: 하은정 | N11: 완료 | P11: 45673 | Q11: 46127 | R11: 5280000
A12: 46189.625 | C12: CC-341 | D12: 일반용역-S/W | F12: 데이터얼라이언스(주) | G12: 광주지역거점형 사업의 원가검증 | H12: 견적-최저 | I12: 1100000 | J12: 사업비 확인불가 | K12: 유 | L12: 견적제출
A13: 46189.471 | C13: CC-311 | D13: 학술용역-연구 | F13: 한국산업기술진흥원 | G13: 산업기술개발장비 성과분석 원가계산 | H13: 견적-최저 | I13: 550000 | J13: 70000000 | K13: 유 | L13: 견적제출
A14: 46189.441 | C14: CB-222 | D14: 공사-물가변동 | F14: 인천경제자유구역청 | G14: 송도 11-1공구 기반시설 건설 신호등 설치공사(2구역) 물가변동으로 인한 계약금액 조정 검토 용역 (지수조정 2회) | H14: 견적-최저 | I14: 1650000 | J14: 1355097650 | K14: 유 | L14: 견적제출
A15: 46188 | C15: CH-801 | D15: 비교견적 | F15: 한국식품산업클러스터진흥원 | G15: 국가식품클러스터 테스트베드 고도화 및 시뮬레이션 연동체계 구성 용역 | H15: 견적-비교견적 | I15: 1320000 | J15: 사업비 확인불가 | K15: 유 | L15: 견적제출 | T15: (사)도우경제정책연구원
A16: 46188 | C16: CH-801 | D16: 비교견적 | F16: 한국식품산업클러스터진흥원 | G16: 테스트베드(미러월드) 고도화 및 시뮬레이션 연동체계 구성 용역 | H16: 견적-비교견적 | I16: 1320000 | J16: 사업비 확인불가 | K16: 유 | L16: 견적제출 | T16: (사)도우경제정책연구원
A17: 46189.4 | C17: CH-801 | D17: 비교견적 | F17: 주식회사 동명기술공단종합건축사사무소 | G17: 남원처리구역 하수관로 정비사업(2단계) 건설사업관리용역 물가변동 품목조정 용역 | H17: 견적-비교견적 | I17: 1650000 | J17: 사업비 확인불가 | K17: 유 | L17: 견적제출 | T17: (사)도우경제정책연구원
A18: 46189.4 | C18: CB-212 | D18: 공사-공사원가 | F18: (주)대우건설 | G18: 월성 1호기 해체(1·2단계) 공사비 산정 및 설계용역 | H18: 견적-최저 | I18: 380000000 | J18: 사업비 확인불가 | K18: 유 | L18: 견적준비
A19: 46188.662 | C19: CB-211 | D19: 공사-공사원가 | F19: (주)장수티엔시 | G19: 원형사다리 소운반, 설치 및 철거 공사 원가계산 | H19: 견적-최저 | I19: 1100000 | J19: 사업비 확인불가 | K19: 유 | L19: 견적제출
A20: 46188 | C20: CA-111 | D20: 제조-제조(제작설치포함) | F20: 주식회사 아트필 | G20: 테이프롤러가 적용된 승강구동 무대장치 조달우수제품 신청 관련 원가계산 | H20: 견적-최저 | I20: 2200000 | J20: 사업비 확인불가 | K20: 유 | L20: 견적제출
F21: 국가철도공단 | G21: 연결선인터페이스장치 외 4개 품목 원가계산 용역 | H21: 견적-최저 | K21: 무 | L21: 견적준비
A22: 46185.735 | C22: CH-801 | D22: 비교견적 | F22: 금강종합건설(주) | G22: 서화지구 풍수해생활권종합정비사업 물가변동으로 인한 계약금액조정 | H22: 견적-비교견적 | I22: 2750000 | J22: 사업비 확인불가 | K22: 유 | L22: 비교견적
A23: 46185.734 | C23: CH-801 | D23: 비교견적 | F23: 하남도시공사 | G23: 위례복합체육센터 인테리어 공사에 대한 원가계산 | H23: 견적-비교견적 | I23: 1000000 | J23: 사업비 확인불가 | K23: 유 | L23: 비교견적 | T23: (사)동양경제정보연구소
A24: 46185.705 | C24: CB-222 | D24: 공사-물가변동 | F24: 인천경제자유구역청 | G24: 송도 11-1공구 기반시설 건설(2구역) 가로등 설치공사 물가변동으로 인한 계약금액 조정 | H24: 견적-최저 | I24: 1650000 | J24: 사업비 확인불가 | K24: 유 | L24: 견적제출
A25: 46185.704 | C25: CC-341 | D25: 일반용역-S/W | F25: 소상공인시장진흥공단 | G25: 26년 스마트상점 사업관리시스템 고도화 용역 원가계산 | H25: 견적-최저 | I25: 880000 | J25: 사업비 확인불가 | K25: 유 | L25: 견적제출
A26: 46185.546 | C26: CC-321 | D26: 학술용역-행사, 운영(대행) | F26: 한국산업기술진흥원 | G26: 2026 인공지능 분야 부트캠프 라운드업 운영 용역 원가계산 | H26: 견적-최저 | I26: 1320000 | J26: 220000000 | K26: 유 | L26: 견적제출
A27: 46185 | C27: CC-311 | D27: 학술용역-연구 | F27: 한국에너지기술평가원 | G27: 2026년 ESG 경영체계 고도화 및 지속가능경영보고서 발간 | H27: 견적-최저 | I27: 440000 | J27: 55000000 | K27: 유 | L27: 수주 | M27: 장연주
A28: 46184 | B28: 계약일로부터 20일 | C28: CC-331 | D28: 일반용역-시설 | F28: c-market 전남지방우정청 | G28: 전남지방우정청 무인경비 용역 원가계산 | H28: 가격투찰 | I28: 9900000 | J28: 사업비 확인불가 | K28: 유 | L28: 견적제출
A29: 46183.488 | C29: CH-801 | D29: 비교견적 | F29: 대한체육회선수촌 | G29: 올림픽의 집 냉방기(EHP) 구매 설치 원가계산 | H29: 견적-비교견적 | I29: 3800000 | J29: 사업비 확인불가 | K29: 유 | L29: 비교견적 | T29: (사)동양경제정보연구소
A30: 46183.472 | C30: CC-341 | D30: 일반용역-S/W | F30: 혜성산업(주) | G30: 2026년 산업계 에너지관리시스템(EMS) 보급 지원사업 원가계산 | H30: 견적-최저 | I30: 880000 | J30: 사업비 확인불가 | K30: 유 | L30: 견적제출
A31: 46182.475 | C31: CC-311 | D31: 학술용역-연구 | F31: 창업진흥원 | G31: 몽골 스타트업 지원인력 초청연수 위탁용역 원가계산 | H31: 견적-최저 | I31: 550000 | J31: 90000000 | K31: 유 | L31: 수주 | M31: 장연주 | N31: 완료 | O31: =IF(COUNTIFS('보고서 검토일지(26년)'!$H:$H, $G31, '보고서 검토일지(26년)'!$M:$M, "0", '보고서 검토일지(26년)'!$G:$G, $F31)>0, "완료", "") -> 완료 | P31: 46183
A32: 46182.373 | C32: CC-321 | D32: 학술용역-행사, 운영(대행) | F32: 경북문화재단 콘텐츠진흥원 | G32: 2026년 [광역] 청년크리에이티브 양성 및 창업 지원사업 운영 용역 원가계산 | H32: 견적-최저 | I32: 660000 | J32: 119000000 | K32: 유 | L32: 견적제출
A33: 46181.647 | C33: CC-321 | D33: 학술용역-행사, 운영(대행) | F33: 한국산업기술기획평가원 | G33: 2026 코리아테크페스티벌(가칭) 종합운영·홍보 및 전시설치 용역 원가계산 | H33: 견적-최저 | I33: 660000 | J33: 900000000 | K33: 유 | L33: 수주 | M33: 장연주 | N33: 완료 | O33: =IF(COUNTIFS('보고서 검토일지(26년)'!$H:$H, $G33, '보고서 검토일지(26년)'!$M:$M, "0", '보고서 검토일지(26년)'!$G:$G, $F33)>0, "완료", "") -> 완료 | P33: 46188 | Q33: 46188 | R33: 660000
A34: 46181.647 | C34: CH-801 | D34: 비교견적 | F34: 한국에너지기술평가원 | G34: 에너지 국제공동연구 로드맵 수립 연구용역 원가계산 | H34: 견적-비교견적 | I34: 770000 | J34: 사업비 확인불가 | K34: 유 | L34: 비교견적
A35: 46181.647 | C35: CC-311 | D35: 학술용역-연구 | F35: 소상공인시장진흥공단 | G35: 2026년 소상공인 재기지원사업 성과분석 용역 원가계산 | H35: 견적-최저 | I35: 990000 | J35: 사업비 확인불가 | K35: 유 | L35: 수주 | M35: 장연주 | N35: 완료 | O35: =IF(COUNTIFS('보고서 검토일지(26년)'!$H:$H, $G35, '보고서 검토일지(26년)'!$M:$M, "0", '보고서 검토일지(26년)'!$G:$G, $F35)>0, "완료", "") -> 완료 | P35: 46189
A36: 46181.647 | C36: CB-222 | D36: 공사-물가변동 | F36: 인천광역시 | G36: 드림로~원당대로간 도로개설공사 물가변동(5회) 검토 용역 | H36: 견적-최저 | I36: 2200000 | J36: 사업비 확인불가 | K36: 유 | L36: 견적제출
A37: 46181.647 | C37: CB-222 | D37: 공사-물가변동 | F37: 인천경제자유구역청 | G37: 송도 11-1공구 기반시설 건설 신호등 설치공사(1구역) 물가변동으로 인한 계약금액 조정 검토 용역(지수조정 2회) | H37: 견적-최저 | I37: 1650000 | J37: 사업비 확인불가 | K37: 유 | L37: 견적제출
A38: 46181.647 | C38: CB-211 | D38: 공사-공사원가 | F38: (주)금강패키지 | G38: 금강패키지 리프트 시설 교체 공사 원가계산 | H38: 견적-최저 | I38: 660000 | J38: 사업비 확인불가 | K38: 유 | L38: 견적제출
A39: 46177.687 | C39: CH-801 | D39: 비교견적 | F39: 리베라종합건설㈜ | G39: 대전체육고 복합체육관 증축공사 ESC 1차 | H39: 견적-비교견적 | I39: 4000000 | J39: 사업비 확인불가 | K39: 유 | L39: 비교견적
A40: 46177.687 | C40: CB-212 | D40: 공사-공사원가 | F40: 한국토지주택공사 | G40: 인천계양 국도39호선(벌말로) 확장공사 가스관로 및 열배관 이설비 적정성 검토 용역 | H40: 견적-최저 | I40: 18700000 | J40: 사업비 확인불가 | K40: 유 | L40: 견적제출
A41: 46177.47 | C41: CC-311 | D41: 학술용역-연구 | F41: 한국산업기술진흥원 | G41: 산업기술기반구축 관리 및 활용도 제고 연구용역 원가계산 | H41: 견적-최저 | I41: 440000 | J41: 50000000 | K41: 유 | L41: 수주 | M41: 장연주
A42: 46175.744 | C42: CC-321 | D42: 학술용역-행사, 운영(대행) | F42: 인천창조경제혁신센터 | G42: 모두의 창업 프로젝트 출범식 및 오리엔테이션 운영 용역 원가계산 | H42: 견적-최저 | I42: 440000 | J42: 사업비 확인불가 | K42: 유 | L42: 수주 | M42: 장연주 | N42: 완료 | O42: =IF(COUNTIFS('보고서 검토일지(26년)'!$H:$H, $G42, '보고서 검토일지(26년)'!$M:$M, "0", '보고서 검토일지(26년)'!$G:$G, $F42)>0, "완료", "") -> 완료 | P42: 46181
A43: 46175.714 | C43: CC-311 | D43: 학술용역-연구 | F43: 한국산업기술진흥원 | G43: 중견기업-공공연구기관 공동기획 성과조사 및 개편방안 마련 용역 원가계산 | H43: 견적-최저 | I43: 330000 | J43: 40000000 | K43: 유 | L43: 수주 | M43: 장연주
A44: 46175.378 | C44: CC-311 | D44: 학술용역-연구 | F44: (재)한국장애인문화예술원 | G44: 지원사업 평가모니터링 및 분석연구 용역 원가계산 | H44: 견적-최저 | I44: 550000 | J44: 80000000 | K44: 유 | L44: 미수주
A45: 46174.644 | C45: CB-242 | D45: 공사-설계변경 | F45: 의왕시청 | G45: 백운호수 초중통합학교 설립 설계변경 공사비 검증 용역(2차수) | H45: 견적-최저 | I45: 32670000 | J45: 사업비 확인불가 | K45: 유 | L45: 견적제출
A46: 46174.561 | C46: CC-311 | D46: 학술용역-연구 | F46: (재)장애인기업종합지원센터 | G46: 2026년 창업사업화 지원사업 수혜자 집행 내역 회계점검 원가계산 | H46: 견적-최저 | I46: 330000 | J46: 11000000 | K46: 유 | L46: 수주 | M46: 장연주 | N46: 완료 | O46: =IF(COUNTIFS('보고서 검토일지(26년)'!$H:$H, $G46, '보고서 검토일지(26년)'!$M:$M, "0", '보고서 검토일지(26년)'!$G:$G, $F46)>0, "완료", "") -> 완료 | P46: 46178 | Q46: 46178 | R46: 330000
A47: 46174.44 | C47: CB-231 | D47: 공사-개발비용 | F47: 노원구청 | G47: 상계동 358-3 외 2필지 개발비용 재산정 용역 | H47: 견적-최저 | I47: 800000 | J47: 사업비 확인불가 | K47: 유 | L47: 수주
A48: 46171.632 | C48: CH-801 | D48: 비교견적 | F48: 주식회사 에스알 | G48: 2026회계연도 결산지원(PA) 용역에 대한 원가계산 | H48: 견적-비교견적 | I48: 700000 | J48: 사업비 확인불가 | K48: 유 | L48: 비교견적
A49: 46171.632 | C49: CH-801 | D49: 비교견적 | F49: 성북구청 | G49: 재활용폐기물 선별처리 대행용역 원가산정 연구용역 | H49: 견적-비교견적 | I49: 25000000 | J49: 사업비 확인불가 | K49: 유 | L49: 비교견적
A50: 46171.5 | C50: CC-311 | D50: 학술용역-연구 | F50: 한국산업기술기획평가원 | G50: 소부장넷 AI 고도화 사업 원가계산 | H50: 견적-최저 | I50: 1320000 | J50: 175000000 | K50: 유 | L50: 미수주
A51: 46171 | C51: CC-311 | D51: 학술용역-연구 | F51: 한국산업기술진흥원 | G51: 첨단산업 인재혁신 촉진제도 홍보 용역 원가계산 | H51: 견적-최저 | I51: 880000 | J51: 104000000 | K51: 유 | L51: 수주 | M51: 장연주 | N51: 완료 | O51: =IF(COUNTIFS('보고서 검토일지(26년)'!$H:$H, $G51, '보고서 검토일지(26년)'!$M:$M, "0", '보고서 검토일지(26년)'!$G:$G, $F51)>0, "완료", "") -> 완료 | P51: 46171 | Q51: 46178 | R51: 880000
A52: 46171 | C52: CB-232 | D52: 공사-개발비용 | F52: 종로구청 | G52: 공평구역 제15‧16지구 도시정비형 재개발사업 개발비용 검증용역 | H52: 견적-최저 | I52: 2200000 | J52: 사업비 확인불가 | K52: 유 | L52: 미수주
A53: 46171 | C53: CC-321 | D53: 학술용역-행사, 운영(대행) | F53: 한국청년기업가정신재단 | G53: 2026년 초중등 창업체험교육 대상별 맞춤형 창업가정신 연수 운영 지원 원가계산 | H53: 견적-최저 | I53: 440000 | J53: 55000000 | K53: 유 | L53: 미수주
A54: 46170.462 | C54: CA-121 | D54: 제조-구매 | F54: 한국화학연구원 | G54: 소형진공증착장비 구매설치에 대한 원가산정 | H54: 견적-최저 | I54: 880000 | J54: 사업비 확인불가 | K54: 유 | L54: 견적제출
A55: 46170.462 | C55: CC-321 | D55: 학술용역-행사, 운영(대행) | F55: 한국의료기기안전정보원 | G55: MDSAP 평가자 양성 교육 운영 원가계산 | H55: 견적-최저 | I55: 440000 | J55: 6000000 | K55: 유 | L55: 수주 | M55: 장연주 | N55: 완료 | O55: =IF(COUNTIFS('보고서 검토일지(26년)'!$H:$H, $G55, '보고서 검토일지(26년)'!$M:$M, "0", '보고서 검토일지(26년)'!$G:$G, $F55)>0, "완료", "") -> 완료 | P55: 46175 | Q55: 46178 | R55: 440000
A56: 46170.428 | C56: CC-311 | D56: 학술용역-연구 | F56: 한국산업기술기획평가원 | G56: KEIT(한국산업기술기획평가원) R&D지원 효과 종합분석 용역 원가계산 | H56: 견적-최저 | I56: 660000 | J56: 105000000 | K56: 유 | L56: 수주 | M56: 장연주 | N56: 완료 | O56: =IF(COUNTIFS('보고서 검토일지(26년)'!$H:$H, $G56, '보고서 검토일지(26년)'!$M:$M, "0", '보고서 검토일지(26년)'!$G:$G, $F56)>0, "완료", "") -> 완료 | P56: 46178
A57: 46170.424 | C57: CB-211 | D57: 공사-공사원가 | F57: 스이레이 | G57: 2026년 안전동행 지원사업 원가계산 | H57: 연단가-견적 | I57: 880000 | J57: 사업비 확인불가 | K57: 유 | L57: 연단가 | M57: 하은정 | N57: 완료 | O57: =IF(COUNTIFS('보고서 검토일지(26년)'!$H:$H, $G57, '보고서 검토일지(26년)'!$M:$M, "0", '보고서 검토일지(26년)'!$G:$G, $F57)>0, "완료", "") -> 완료 | P57: 46170
A58: 46170.424 | C58: CB-211 | D58: 공사-공사원가 | F58: 엠탑 | G58: 2026년 안전동행 지원사업 원가계산 | H58: 연단가-견적 | I58: 880000 | J58: 사업비 확인불가 | K58: 유 | L58: 연단가 | M58: 하은정 | N58: 완료 | O58: =IF(COUNTIFS('보고서 검토일지(26년)'!$H:$H, $G58, '보고서 검토일지(26년)'!$M:$M, "0", '보고서 검토일지(26년)'!$G:$G, $F58)>0, "완료", "") -> 완료 | P58: 46170
A59: 46170.424 | C59: CB-211 | D59: 공사-공사원가 | F59: 신양플레이팅 | G59: 2026년 안전동행 지원사업 원가계산 | H59: 연단가-견적 | I59: 880000 | J59: 사업비 확인불가 | K59: 유 | L59: 연단가 | M59: 하은정 | N59: 완료 | O59: =IF(COUNTIFS('보고서 검토일지(26년)'!$H:$H, $G59, '보고서 검토일지(26년)'!$M:$M, "0", '보고서 검토일지(26년)'!$G:$G, $F59)>0, "완료", "") -> 완료 | P59: 46170
A60: 46169.611 | C60: CH-801 | D60: 비교견적 | F60: 한국중소벤처기업유통원 | G60: 소상공인 디지털 전환을 위한 라이브스튜디오 환경 개선 용역 원가계산 | H60: 견적-비교견적 | I60: 990000 | J60: 사업비 확인불가 | K60: 유 | L60: 비교견적
A61: 46169.611 | C61: CB-222 | D61: 공사-물가변동 | F61: 옥천군 | G61: 동이 남곡-구일간 농어촌도로 확포장공사 물가변동 계약금액 조정 검토 용역 | H61: 견적-최저 | I61: 1650000 | J61: 사업비 확인불가 | K61: 유 | L61: 수주
A62: 46169.611 | C62: CC-311 | D62: 학술용역-연구 | F62: 한국산업기술진흥원 | G62: 2026년 기후에너지환경부 ODA 종료평가 용역 원가계산 | H62: 견적-최저 | I62: 880000 | J62: 230000000 | K62: 유 | L62: 수주 | M62: 장연주 | N62: 완료 | O62: =IF(COUNTIFS('보고서 검토일지(26년)'!$H:$H, $G62, '보고서 검토일지(26년)'!$M:$M, "0", '보고서 검토일지(26년)'!$G:$G, $F62)>0, "완료", "") -> 완료 | P62: 46183
A63: 46169.611 | C63: CC-311 | D63: 학술용역-연구 | F63: 공영홈쇼핑 | G63: 2026년 개인정보 보호수준 평가 컨설팅 용역 원가계산 | H63: 견적-최저 | I63: 550000 | J63: 55000000 | K63: 유 | L63: 미수주
A64: 46168.64 | C64: CH-801 | D64: 비교견적 | F64: 주식회사 신성건설 | G64: 안동시 공공형 지식산업센터 건립 공사(건축, 토목, 조경, 기계) | H64: 견적-비교견적 | I64: 3300000 | J64: 사업비 확인불가 | K64: 유 | L64: 비교견적
A65: 46168.636 | C65: CH-801 | D65: 비교견적 | F65: 화성개발 | G65: 제3산단 제2임대형 지식산업센터 건립공사 | H65: 견적-비교견적 | I65: 3850000 | J65: 사업비 확인불가 | K65: 유 | L65: 비교견적
A66: 46164.714 | C66: CC-321 | D66: 학술용역-행사, 운영(대행) | F66: 정보통신기획평가원 | G66: CES 2027 디지털 청년인재 토크콘서트 행사 기획 및 운영 용역 원가계산 | H66: 견적-최저 | I66: 1100000 | J66: 170000000 | K66: 유 | L66: 수주 | M66: 장연주 | N66: 완료 | O66: =IF(COUNTIFS('보고서 검토일지(26년)'!$H:$H, $G66, '보고서 검토일지(26년)'!$M:$M, "0", '보고서 검토일지(26년)'!$G:$G, $F66)>0, "완료", "") -> 완료 | P66: 46171
A67: 46164.464 | C67: CC-321 | D67: 학술용역-행사, 운영(대행) | F67: 인천창조경제혁신센터 | G67: 모두의 창업 프로젝트 선배 창업자 인사이트 강연 운영 용역 원가계산 | H67: 견적-최저 | I67: 330000 | J67: 13700000 | K67: 유 | L67: 수주 | M67: 장연주 | N67: 완료 | O67: =IF(COUNTIFS('보고서 검토일지(26년)'!$H:$H, $G67, '보고서 검토일지(26년)'!$M:$M, "0", '보고서 검토일지(26년)'!$G:$G, $F67)>0, "완료", "") -> 완료 | P67: 46169 | Q67: 46169 | R67: 330000
A68: 46164.463 | C68: CC-341 | D68: 일반용역-S/W | F68: 대한체육회 | G68: 스포츠클럽 종합정보시스템 운영 및 클라우드 임차 용역 원가계산 | H68: 견적-최저 | I68: 2750000 | J68: 1200000000 | K68: 유 | L68: 미수주
A69: 46163.692 | C69: CB-222 | D69: 공사-물가변동 | F69: 한국산업단지공단 | G69: 계양산업단지 조성공사 물가변동으로 인한 계약금액조정 적정성 검토 용역 | H69: 견적-최저 | I69: 1650000 | J69: 사업비 확인불가 | K69: 유 | L69: 수주 | M69: 하은정
A70: 46163.668 | C70: CC-311 | D70: 학술용역-연구 | F70: 소상공인시장진흥공단 | G70: 26년 디지털 실태 및 성과평가·활용도 조사 용역 원가계산 | H70: 견적-최저 | I70: 1320000 | J70: 5000000 | K70: 유 | L70: 미수주
A71: 46163.424 | C71: CH-801 | D71: 비교견적 | F71: 수영구 | G71: 2026년 수영구 생활폐기물 수집·운반 대행수수료 산정 위한 원가계산 | H71: 견적-비교견적 | I71: 25000000 | J71: 사업비 확인불가 | K71: 유 | L71: 비교견적
A72: 46162.596 | C72: CC-311 | D72: 학술용역-연구 | F72: 중소상공인희망재단 | G72: 2026-2027년 외부 회계감사 용역 원가계산 | H72: 견적-최저 | I72: 440000 | J72: 사업비 확인불가 | K72: 유 | L72: 미수주
A73: 46162.569 | C73: CC-341 | D73: 일반용역-S/W | F73: 한국방사선진흥협회 | G73: RATIS AI 도입을 위한 DB 정비 및 AI 챗봇 서비스 개발(시범운영) 원가계산 | H73: 견적-최저 | I73: 1650000 | J73: 170000000 | K73: 유 | L73: 수주 | M73: 장연주 | N73: 완료 | O73: =IF(COUNTIFS('보고서 검토일지(26년)'!$H:$H, $G73, '보고서 검토일지(26년)'!$M:$M, "0", '보고서 검토일지(26년)'!$G:$G, $F73)>0, "완료", "") -> 완료 | P73: 46184 | Q73: 46184 | R73: 1650000
A74: 46162.458 | C74: CC-311 | D74: 학술용역-연구 | F74: 한국산업기술진흥원 | G74: 정의로운전환 특별지구 산업전환 지원프로그램 기획 용역 원가계산 | H74: 견적-최저 | I74: 660000 | J74: 90000000 | K74: 유 | L74: 미수주
A75: 46162.42 | C75: CC-321 | D75: 학술용역-행사, 운영(대행) | F75: 광주광역시 | G75: 수소충전소 위탁운영비 산정 용역 | H75: 견적-최저 | I75: 2500000 | J75: 사업비 확인불가 | K75: 유 | L75: 견적제출
A76: 46162.396 | C76: CC-311 | D76: 학술용역-연구 | F76: 경북문화재단 콘텐츠진흥원 | G76: 2026 경북웹툰캠퍼스 디지털 에셋 제작 및 교육 용역 원가계산 | H76: 견적-최저 | I76: 550000 | J76: 80000000 | K76: 유 | L76: 미수주
A77: 46161.579 | C77: CB-211 | D77: 비교견적 | F77: 서해종합건설 | G77: 온수역세권 활성화사업 건설공사비 산정 | H77: 견적-비교견적 | I77: 41800000 | J77: 사업비 확인불가 | K77: 유 | L77: 비교견적
A78: 46161.579 | C78: CC-311 | D78: 학술용역-연구 | F78: 소상공인시장진흥공단 | G78: 2026년 스마트상점 기술보급사업 홍보전략 수립 및 운영 용역 원가계산 | H78: 견적-최저 | I78: 1650000 | J78: 250000000 | K78: 유 | L78: 수주 | M78: 장연주 | N78: 완료 | O78: =IF(COUNTIFS('보고서 검토일지(26년)'!$H:$H, $G78, '보고서 검토일지(26년)'!$M:$M, "0", '보고서 검토일지(26년)'!$G:$G, $F78)>0, "완료", "") -> 완료 | P78: 46170
A79: 46161.579 | C79: CC-321 | D79: 학술용역-행사, 운영(대행) | F79: (재)경남창조경제혁신센터 | G79: 2026 경남 창업기업 역량강화 A.C.E경진대회 프로그램 운영 용역 원가계산 | H79: 견적-최저 | I79: 900000 | J79: 74000000 | K79: 유 | L79: 수주 | M79: 장연주 | N79: 완료 | O79: =IF(COUNTIFS('보고서 검토일지(26년)'!$H:$H, $G79, '보고서 검토일지(26년)'!$M:$M, "0", '보고서 검토일지(26년)'!$G:$G, $F79)>0, "완료", "") -> 완료 | P79: 46169 | Q79: 46174 | R79: 900000
A80: 46160.632 | C80: CC-311 | D80: 학술용역-연구 | F80: 건설근로자공제회 | G80: 건설근로자 인력수급전망 모형 구축 연구용역 원가계산 | H80: 연단가-견적 | I80: 550000 | J80: 84500000 | K80: 유 | L80: 연단가 | M80: 장연주 | N80: 완료 | O80: =IF(COUNTIFS('보고서 검토일지(26년)'!$H:$H, $G80, '보고서 검토일지(26년)'!$M:$M, "0", '보고서 검토일지(26년)'!$G:$G, $F80)>0, "완료", "") -> 완료 | P80: 46160 | Q80: 46160 | R80: 550000
A81: 46160.417 | C81: CB-231 | D81: 비교견적 | F81: CT그룹 | G81: 양평군 양서 군사기지 이전지구 주택건설사업 개발비용 산정용역 | H81: 견적-비교견적 | I81: 57200000 | J81: 사업비 확인불가 | K81: 유 | L81: 견적제출
A82: 46160.417 | B82: 26.05.29~26.06.12 (착수일로부터 14일) | C82: CB-232 | D82: 공사-개발비용 | F82: 영등포구청 | G82: 양평동 1가 243-1 일대 개발비용 산출명세서 검증용역 | H82: 견적-최저 | I82: 1320000 | J82: 사업비 확인불가 | K82: 유 | L82: 수주
A83: 46157.447 | C83: CB-222 | D83: 공사-물가변동 | F83: 인천국제공항공사 | G83: 2026년 자원회수시설 소모성약품 단가구매사업 물가변동 적정성 검토용역 | H83: 견적-최저 | I83: 770000 | J83: 사업비 확인불가 | K83: 유 | L83: 수주 | N83: 완료 | P83: 46174 | Q83: 46175
A84: 46157.684 | C84: CC-321 | D84: 학술용역-행사, 운영(대행) | F84: 소상공인시장진흥공단 | G84: ‘26년 로컬창업기업 육성 성과확산 용역 원가계산 | H84: 견적-최저 | I84: 1980000 | J84: 420000000 | K84: 유 | L84: 수주 | M84: 장연주 | N84: 완료 | O84: =IF(COUNTIFS('보고서 검토일지(26년)'!$H:$H, $G84, '보고서 검토일지(26년)'!$M:$M, "0", '보고서 검토일지(26년)'!$G:$G, $F84)>0, "완료", "") -> 완료 | P84: 46161
A85: 46157.447 | C85: CB-222 | D85: 공사-물가변동 | F85: 인천국제공항공사 | G85: 2026년 자원회수시설 소모성약품 단가구매사업 물가변동 적정성 검토용역 | H85: 견적-최저 | I85: 770000 | J85: 사업비 확인불가 | K85: 유 | L85: 견적제출
A86: 46157.447 | C86: CC-341 | D86: 일반용역-S/W | F86: (주)이동의즐거움 | G86: 통합교통카드시스템 현장 유지보수 원가계산 | H86: 견적-최저 | I86: 2200000 | J86: 사업비 확인불가 | K86: 유 | L86: 미수주
A87: 46157.447 | C87: CH-801 | D87: 비교견적 | F87: 한국문화예술회관연합회 | G87: 2026년도 문예회관 아카데미 해외연수 과정 운영용역 | H87: 견적-비교견적 | I87: 13000000 | J87: - | K87: 유 | L87: 비교견적 | T87: (사)동양경제정보연구소
A88: 46157.447 | C88: CC-341 | D88: 일반용역-S/W | F88: 창업진흥원 | G88: 원스톱 지원센터 상담플랫폼 기능개선 용역 원가계산 | H88: 견적-최저 | I88: 1100000 | J88: 198000000 | K88: 유 | L88: 수주 | M88: 하은정 | N88: 완료 | O88: =IF(COUNTIFS('보고서 검토일지(26년)'!$H:$H, $G88, '보고서 검토일지(26년)'!$M:$M, "0", '보고서 검토일지(26년)'!$G:$G, $F88)>0, "완료", "") -> 완료 | P88: 46164 | Q88: 46168 | R88: 1100000
A89: 46157.447 | C89: CC-311 | D89: 학술용역-연구 | F89: 한국산업기술진흥원 | G89: 2026년도 글로벌 산업기술정책 동향조사분석 원가계산 | H89: 견적-최저 | I89: 770000 | J89: 140000000 | K89: 유 | L89: 수주 | M89: 장연주 | N89: 완료 | O89: =IF(COUNTIFS('보고서 검토일지(26년)'!$H:$H, $G89, '보고서 검토일지(26년)'!$M:$M, "0", '보고서 검토일지(26년)'!$G:$G, $F89)>0, "완료", "") -> 완료 | P89: 46162 | Q89: 46163 | R89: 770000
A90: 46157.447 | C90: CC-321 | D90: 학술용역-행사, 운영(대행) | F90: 과학기술사업화진흥원 | G90: 2026년도 SNK 혁신창업 심포지엄 운영 용역 원가계산 | H90: 견적-최저 | I90: 550000 | J90: 70000000 | K90: 유 | L90: 미수주
A91: 46157.447 | C91: CA-111 | D91: 제조-제조(제작설치포함) | F91: (주)위즈윙 | G91: AI기반 순찰용 배터리 자동교체식 드론시스템 원가계산 | H91: 견적-최저 | I91: 990000 | J91: 사업비 확인불가 | K91: 유 | L91: 수주 | M91: 하은정 | N91: 완료 | O91: =IF(COUNTIFS('보고서 검토일지(26년)'!$H:$H, $G91, '보고서 검토일지(26년)'!$M:$M, "0", '보고서 검토일지(26년)'!$G:$G, $F91)>0, "완료", "") | P91: 46157
A92: 46155.475 | C92: CG-721 | D92: 클레임-사감정 | F92: 한국공항공사 | G92: 한국공항공사 간접비 청구 감정 | I92: 7300000 | J92: 사업비 확인불가 | K92: 유 | L92: 수주
A93: 46155.774 | C93: CC-311 | D93: 학술용역-연구 | F93: 한국방사선진흥협회 | G93: 방사선 계측 방법별 교육 가상환경 구축을 위한 VR 교육 자료 콘텐츠 제작 및 UI/UX 제작 원가계산 | H93: 견적-최저 | I93: 1650000 | J93: 150000000 | K93: 유 | L93: 수주 | M93: 장연주 | N93: 완료 | O93: =IF(COUNTIFS('보고서 검토일지(26년)'!$H:$H, $G93, '보고서 검토일지(26년)'!$M:$M, "0", '보고서 검토일지(26년)'!$G:$G, $F93)>0, "완료", "") -> 완료 | P93: 46169 | Q93: 46169 | R93: 1650000
A94: 46155.773 | C94: CC-311 | D94: 학술용역-연구 | F94: 한국방사선진흥협회 | G94: 이러닝플랫폼 AI Agent 개발 용역 원가계산 | H94: 견적-최저 | I94: 1650000 | J94: 104000000 | K94: 유 | L94: 수주 | M94: 장연주 | N94: 완료 | O94: =IF(COUNTIFS('보고서 검토일지(26년)'!$H:$H, $G94, '보고서 검토일지(26년)'!$M:$M, "0", '보고서 검토일지(26년)'!$G:$G, $F94)>0, "완료", "") -> 완료 | P94: 46169 | Q94: 46169 | R94: 1650000
A95: 46154.745 | C95: CB-211 | D95: 공사-공사원가 | F95: 한국전력공사 | G95: 파주 센트럴밸리 2회선 연결관로 옥석교 관매달기 공사 설계서 검토 용역 | H95: 견적-최저 | I95: 10835000 | J95: 870432465 | K95: 유 | L95: 견적제출
A96: 46154.745 | C96: CB-211 | D96: 공사-공사원가 | F96: 한국자산관리공사 | G96: 용인통합청사 신축 전기, 통신, 소방 원가검증 | H96: 견적-최저 | I96: 330000 | J96: 사업비 확인불가 | K96: 유 | L96: 수주 | M96: 하은정
A97: 46154.739 | C97: CC-321 | D97: 학술용역-행사, 운영(대행) | F97: 포방터시장 문화관광형시장 육성사업단 | G97: 2026년 포방터시장 특화 디자인 거리 조성 사업 원가계산 | H97: 견적-최저 | I97: 550000 | J97: 39450000 | K97: 유 | L97: 수주 | M97: 하은정 | N97: 완료 | O97: =IF(COUNTIFS('보고서 검토일지(26년)'!$H:$H, $G97, '보고서 검토일지(26년)'!$M:$M, "0", '보고서 검토일지(26년)'!$G:$G, $F97)>0, "완료", "") -> 완료 | P97: 46163
A98: 46154.739 | C98: CC-331 | D98: 일반용역-시설 | F98: 연구개발특구진흥재단 | G98: 과학벨트지원센터 건물관리(시설, 미화) 원가계산 | H98: 견적-최저 | I98: 1650000 | J98: 사업비 확인불가 | K98: 유 | L98: 미수주
A99: 46154.739 | C99: CC-311 | D99: 학술용역-연구 | F99: 우체국시설관리단 | G99: 내규 정비 및 관리체계 개선 용역 원가계산 | H99: 견적-최저 | I99: 440000 | J99: 20000000 | K99: 유 | L99: 수주 | M99: 미수주
A100: 46154.739 | C100: CC-311 | D100: 학술용역-연구 | F100: 한국장애인고용공단 | G100: 장애인 고용컨설팅 포털 콘텐츠 수집‧구성 연구용역 원가계산 | H100: 견적-최저 | I100: 550000 | J100: 120000000 | K100: 유 | L100: 수주 | M100: 장연주 | N100: 완료 | O100: =IF(COUNTIFS('보고서 검토일지(26년)'!$H:$H, $G100, '보고서 검토일지(26년)'!$M:$M, "0", '보고서 검토일지(26년)'!$G:$G, $F100)>0, "완료", "") -> 완료 | P100: 46169
A101: 46154.739 | C101: CC-321 | D101: 학술용역-행사, 운영(대행) | F101: 인천창조경제혁신센터 | G101: 2026년 창업-BuS 연합IR 행사 운영(미래산업 및 투자활성화 세미나) 원가계산 | H101: 견적-최저 | I101: 330000 | J101: 20000000 | K101: 유 | L101: 수주 | M101: 장연주 | N101: 완료 | O101: =IF(COUNTIFS('보고서 검토일지(26년)'!$H:$H, $G101, '보고서 검토일지(26년)'!$M:$M, "0", '보고서 검토일지(26년)'!$G:$G, $F101)>0, "완료", "") -> 완료 | P101: 46156
A102: 46154.739 | C102: CH-801 | D102: 비교견적 | F102: 한국산업기술진흥원 | G102: 산업융합 규제샌드박스 종합 포털 서버 및 운영체제 교체 | H102: 견적-비교견적 | I102: 660000 | J102: - | K102: 유 | L102: 비교견적 | T102: (사)도우경제정책연구원
A103: 46153.735 | C103: CB-211 | D103: 공사-공사원가 | F103: 한국발명진흥회 | G103: 한국지식재산센터 승강기 3호기 메인로프 및 콤펜로프 교체 공사 원가계산 | H103: 연단가-견적 | I103: 530000 | J103: 53000000 | K103: 유 | L103: 연단가 | M103: 하은정 | N103: 완료 | O103: =IF(COUNTIFS('보고서 검토일지(26년)'!$H:$H, $G103, '보고서 검토일지(26년)'!$M:$M, "0", '보고서 검토일지(26년)'!$G:$G, $F103)>0, "완료", "") -> 완료 | P103: 46153
...

Sheet 제안서 진행현황
A1: 회의자료 | I1: 계약면적 | K1: 계약기간 | M1: 내역서 | O1: 보고서 | R1: 누계공정률 | W1: 도급금액(A) (V.A.T 별도) | AA1: 계약서 관리 | AF1: 외주금액 (B) (V.A.T 별도) | AP1: 현재공정 | AS1: 2026년 1월 | BZ1: 2026년 2월 | DC1: 2026년 3월 | FN1: 2026년 5월 | GS1: Ⅰ-1 | GT1: Ⅰ-2 | GU1: Ⅱ-1 | GV1: Ⅱ-2 | GW1: Ⅲ | GX1: Ⅳ | GY1: Ⅴ
A2: No. | B2: 진행상황 | D2: 업무코드 (세부코드) | E2: 업무분류 | F2: 발주처 | G2: 과업명 | H2: 업무구분 | I2: ㎡ | J2: 평 | K2: 시작일 | L2: 종료일 | M2: 착수일 (재착수일) | N2: 종료일 | O2: 착수일 (재착수일) | P2: 종료일 | Q2: 품질관리실 확인 | R2: 전주계획 | S2: 전주실적 | T2: 금주계획 | V2: 항목 | W2: 내용 | X2: 금액 | Y2: 세금계산서 확인 | Z2: 입금확인 | AA2: 작업구분 품의서 | AB2: 업체선정 품의서 | AC2: 발주 및 계약서 | AD2: 결제 여부 | AE2: 비고 | AF2: 내용 | AG2: 금액 | AH2: 집행 여부 | AI2: 외주집행금액 (V.A.T 별도) | AJ2: 잔금 (V.A.T 별도) | AL2: 참여자 | AM2: 구분 | AN2: 주업무 | AO2: 특이사항 | AP2: 시작일 | AQ2: 종료일 | AS2: 46023 | AT2: 46024 | AU2: 46025 | AV2: 46026 | AW2: 46027 | AX2: 46028 | AY2: 46029 | AZ2: 46030 | BA2: 46031 | BB2: 46032 | BC2: 46033 | BD2: 46034 | BE2: 46035 | BF2: 46036 | BG2: 46037 | BH2: 46038 | BI2: 46039 | BJ2: 46040 | BK2: 46041 | BL2: 46042 | BM2: 46043 | BN2: 46044 | BO2: 46045 | BP2: 46046 | BQ2: 46047 | BR2: 46048 | BS2: 46049 | BT2: 46050 | BU2: 46051 | BV2: 46052 | BW2: 46053 | BZ2: 46054 | CA2: 46055 | CB2: 46056 | CC2: 46057 | CD2: 46058 | CE2: 46059 | CF2: 46060 | CG2: 46061 | CH2: 46062 | CI2: 46063 | CJ2: 46064 | CK2: 46065 | CL2: 46066 | CM2: 46067 | CN2: 46068 | CO2: 46069 | CP2: 46070 | CQ2: 46071 | CR2: 46072 | CS2: 46073 | CT2: 46074 | CU2: 46075 | CV2: 46076 | CW2: 46077 | CX2: 46078 | CY2: 46079 | CZ2: 46080 | DA2: 46081 | DC2: 46082 | DD2: 46083 | DE2: 46084 | DF2: 46085 | DG2: 46086 | DH2: 46087 | DI2: 46088 | DJ2: 46089 | DK2: 46090 | DL2: 46091 | DM2: 46092 | DN2: 46093 | DO2: 46094 | DP2: 46095 | DQ2: 46096 | DR2: 46097 | DS2: 46098 | DT2: 46099 | DU2: 46100 | DV2: 46101 | DW2: 46102 | DX2: 46103 | DY2: 46104 | DZ2: 46105 | EA2: 46106 | EB2: 46107 | EC2: 46108 | ED2: 46109 | EE2: 46110 | EF2: 46111 | EG2: 46112 | EI2: 46113 | EJ2: 46114 | EK2: 46115 | EL2: 46116 | EM2: 46117 | EN2: 46118 | EO2: 46119 | EP2: 46120 | EQ2: 46121 | ER2: 46122 | ES2: 46123 | ET2: 46124 | EU2: 46125 | EV2: 46126 | EW2: 46127 | EX2: 46128 | EY2: 46129 | EZ2: 46130 | FA2: 46131 | FB2: 46132 | FC2: 46133 | FD2: 46134 | FE2: 46135 | FF2: 46136 | FG2: 46137 | FH2: 46138 | FI2: 46139 | FJ2: 46140 | FK2: 46141 | FL2: 46142 | FN2: 46143 | FO2: 46144 | FP2: 46145 | FQ2: 46146 | FR2: 46147 | FS2: 46148 | FT2: 46149 | FU2: 46150 | FV2: 46151 | FW2: 46152 | FX2: 46153 | FY2: 46154 | FZ2: 46155 | GA2: 46156 | GB2: 46157 | GC2: 46158 | GD2: 46159 | GE2: 46160 | GF2: 46161 | GG2: 46162 | GH2: 46163 | GI2: 46164 | GJ2: 46165 | GK2: 46166 | GL2: 46167 | GM2: 46168 | GN2: 46169 | GO2: 46170 | GP2: 46171 | GQ2: 46172 | GR2: 46173 | GS2: 1차체크 | GT2: 물량산출 | GU2: 2차체크 | GV2: 내역비교 | GW2: 기준표 검토 | GX2: 설계변경 | GY2: 원가검증
A3: 12 | B3: 현장 발표 완료 | D3: {=INDEX('코드분류표(보조)'!$G$5:$G$72,MATCH(E3,'코드분류표(보조)'!$F$5:$F$72,0))} -> CC-311 | E3: 학술용역-연구_산정 | F3: 국가공무원노동조합 | G3: 공무원 근무시간 면제제도의 운영실태 및 개선방안 관련 정책연구
A4: 11 | B4: 현장 발표 완료 | D4: {=INDEX('코드분류표(보조)'!$G$5:$G$72,MATCH(E4,'코드분류표(보조)'!$F$5:$F$72,0))} -> CC-311 | E4: 학술용역-연구_산정 | F4: 한국발명진흥회 | G4: 2026년~2027년 한국발명진흥회 원가계산 전문용역 기관 선정

Sheet 수주 및 입금 진행현황
A1: 2026년 수주, 세금계산서 및 입금진행현황
V5: 품질관리실 검토여부 및 이동버튼
A6: 견적일자 | B6: 계약기간 | C6: 업무코드 (세부코드) | D6: 업무분류 | F6: 발주처 | G6: 과업명 | H6: 수주방식 | I6: 견적금액 (VAT포함) | J6: 사업비 규모 | K6: 견적 유/무 | L6: 진행상태 | M6: 담당자 | N6: 완료 여부 | O6: 품질 관리실 확인여부 | P6: 보고서 제출일 | Q6: 세금계산서 발행일자 | R6: 세금계산서 발행금액 (VAT 포함) | S6: 입금일 | T6: 잔금 여부 | U6: 비고 | V6: 제안서 | W6: 최종보고서 | X6: 완료계 | Y6: 청구서
A7: 46182.475 | C7: CC-311 | D7: 학술용역-연구 | F7: 창업진흥원 | G7: 몽골 스타트업 지원인력 초청연수 위탁용역 원가계산 | H7: 견적-최저 | I7: 550000 | J7: 90000000 | K7: 유 | L7: 수주 | M7: 장연주 | N7: 완료 | O7: =IF(COUNTIFS('보고서 검토일지(26년)'!$H:$H, $G7, '보고서 검토일지(26년)'!$M:$M, "0", '보고서 검토일지(26년)'!$G:$G, $F7)>0, "완료", "") -> 완료 | P7: 46183
A8: 46182.373 | C8: CC-311 | D8: 학술용역-연구 | F8: 한국에너지기술평가원 | G8: ESG경영 체계 고도화 및 ESG경영보고서 발간 원가계산 | H8: 견적-최저 | I8: 440000 | J8: 55000000 | K8: 유 | L8: 수주 | M8: 장연주
A9: 46181.647 | C9: CC-321 | D9: 학술용역-행사, 운영(대행) | F9: 한국산업기술기획평가원 | G9: 2026 코리아테크페스티벌(가칭) 종합운영·홍보 및 전시설치 용역 원가계산 | H9: 견적-최저 | I9: 660000 | J9: 900000000 | K9: 유 | L9: 수주 | M9: 장연주 | N9: 완료 | O9: =IF(COUNTIFS('보고서 검토일지(26년)'!$H:$H, $G9, '보고서 검토일지(26년)'!$M:$M, "0", '보고서 검토일지(26년)'!$G:$G, $F9)>0, "완료", "") -> 완료 | P9: 46188 | Q9: 46188 | R9: 660000
A10: 46181.647 | C10: CC-311 | D10: 학술용역-연구 | F10: 소상공인시장진흥공단 | G10: 2026년 소상공인 재기지원사업 성과분석 용역 원가계산 | H10: 견적-최저 | I10: 990000 | J10: 사업비 확인불가 | K10: 유 | L10: 수주 | M10: 장연주 | N10: 완료 | O10: =IF(COUNTIFS('보고서 검토일지(26년)'!$H:$H, $G10, '보고서 검토일지(26년)'!$M:$M, "0", '보고서 검토일지(26년)'!$G:$G, $F10)>0, "완료", "") -> 완료 | P10: 46189
A11: 46177.47 | C11: CC-311 | D11: 학술용역-연구 | F11: 한국산업기술진흥원 | G11: 산업기술기반구축 관리 및 활용도 제고 연구용역 원가계산 | H11: 견적-최저 | I11: 440000 | J11: 50000000 | K11: 유 | L11: 수주 | M11: 장연주
A12: 46175.714 | C12: CC-311 | D12: 학술용역-연구 | F12: 한국산업기술진흥원 | G12: 중견기업-공공연구기관 공동기획 성과조사 및 개편방안 마련 용역 원가계산 | H12: 견적-최저 | I12: 330000 | J12: 40000000 | K12: 유 | L12: 수주 | M12: 장연주
A13: 46160.417 | B13: 26.05.29~26.06.12 (착수일로부터 14일) | C13: CB-232 | D13: 공사-개발비용 | F13: 영등포구청 | G13: 양평동 1가 243-1 일대 개발비용 산출명세서 검증용역 | H13: 견적-최저 | I13: 1320000 | J13: 사업비 확인불가 | K13: 유 | L13: 수주
A14: 46175.744 | C14: CC-321 | D14: 학술용역-행사, 운영(대행) | F14: 인천창조경제혁신센터 | G14: 모두의 창업 프로젝트 출범식 및 오리엔테이션 운영 용역 원가계산 | H14: 견적-최저 | I14: 440000 | J14: 사업비 확인불가 | K14: 유 | L14: 수주 | M14: 장연주 | N14: 완료 | O14: =IF(COUNTIFS('보고서 검토일지(26년)'!$H:$H, $G14, '보고서 검토일지(26년)'!$M:$M, "0", '보고서 검토일지(26년)'!$G:$G, $F14)>0, "완료", "") -> 완료
A15: 46174.561 | C15: CC-311 | D15: 학술용역-연구 | F15: (재)장애인기업종합지원센터 | G15: 2026년 창업사업화 지원사업 수혜자 집행 내역 회계점검 원가계산 | H15: 견적-최저 | I15: 330000 | J15: 11000000 | K15: 유 | L15: 수주 | M15: 장연주 | N15: 완료 | O15: =IF(COUNTIFS('보고서 검토일지(26년)'!$H:$H, $G15, '보고서 검토일지(26년)'!$M:$M, "0", '보고서 검토일지(26년)'!$G:$G, $F15)>0, "완료", "") -> 완료 | P15: 46178 | Q15: 46178 | R15: 330000
A16: 46171 | C16: CC-311 | D16: 학술용역-연구 | F16: 한국산업기술진흥원 | G16: 첨단산업 인재혁신 촉진제도 홍보 용역 원가계산 | H16: 견적-최저 | I16: 880000 | J16: 104000000 | K16: 유 | L16: 수주 | M16: 장연주 | N16: 완료 | O16: =IF(COUNTIFS('보고서 검토일지(26년)'!$H:$H, $G16, '보고서 검토일지(26년)'!$M:$M, "0", '보고서 검토일지(26년)'!$G:$G, $F16)>0, "완료", "") -> 완료 | P16: 46171 | Q16: 46178 | R16: 880000 | V16: {=LET(행번호, MATCH(1, INDEX(('보고서 검토일지(26년)'!$G:$G=F16) * ('보고서 검토일지(26년)'!$H:$H=G16) * ('보고서 검토일지(26년)'!$I:$I="제안서"), 0), 0), IF(ISNUMBER(행번호), HYPERLINK("#gid=" & "0" & "&range=A" & 행번호, "완료"), "-"))} -> - | W16: 완료 | X16: 완료 | Y16: 완료
A17: 46170.428 | C17: CC-311 | D17: 학술용역-연구 | F17: 한국산업기술기획평가원 | G17: KEIT(한국산업기술기획평가원) R&D지원 효과 종합분석 용역 원가계산 | H17: 견적-최저 | I17: 660000 | J17: 105000000 | K17: 유 | L17: 수주 | M17: 장연주 | N17: 완료 | O17: =IF(COUNTIFS('보고서 검토일지(26년)'!$H:$H, $G17, '보고서 검토일지(26년)'!$M:$M, "0", '보고서 검토일지(26년)'!$G:$G, $F17)>0, "완료", "") -> 완료 | P17: 46178
A18: 46170.462 | C18: CC-321 | D18: 학술용역-행사, 운영(대행) | F18: 한국의료기기안전정보원 | G18: MDSAP 평가자 양성 교육 운영 원가계산 | H18: 견적-최저 | I18: 440000 | J18: 6000000 | K18: 유 | L18: 수주 | M18: 장연주 | N18: 완료 | O18: =IF(COUNTIFS('보고서 검토일지(26년)'!$H:$H, $G18, '보고서 검토일지(26년)'!$M:$M, "0", '보고서 검토일지(26년)'!$G:$G, $F18)>0, "완료", "") -> 완료 | P18: 46175 | Q18: 46178 | R18: 440000 | V18: {=LET(행번호, MATCH(1, INDEX(('보고서 검토일지(26년)'!$G:$G=F18) * ('보고서 검토일지(26년)'!$H:$H=G18) * ('보고서 검토일지(26년)'!$I:$I="제안서"), 0), 0), IF(ISNUMBER(행번호), HYPERLINK("#gid=" & "0" & "&range=A" & 행번호, "완료"), "-"))} -> - | W18: 완료 | X18: {=LET(행번호, MATCH(1, INDEX(('보고서 검토일지(26년)'!$G:$G=F18) * ('보고서 검토일지(26년)'!$H:$H=G18) * ('보고서 검토일지(26년)'!$I:$I="완료계"), 0), 0), IF(ISNUMBER(행번호), HYPERLINK("#gid=" & "0" & "&range=A" & 행번호, "완료"), "-"))} -> - | Y18: 완료
A19: 46170.424 | C19: CB-211 | D19: 공사-공사원가 | F19: 스이레이 | G19: 2026년 안전동행 지원사업 원가계산 | H19: 연단가-견적 | I19: 880000 | J19: 사업비 확인불가 | K19: 유 | L19: 연단가 | M19: 하은정 | N19: 완료 | O19: =IF(COUNTIFS('보고서 검토일지(26년)'!$H:$H, $G19, '보고서 검토일지(26년)'!$M:$M, "0", '보고서 검토일지(26년)'!$G:$G, $F19)>0, "완료", "") -> 완료 | P19: 46170 | V19: {=LET(행번호, MATCH(1, INDEX(('보고서 검토일지(26년)'!$G:$G=F19) * ('보고서 검토일지(26년)'!$H:$H=G19) * ('보고서 검토일지(26년)'!$I:$I="제안서"), 0), 0), IF(ISNUMBER(행번호), HYPERLINK("#gid=" & "0" & "&range=A" & 행번호, "완료"), "-"))} -> - | W19: 완료 | X19: {=LET(행번호, MATCH(1, INDEX(('보고서 검토일지(26년)'!$G:$G=F19) * ('보고서 검토일지(26년)'!$H:$H=G19) * ('보고서 검토일지(26년)'!$I:$I="완료계"), 0), 0), IF(ISNUMBER(행번호), HYPERLINK("#gid=" & "0" & "&range=A" & 행번호, "완료"), "-"))} -> - | Y19: {=LET(행번호, MATCH(1, INDEX(('보고서 검토일지(26년)'!$G:$G=F19) * ('보고서 검토일지(26년)'!$H:$H=G19) * ('보고서 검토일지(26년)'!$I:$I="청구서"), 0), 0), IF(ISNUMBER(행번호), HYPERLINK("#gid=" & "0" & "&range=A" & 행번호, "완료"), "-"))} -> -
A20: 46170.424 | C20: CB-211 | D20: 공사-공사원가 | F20: 엠탑 | G20: 2026년 안전동행 지원사업 원가계산 | H20: 연단가-견적 | I20: 880000 | J20: 사업비 확인불가 | K20: 유 | L20: 연단가 | M20: 하은정 | N20: 완료 | O20: =IF(COUNTIFS('보고서 검토일지(26년)'!$H:$H, $G20, '보고서 검토일지(26년)'!$M:$M, "0", '보고서 검토일지(26년)'!$G:$G, $F20)>0, "완료", "") -> 완료 | P20: 46170 | V20: {=LET(행번호, MATCH(1, INDEX(('보고서 검토일지(26년)'!$G:$G=F20) * ('보고서 검토일지(26년)'!$H:$H=G20) * ('보고서 검토일지(26년)'!$I:$I="제안서"), 0), 0), IF(ISNUMBER(행번호), HYPERLINK("#gid=" & "0" & "&range=A" & 행번호, "완료"), "-"))} -> - | W20: 완료 | X20: {=LET(행번호, MATCH(1, INDEX(('보고서 검토일지(26년)'!$G:$G=F20) * ('보고서 검토일지(26년)'!$H:$H=G20) * ('보고서 검토일지(26년)'!$I:$I="완료계"), 0), 0), IF(ISNUMBER(행번호), HYPERLINK("#gid=" & "0" & "&range=A" & 행번호, "완료"), "-"))} -> - | Y20: {=LET(행번호, MATCH(1, INDEX(('보고서 검토일지(26년)'!$G:$G=F20) * ('보고서 검토일지(26년)'!$H:$H=G20) * ('보고서 검토일지(26년)'!$I:$I="청구서"), 0), 0), IF(ISNUMBER(행번호), HYPERLINK("#gid=" & "0" & "&range=A" & 행번호, "완료"), "-"))} -> -
A21: 46170.424 | C21: CB-211 | D21: 공사-공사원가 | F21: 신양플레이팅 | G21: 2026년 안전동행 지원사업 원가계산 | H21: 연단가-견적 | I21: 880000 | J21: 사업비 확인불가 | K21: 유 | L21: 연단가 | M21: 하은정 | N21: 완료 | O21: =IF(COUNTIFS('보고서 검토일지(26년)'!$H:$H, $G21, '보고서 검토일지(26년)'!$M:$M, "0", '보고서 검토일지(26년)'!$G:$G, $F21)>0, "완료", "") -> 완료 | P21: 46170 | V21: {=LET(행번호, MATCH(1, INDEX(('보고서 검토일지(26년)'!$G:$G=F21) * ('보고서 검토일지(26년)'!$H:$H=G21) * ('보고서 검토일지(26년)'!$I:$I="제안서"), 0), 0), IF(ISNUMBER(행번호), HYPERLINK("#gid=" & "0" & "&range=A" & 행번호, "완료"), "-"))} -> - | W21: 완료 | X21: {=LET(행번호, MATCH(1, INDEX(('보고서 검토일지(26년)'!$G:$G=F21) * ('보고서 검토일지(26년)'!$H:$H=G21) * ('보고서 검토일지(26년)'!$I:$I="완료계"), 0), 0), IF(ISNUMBER(행번호), HYPERLINK("#gid=" & "0" & "&range=A" & 행번호, "완료"), "-"))} -> - | Y21: {=LET(행번호, MATCH(1, INDEX(('보고서 검토일지(26년)'!$G:$G=F21) * ('보고서 검토일지(26년)'!$H:$H=G21) * ('보고서 검토일지(26년)'!$I:$I="청구서"), 0), 0), IF(ISNUMBER(행번호), HYPERLINK("#gid=" & "0" & "&range=A" & 행번호, "완료"), "-"))} -> -
A22: 46169.611 | C22: CC-311 | D22: 학술용역-연구 | F22: 한국산업기술진흥원 | G22: 2026년 기후에너지환경부 ODA 종료평가 용역 원가계산 | H22: 견적-최저 | I22: 880000 | J22: 230000000 | K22: 유 | L22: 수주 | M22: 장연주
A23: 46164.714 | C23: CC-321 | D23: 학술용역-행사, 운영(대행) | F23: 정보통신기획평가원 | G23: CES 2027 디지털 청년인재 토크콘서트 행사 기획 및 운영 용역 원가계산 | H23: 견적-최저 | I23: 1100000 | J23: 170000000 | K23: 유 | L23: 수주 | M23: 장연주 | N23: 완료 | O23: =IF(COUNTIFS('보고서 검토일지(26년)'!$H:$H, $G23, '보고서 검토일지(26년)'!$M:$M, "0", '보고서 검토일지(26년)'!$G:$G, $F23)>0, "완료", "") -> 완료 | P23: 46171 | V23: {=LET(행번호, MATCH(1, INDEX(('보고서 검토일지(26년)'!$G:$G=F23) * ('보고서 검토일지(26년)'!$H:$H=G23) * ('보고서 검토일지(26년)'!$I:$I="제안서"), 0), 0), IF(ISNUMBER(행번호), HYPERLINK("#gid=" & "0" & "&range=A" & 행번호, "완료"), "-"))} -> - | W23: 완료 | X23: 완료 | Y23: {=LET(행번호, MATCH(1, INDEX(('보고서 검토일지(26년)'!$G:$G=F23) * ('보고서 검토일지(26년)'!$H:$H=G23) * ('보고서 검토일지(26년)'!$I:$I="청구서"), 0), 0), IF(ISNUMBER(행번호), HYPERLINK("#gid=" & "0" & "&range=A" & 행번호, "완료"), "-"))} -> -
A24: 46164.464 | C24: CC-321 | D24: 학술용역-행사, 운영(대행) | F24: 인천창조경제혁신센터 | G24: 모두의 창업 프로젝트 선배 창업자 인사이트 강연 운영 용역 원가계산 | H24: 견적-최저 | I24: 330000 | J24: 13700000 | K24: 유 | L24: 수주 | M24: 장연주 | N24: 완료 | O24: =IF(COUNTIFS('보고서 검토일지(26년)'!$H:$H, $G24, '보고서 검토일지(26년)'!$M:$M, "0", '보고서 검토일지(26년)'!$G:$G, $F24)>0, "완료", "") -> 완료 | P24: 46169 | Q24: 46169 | R24: 330000 | V24: {=LET(행번호, MATCH(1, INDEX(('보고서 검토일지(26년)'!$G:$G=F24) * ('보고서 검토일지(26년)'!$H:$H=G24) * ('보고서 검토일지(26년)'!$I:$I="제안서"), 0), 0), IF(ISNUMBER(행번호), HYPERLINK("#gid=" & "0" & "&range=A" & 행번호, "완료"), "-"))} -> - | W24: 완료 | X24: {=LET(행번호, MATCH(1, INDEX(('보고서 검토일지(26년)'!$G:$G=F24) * ('보고서 검토일지(26년)'!$H:$H=G24) * ('보고서 검토일지(26년)'!$I:$I="완료계"), 0), 0), IF(ISNUMBER(행번호), HYPERLINK("#gid=" & "0" & "&range=A" & 행번호, "완료"), "-"))} -> - | Y24: 완료
A25: 46162.569 | C25: CC-341 | D25: 일반용역-S/W | F25: 한국방사선진흥협회 | G25: RATIS AI 도입을 위한 DB 정비 및 AI 챗봇 서비스 개발(시범운영) 원가계산 | H25: 견적-최저 | I25: 1650000 | J25: 170000000 | K25: 유 | L25: 수주 | M25: 장연주 | N25: 완료 | O25: =IF(COUNTIFS('보고서 검토일지(26년)'!$H:$H, $G25, '보고서 검토일지(26년)'!$M:$M, "0", '보고서 검토일지(26년)'!$G:$G, $F25)>0, "완료", "") -> 완료 | P25: 46184 | Q25: 46184 | R25: 1650000 | V25: {=LET(행번호, MATCH(1, INDEX(('보고서 검토일지(26년)'!$G:$G=F25) * ('보고서 검토일지(26년)'!$H:$H=G25) * ('보고서 검토일지(26년)'!$I:$I="제안서"), 0), 0), IF(ISNUMBER(행번호), HYPERLINK("#gid=" & "0" & "&range=A" & 행번호, "완료"), "-"))} -> - | W25: 완료 | X25: 완료 | Y25: 완료
A26: 46161.579 | C26: CC-311 | D26: 학술용역-연구 | F26: 소상공인시장진흥공단 | G26: 2026년 스마트상점 기술보급사업 홍보전략 수립 및 운영 용역 원가계산 | H26: 견적-최저 | I26: 1650000 | J26: 250000000 | K26: 유 | L26: 수주 | M26: 장연주 | N26: 완료 | O26: =IF(COUNTIFS('보고서 검토일지(26년)'!$H:$H, $G26, '보고서 검토일지(26년)'!$M:$M, "0", '보고서 검토일지(26년)'!$G:$G, $F26)>0, "완료", "") -> 완료 | P26: 46170 | V26: {=LET(행번호, MATCH(1, INDEX(('보고서 검토일지(26년)'!$G:$G=F26) * ('보고서 검토일지(26년)'!$H:$H=G26) * ('보고서 검토일지(26년)'!$I:$I="제안서"), 0), 0), IF(ISNUMBER(행번호), HYPERLINK("#gid=" & "0" & "&range=A" & 행번호, "완료"), "-"))} -> - | W26: 완료 | X26: 완료 | Y26: {=LET(행번호, MATCH(1, INDEX(('보고서 검토일지(26년)'!$G:$G=F26) * ('보고서 검토일지(26년)'!$H:$H=G26) * ('보고서 검토일지(26년)'!$I:$I="청구서"), 0), 0), IF(ISNUMBER(행번호), HYPERLINK("#gid=" & "0" & "&range=A" & 행번호, "완료"), "-"))} -> -
A27: 46161.579 | C27: CC-321 | D27: 학술용역-행사, 운영(대행) | F27: (재)경남창조경제혁신센터 | G27: 2026 경남 창업기업 역량강화 A.C.E경진대회 프로그램 운영 용역 원가계산 | H27: 견적-최저 | I27: 900000 | J27: 74000000 | K27: 유 | L27: 수주 | M27: 장연주 | N27: 완료 | O27: =IF(COUNTIFS('보고서 검토일지(26년)'!$H:$H, $G27, '보고서 검토일지(26년)'!$M:$M, "0", '보고서 검토일지(26년)'!$G:$G, $F27)>0, "완료", "") -> 완료 | P27: 46169 | Q27: 46174 | R27: 900000 | V27: {=LET(행번호, MATCH(1, INDEX(('보고서 검토일지(26년)'!$G:$G=F27) * ('보고서 검토일지(26년)'!$H:$H=G27) * ('보고서 검토일지(26년)'!$I:$I="제안서"), 0), 0), IF(ISNUMBER(행번호), HYPERLINK("#gid=" & "0" & "&range=A" & 행번호, "완료"), "-"))} -> - | W27: 완료 | X27: {=LET(행번호, MATCH(1, INDEX(('보고서 검토일지(26년)'!$G:$G=F27) * ('보고서 검토일지(26년)'!$H:$H=G27) * ('보고서 검토일지(26년)'!$I:$I="완료계"), 0), 0), IF(ISNUMBER(행번호), HYPERLINK("#gid=" & "0" & "&range=A" & 행번호, "완료"), "-"))} -> - | Y27: 완료
A28: 46157.447 | C28: CC-341 | D28: 일반용역-S/W | F28: 창업진흥원 | G28: 원스톱 지원센터 상담플랫폼 기능개선 용역 원가계산 | H28: 견적-최저 | I28: 1100000 | J28: 198000000 | K28: 유 | L28: 수주 | M28: 장연주 | N28: 완료 | O28: =IF(COUNTIFS('보고서 검토일지(26년)'!$H:$H, $G28, '보고서 검토일지(26년)'!$M:$M, "0", '보고서 검토일지(26년)'!$G:$G, $F28)>0, "완료", "") -> 완료 | P28: 46164 | Q28: 46168 | R28: 1100000 | V28: {=LET(행번호, MATCH(1, INDEX(('보고서 검토일지(26년)'!$G:$G=F28) * ('보고서 검토일지(26년)'!$H:$H=G28) * ('보고서 검토일지(26년)'!$I:$I="제안서"), 0), 0), IF(ISNUMBER(행번호), HYPERLINK("#gid=" & "0" & "&range=A" & 행번호, "완료"), "-"))} -> - | W28: 완료 | X28: 완료 | Y28: {=LET(행번호, MATCH(1, INDEX(('보고서 검토일지(26년)'!$G:$G=F28) * ('보고서 검토일지(26년)'!$H:$H=G28) * ('보고서 검토일지(26년)'!$I:$I="청구서"), 0), 0), IF(ISNUMBER(행번호), HYPERLINK("#gid=" & "0" & "&range=A" & 행번호, "완료"), "-"))} -> -
A29: 46157.447 | C29: CA-111 | D29: 제조-제조(제작설치포함) | F29: (주)위즈윙 | G29: AI기반 순찰용 배터리 자동교체식 드론시스템 원가계산 | H29: 견적-최저 | I29: 990000 | J29: 사업비 확인불가 | K29: 유 | L29: 수주 | M29: 하은정 | N29: 완료 | O29: =IF(COUNTIFS('보고서 검토일지(26년)'!$H:$H, $G29, '보고서 검토일지(26년)'!$M:$M, "0", '보고서 검토일지(26년)'!$G:$G, $F29)>0, "완료", "") | P29: 46157 | V29: {=LET(행번호, MATCH(1, INDEX(('보고서 검토일지(26년)'!$G:$G=F29) * ('보고서 검토일지(26년)'!$H:$H=G29) * ('보고서 검토일지(26년)'!$I:$I="제안서"), 0), 0), IF(ISNUMBER(행번호), HYPERLINK("#gid=" & "0" & "&range=A" & 행번호, "완료"), "-"))} -> - | W29: {=LET(행번호, MATCH(1, INDEX(('보고서 검토일지(26년)'!$G:$G=F29) * ('보고서 검토일지(26년)'!$H:$H=G29) * ('보고서 검토일지(26년)'!$I:$I="최종보고서"), 0), 0), IF(ISNUMBER(행번호), HYPERLINK("#gid=" & "0" & "&range=A" & 행번호, "완료"), "-"))} -> - | X29: {=LET(행번호, MATCH(1, INDEX(('보고서 검토일지(26년)'!$G:$G=F29) * ('보고서 검토일지(26년)'!$H:$H=G29) * ('보고서 검토일지(26년)'!$I:$I="완료계"), 0), 0), IF(ISNUMBER(행번호), HYPERLINK("#gid=" & "0" & "&range=A" & 행번호, "완료"), "-"))} -> - | Y29: {=LET(행번호, MATCH(1, INDEX(('보고서 검토일지(26년)'!$G:$G=F29) * ('보고서 검토일지(26년)'!$H:$H=G29) * ('보고서 검토일지(26년)'!$I:$I="청구서"), 0), 0), IF(ISNUMBER(행번호), HYPERLINK("#gid=" & "0" & "&range=A" & 행번호, "완료"), "-"))} -> -
A30: 46157.447 | C30: CC-311 | D30: 학술용역-연구 | F30: 한국산업기술진흥원 | G30: 2026년도 글로벌 산업기술정책 동향조사분석 원가계산 | H30: 견적-최저 | I30: 770000 | J30: 140000000 | K30: 유 | L30: 수주 | M30: 장연주 | N30: 완료 | O30: =IF(COUNTIFS('보고서 검토일지(26년)'!$H:$H, $G30, '보고서 검토일지(26년)'!$M:$M, "0", '보고서 검토일지(26년)'!$G:$G, $F30)>0, "완료", "") -> 완료 | P30: 46162 | Q30: 46163 | R30: 770000 | V30: {=LET(행번호, MATCH(1, INDEX(('보고서 검토일지(26년)'!$G:$G=F30) * ('보고서 검토일지(26년)'!$H:$H=G30) * ('보고서 검토일지(26년)'!$I:$I="제안서"), 0), 0), IF(ISNUMBER(행번호), HYPERLINK("#gid=" & "0" & "&range=A" & 행번호, "완료"), "-"))} -> - | W30: 완료 | X30: 완료 | Y30: {=LET(행번호, MATCH(1, INDEX(('보고서 검토일지(26년)'!$G:$G=F30) * ('보고서 검토일지(26년)'!$H:$H=G30) * ('보고서 검토일지(26년)'!$I:$I="청구서"), 0), 0), IF(ISNUMBER(행번호), HYPERLINK("#gid=" & "0" & "&range=A" & 행번호, "완료"), "-"))} -> -
A31: 46157.684 | C31: CC-321 | D31: 학술용역-행사, 운영(대행) | F31: 소상공인시장진흥공단 | G31: ‘26년 로컬창업기업 육성 성과확산 용역 원가계산 | H31: 견적-최저 | I31: 1980000 | J31: 420000000 | K31: 유 | L31: 수주 | M31: 장연주 | N31: 완료 | O31: =IF(COUNTIFS('보고서 검토일지(26년)'!$H:$H, $G31, '보고서 검토일지(26년)'!$M:$M, "0", '보고서 검토일지(26년)'!$G:$G, $F31)>0, "완료", "") -> 완료 | P31: 46161 | V31: {=LET(행번호, MATCH(1, INDEX(('보고서 검토일지(26년)'!$G:$G=F31) * ('보고서 검토일지(26년)'!$H:$H=G31) * ('보고서 검토일지(26년)'!$I:$I="제안서"), 0), 0), IF(ISNUMBER(행번호), HYPERLINK("#gid=" & "0" & "&range=A" & 행번호, "완료"), "-"))} -> - | W31: 완료 | X31: 완료 | Y31: {=LET(행번호, MATCH(1, INDEX(('보고서 검토일지(26년)'!$G:$G=F31) * ('보고서 검토일지(26년)'!$H:$H=G31) * ('보고서 검토일지(26년)'!$I:$I="청구서"), 0), 0), IF(ISNUMBER(행번호), HYPERLINK("#gid=" & "0" & "&range=A" & 행번호, "완료"), "-"))} -> -
A32: 46160.632 | C32: CC-311 | D32: 학술용역-연구 | F32: 건설근로자공제회 | G32: 건설근로자 인력수급전망 모형 구축 연구용역 원가계산 | H32: 연단가-견적 | I32: 550000 | J32: 84500000 | K32: 유 | L32: 연단가 | M32: 장연주 | N32: 완료 | O32: =IF(COUNTIFS('보고서 검토일지(26년)'!$H:$H, $G32, '보고서 검토일지(26년)'!$M:$M, "0", '보고서 검토일지(26년)'!$G:$G, $F32)>0, "완료", "") -> 완료 | P32: 46160 | Q32: 46160 | R32: 550000 | V32: {=LET(행번호, MATCH(1, INDEX(('보고서 검토일지(26년)'!$G:$G=F32) * ('보고서 검토일지(26년)'!$H:$H=G32) * ('보고서 검토일지(26년)'!$I:$I="제안서"), 0), 0), IF(ISNUMBER(행번호), HYPERLINK("#gid=" & "0" & "&range=A" & 행번호, "완료"), "-"))} -> - | W32: 완료 | X32: 완료 | Y32: {=LET(행번호, MATCH(1, INDEX(('보고서 검토일지(26년)'!$G:$G=F32) * ('보고서 검토일지(26년)'!$H:$H=G32) * ('보고서 검토일지(26년)'!$I:$I="청구서"), 0), 0), IF(ISNUMBER(행번호), HYPERLINK("#gid=" & "0" & "&range=A" & 행번호, "완료"), "-"))} -> -
A33: 46155.774 | C33: CC-311 | D33: 학술용역-연구 | F33: 한국방사선진흥협회 | G33: 방사선 계측 방법별 교육 가상환경 구축을 위한 VR 교육 자료 콘텐츠 제작 및 UI/UX 제작 원가계산 | H33: 견적-최저 | I33: 1650000 | J33: 150000000 | K33: 유 | L33: 수주 | M33: 장연주 | N33: 완료 | O33: =IF(COUNTIFS('보고서 검토일지(26년)'!$H:$H, $G33, '보고서 검토일지(26년)'!$M:$M, "0", '보고서 검토일지(26년)'!$G:$G, $F33)>0, "완료", "") -> 완료 | P33: 46169 | Q33: 46169 | R33: 1650000 | V33: {=LET(행번호, MATCH(1, INDEX(('보고서 검토일지(26년)'!$G:$G=F33) * ('보고서 검토일지(26년)'!$H:$H=G33) * ('보고서 검토일지(26년)'!$I:$I="제안서"), 0), 0), IF(ISNUMBER(행번호), HYPERLINK("#gid=" & "0" & "&range=A" & 행번호, "완료"), "-"))} -> - | W33: 완료 | X33: 완료 | Y33: 완료
A34: 46155.773 | C34: CC-311 | D34: 학술용역-연구 | F34: 한국방사선진흥협회 | G34: 이러닝플랫폼 AI Agent 개발 용역 원가계산 | H34: 견적-최저 | I34: 1650000 | J34: 104000000 | K34: 유 | L34: 수주 | M34: 장연주 | N34: 완료 | O34: =IF(COUNTIFS('보고서 검토일지(26년)'!$H:$H, $G34, '보고서 검토일지(26년)'!$M:$M, "0", '보고서 검토일지(26년)'!$G:$G, $F34)>0, "완료", "") -> 완료 | P34: 46169 | Q34: 46169 | R34: 1650000 | V34: {=LET(행번호, MATCH(1, INDEX(('보고서 검토일지(26년)'!$G:$G=F34) * ('보고서 검토일지(26년)'!$H:$H=G34) * ('보고서 검토일지(26년)'!$I:$I="제안서"), 0), 0), IF(ISNUMBER(행번호), HYPERLINK("#gid=" & "0" & "&range=A" & 행번호, "완료"), "-"))} -> - | W34: 완료 | X34: 완료 | Y34: 완료
A35: 46154.745 | C35: CB-211 | D35: 공사-공사원가 | F35: 한국자산관리공사 | G35: 용인통합청사 신축 전기, 통신, 소방 원가검증 | H35: 견적-최저 | I35: 330000 | J35: 사업비 확인불가 | K35: 유 | L35: 수주 | M35: 하은정 | V35: {=LET(행번호, MATCH(1, INDEX(('보고서 검토일지(26년)'!$G:$G=F35) * ('보고서 검토일지(26년)'!$H:$H=G35) * ('보고서 검토일지(26년)'!$I:$I="제안서"), 0), 0), IF(ISNUMBER(행번호), HYPERLINK("#gid=" & "0" & "&range=A" & 행번호, "완료"), "-"))} -> - | W35: {=LET(행번호, MATCH(1, INDEX(('보고서 검토일지(26년)'!$G:$G=F35) * ('보고서 검토일지(26년)'!$H:$H=G35) * ('보고서 검토일지(26년)'!$I:$I="최종보고서"), 0), 0), IF(ISNUMBER(행번호), HYPERLINK("#gid=" & "0" & "&range=A" & 행번호, "완료"), "-"))} -> - | X35: {=LET(행번호, MATCH(1, INDEX(('보고서 검토일지(26년)'!$G:$G=F35) * ('보고서 검토일지(26년)'!$H:$H=G35) * ('보고서 검토일지(26년)'!$I:$I="완료계"), 0), 0), IF(ISNUMBER(행번호), HYPERLINK("#gid=" & "0" & "&range=A" & 행번호, "완료"), "-"))} -> - | Y35: {=LET(행번호, MATCH(1, INDEX(('보고서 검토일지(26년)'!$G:$G=F35) * ('보고서 검토일지(26년)'!$H:$H=G35) * ('보고서 검토일지(26년)'!$I:$I="청구서"), 0), 0), IF(ISNUMBER(행번호), HYPERLINK("#gid=" & "0" & "&range=A" & 행번호, "완료"), "-"))} -> -
A36: 46154.739 | C36: CC-321 | D36: 학술용역-행사, 운영(대행) | F36: 포방터시장 문화관광형시장 육성사업단 | G36: 2026년 포방터시장 특화 디자인 거리 조성 사업 원가계산 | H36: 견적-최저 | I36: 550000 | J36: 39450000 | K36: 유 | L36: 수주 | M36: 하은정 | N36: 완료 | O36: =IF(COUNTIFS('보고서 검토일지(26년)'!$H:$H, $G36, '보고서 검토일지(26년)'!$M:$M, "0", '보고서 검토일지(26년)'!$G:$G, $F36)>0, "완료", "") -> 완료 | P36: 46163 | V36: {=LET(행번호, MATCH(1, INDEX(('보고서 검토일지(26년)'!$G:$G=F36) * ('보고서 검토일지(26년)'!$H:$H=G36) * ('보고서 검토일지(26년)'!$I:$I="제안서"), 0), 0), IF(ISNUMBER(행번호), HYPERLINK("#gid=" & "0" & "&range=A" & 행번호, "완료"), "-"))} -> - | W36: 완료 | X36: {=LET(행번호, MATCH(1, INDEX(('보고서 검토일지(26년)'!$G:$G=F36) * ('보고서 검토일지(26년)'!$H:$H=G36) * ('보고서 검토일지(26년)'!$I:$I="완료계"), 0), 0), IF(ISNUMBER(행번호), HYPERLINK("#gid=" & "0" & "&range=A" & 행번호, "완료"), "-"))} -> - | Y36: {=LET(행번호, MATCH(1, INDEX(('보고서 검토일지(26년)'!$G:$G=F36) * ('보고서 검토일지(26년)'!$H:$H=G36) * ('보고서 검토일지(26년)'!$I:$I="청구서"), 0), 0), IF(ISNUMBER(행번호), HYPERLINK("#gid=" & "0" & "&range=A" & 행번호, "완료"), "-"))} -> -
A37: 46154.739 | C37: CC-311 | D37: 학술용역-연구 | F37: 한국장애인고용공단 | G37: 장애인 고용컨설팅 포털 콘텐츠 수집‧구성 연구용역 원가계산 | H37: 견적-최저 | I37: 550000 | J37: 120000000 | K37: 유 | L37: 수주 | M37: 장연주 | N37: 완료 | O37: =IF(COUNTIFS('보고서 검토일지(26년)'!$H:$H, $G37, '보고서 검토일지(26년)'!$M:$M, "0", '보고서 검토일지(26년)'!$G:$G, $F37)>0, "완료", "") -> 완료 | P37: 46169 | V37: {=LET(행번호, MATCH(1, INDEX(('보고서 검토일지(26년)'!$G:$G=F37) * ('보고서 검토일지(26년)'!$H:$H=G37) * ('보고서 검토일지(26년)'!$I:$I="제안서"), 0), 0), IF(ISNUMBER(행번호), HYPERLINK("#gid=" & "0" & "&range=A" & 행번호, "완료"), "-"))} -> - | W37: 완료 | X37: 완료 | Y37: {=LET(행번호, MATCH(1, INDEX(('보고서 검토일지(26년)'!$G:$G=F37) * ('보고서 검토일지(26년)'!$H:$H=G37) * ('보고서 검토일지(26년)'!$I:$I="청구서"), 0), 0), IF(ISNUMBER(행번호), HYPERLINK("#gid=" & "0" & "&range=A" & 행번호, "완료"), "-"))} -> -
A38: 46154.739 | C38: CC-321 | D38: 학술용역-행사, 운영(대행) | F38: 인천창조경제혁신센터 | G38: 2026년 창업-BuS 연합IR 행사 운영(미래산업 및 투자활성화 세미나) 원가계산 | H38: 견적-최저 | I38: 330000 | J38: 20000000 | K38: 유 | L38: 수주 | M38: 장연주 | N38: 완료 | O38: =IF(COUNTIFS('보고서 검토일지(26년)'!$H:$H, $G38, '보고서 검토일지(26년)'!$M:$M, "0", '보고서 검토일지(26년)'!$G:$G, $F38)>0, "완료", "") -> 완료 | P38: 46156 | Q38: 46163 | R38: 330000 | V38: {=LET(행번호, MATCH(1, INDEX(('보고서 검토일지(26년)'!$G:$G=F38) * ('보고서 검토일지(26년)'!$H:$H=G38) * ('보고서 검토일지(26년)'!$I:$I="제안서"), 0), 0), IF(ISNUMBER(행번호), HYPERLINK("#gid=" & "0" & "&range=A" & 행번호, "완료"), "-"))} -> - | W38: 완료 | X38: {=LET(행번호, MATCH(1, INDEX(('보고서 검토일지(26년)'!$G:$G=F38) * ('보고서 검토일지(26년)'!$H:$H=G38) * ('보고서 검토일지(26년)'!$I:$I="완료계"), 0), 0), IF(ISNUMBER(행번호), HYPERLINK("#gid=" & "0" & "&range=A" & 행번호, "완료"), "-"))} -> - | Y38: 완료
A39: 46155.475 | C39: CG-712 | D39: 클레임-사감정 | F39: 한국공항공사 | G39: 한국공항공사 간접비 청구 감정 | I39: 7300000 | J39: 사업비 확인불가 | K39: 유 | L39: 수주 | V39: {=LET(행번호, MATCH(1, INDEX(('보고서 검토일지(26년)'!$G:$G=F39) * ('보고서 검토일지(26년)'!$H:$H=G39) * ('보고서 검토일지(26년)'!$I:$I="제안서"), 0), 0), IF(ISNUMBER(행번호), HYPERLINK("#gid=" & "0" & "&range=A" & 행번호, "완료"), "-"))} -> - | W39: {=LET(행번호, MATCH(1, INDEX(('보고서 검토일지(26년)'!$G:$G=F39) * ('보고서 검토일지(26년)'!$H:$H=G39) * ('보고서 검토일지(26년)'!$I:$I="최종보고서"), 0), 0), IF(ISNUMBER(행번호), HYPERLINK("#gid=" & "0" & "&range=A" & 행번호, "완료"), "-"))} -> - | X39: {=LET(행번호, MATCH(1, INDEX(('보고서 검토일지(26년)'!$G:$G=F39) * ('보고서 검토일지(26년)'!$H:$H=G39) * ('보고서 검토일지(26년)'!$I:$I="완료계"), 0), 0), IF(ISNUMBER(행번호), HYPERLINK("#gid=" & "0" & "&range=A" & 행번호, "완료"), "-"))} -> - | Y39: {=LET(행번호, MATCH(1, INDEX(('보고서 검토일지(26년)'!$G:$G=F39) * ('보고서 검토일지(26년)'!$H:$H=G39) * ('보고서 검토일지(26년)'!$I:$I="청구서"), 0), 0), IF(ISNUMBER(행번호), HYPERLINK("#gid=" & "0" & "&range=A" & 행번호, "완료"), "-"))} -> -
A40: 46153.735 | C40: CA-111 | D40: 제조-제조(제작설치포함) | F40: 주식회사 닷 | G40: 신규 제품 원가계산 | H40: 견적-최저 | I40: 550000 | J40: 사업비 확인불가 | K40: 유 | L40: 수주 | M40: 하은정 | V40: {=LET(행번호, MATCH(1, INDEX(('보고서 검토일지(26년)'!$G:$G=F40) * ('보고서 검토일지(26년)'!$H:$H=G40) * ('보고서 검토일지(26년)'!$I:$I="제안서"), 0), 0), IF(ISNUMBER(행번호), HYPERLINK("#gid=" & "0" & "&range=A" & 행번호, "완료"), "-"))} -> - | W40: {=LET(행번호, MATCH(1, INDEX(('보고서 검토일지(26년)'!$G:$G=F40) * ('보고서 검토일지(26년)'!$H:$H=G40) * ('보고서 검토일지(26년)'!$I:$I="최종보고서"), 0), 0), IF(ISNUMBER(행번호), HYPERLINK("#gid=" & "0" & "&range=A" & 행번호, "완료"), "-"))} -> - | X40: {=LET(행번호, MATCH(1, INDEX(('보고서 검토일지(26년)'!$G:$G=F40) * ('보고서 검토일지(26년)'!$H:$H=G40) * ('보고서 검토일지(26년)'!$I:$I="완료계"), 0), 0), IF(ISNUMBER(행번호), HYPERLINK("#gid=" & "0" & "&range=A" & 행번호, "완료"), "-"))} -> - | Y40: {=LET(행번호, MATCH(1, INDEX(('보고서 검토일지(26년)'!$G:$G=F40) * ('보고서 검토일지(26년)'!$H:$H=G40) * ('보고서 검토일지(26년)'!$I:$I="청구서"), 0), 0), IF(ISNUMBER(행번호), HYPERLINK("#gid=" & "0" & "&range=A" & 행번호, "완료"), "-"))} -> -
A41: 46153.735 | C41: CC-311 | D41: 학술용역-연구 | F41: 한국문화예술회관연합회 | G41: 2026 KoCACA아트페스티벌 평가연구 용역 원가계산 | H41: 견적-최저 | I41: 300000 | J41: 18000000 | K41: 유 | L41: 수주 | M41: 장연주 | N41: 완료 | O41: =IF(COUNTIFS('보고서 검토일지(26년)'!$H:$H, $G41, '보고서 검토일지(26년)'!$M:$M, "0", '보고서 검토일지(26년)'!$G:$G, $F41)>0, "완료", "") -> 완료 | P41: 46160 | V41: {=LET(행번호, MATCH(1, INDEX(('보고서 검토일지(26년)'!$G:$G=F41) * ('보고서 검토일지(26년)'!$H:$H=G41) * ('보고서 검토일지(26년)'!$I:$I="제안서"), 0), 0), IF(ISNUMBER(행번호), HYPERLINK("#gid=" & "0" & "&range=A" & 행번호, "완료"), "-"))} -> - | W41: 완료 | X41: 완료 | Y41: {=LET(행번호, MATCH(1, INDEX(('보고서 검토일지(26년)'!$G:$G=F41) * ('보고서 검토일지(26년)'!$H:$H=G41) * ('보고서 검토일지(26년)'!$I:$I="청구서"), 0), 0), IF(ISNUMBER(행번호), HYPERLINK("#gid=" & "0" & "&range=A" & 행번호, "완료"), "-"))} -> -
A42: 46149 | C42: CC-321 | D42: 학술용역-행사, 운영(대행) | F42: 소상공인시장진흥공단 | G42: 외국인 관광객 전통시장 방문 연계 홍보 용역 원가계산 | H42: 견적-최저 | I42: 770000 | J42: 110000000 | K42: 유 | L42: 수주 | M42: 장연주 | N42: 완료 | O42: =IF(COUNTIFS('보고서 검토일지(26년)'!$H:$H, $G42, '보고서 검토일지(26년)'!$M:$M, "0", '보고서 검토일지(26년)'!$G:$G, $F42)>0, "완료", "") -> 완료 | P42: 46153 | V42: {=LET(행번호, MATCH(1, INDEX(('보고서 검토일지(26년)'!$G:$G=F42) * ('보고서 검토일지(26년)'!$H:$H=G42) * ('보고서 검토일지(26년)'!$I:$I="제안서"), 0), 0), IF(ISNUMBER(행번호), HYPERLINK("#gid=" & "0" & "&range=A" & 행번호, "완료"), "-"))} -> - | W42: 완료 | X42: 완료 | Y42: {=LET(행번호, MATCH(1, INDEX(('보고서 검토일지(26년)'!$G:$G=F42) * ('보고서 검토일지(26년)'!$H:$H=G42) * ('보고서 검토일지(26년)'!$I:$I="청구서"), 0), 0), IF(ISNUMBER(행번호), HYPERLINK("#gid=" & "0" & "&range=A" & 행번호, "완료"), "-"))} -> -
A43: 46149 | C43: CC-341 | D43: 일반용역-S/W | F43: 창업진흥원 | G43: 창업기업 성장 이력(포트폴리오) 자동 생성 AI 모델 개발 원가계산 | H43: 견적-최저 | I43: 660000 | J43: 100000000 | K43: 유 | L43: 수주 | M43: 장연주 | N43: 완료 | O43: =IF(COUNTIFS('보고서 검토일지(26년)'!$H:$H, $G43, '보고서 검토일지(26년)'!$M:$M, "0", '보고서 검토일지(26년)'!$G:$G, $F43)>0, "완료", "") -> 완료 | P43: 46161 | Q43: 46161 | R43: 660000 | V43: {=LET(행번호, MATCH(1, INDEX(('보고서 검토일지(26년)'!$G:$G=F43) * ('보고서 검토일지(26년)'!$H:$H=G43) * ('보고서 검토일지(26년)'!$I:$I="제안서"), 0), 0), IF(ISNUMBER(행번호), HYPERLINK("#gid=" & "0" & "&range=A" & 행번호, "완료"), "-"))} -> - | W43: 완료 | X43: 완료 | Y43: 완료
A44: 46146.741 | C44: CC-321 | D44: 학술용역-행사, 운영(대행) | F44: 소상공인시장진흥공단 | G44: 소상공인 보건관리 위탁 용역 원가계산 | H44: 견적-최저 | I44: 770000 | J44: 153000000 | K44: 유 | L44: 수주 | M44: 장연주 | N44: 완료 | O44: =IF(COUNTIFS('보고서 검토일지(26년)'!$H:$H, $G44, '보고서 검토일지(26년)'!$M:$M, "0", '보고서 검토일지(26년)'!$G:$G, $F44)>0, "완료", "") -> 완료 | P44: 46161 | Q44: 46161 | R44: 770000 | V44: {=LET(행번호, MATCH(1, INDEX(('보고서 검토일지(26년)'!$G:$G=F44) * ('보고서 검토일지(26년)'!$H:$H=G44) * ('보고서 검토일지(26년)'!$I:$I="제안서"), 0), 0), IF(ISNUMBER(행번호), HYPERLINK("#gid=" & "0" & "&range=A" & 행번호, "완료"), "-"))} -> - | W44: 완료 | X44: 완료 | Y44: 완료
A45: 46146.741 | C45: CC-311 | D45: 학술용역-연구 | F45: 소상공인시장진흥공단 | G45: 중장기 경영전략 재정립 및 조직진단 시행 원가계산 | H45: 견적-중간 | I45: 550000 | J45: 100000000 | K45: 유 | L45: 수주 | M45: 장연주 | N45: 완료 | O45: =IF(COUNTIFS('보고서 검토일지(26년)'!$H:$H, $G45, '보고서 검토일지(26년)'!$M:$M, "0", '보고서 검토일지(26년)'!$G:$G, $F45)>0, "완료", "") -> 완료 | P45: 46153 | Q45: 46154 | R45: 550000 | V45: {=LET(행번호, MATCH(1, INDEX(('보고서 검토일지(26년)'!$G:$G=F45) * ('보고서 검토일지(26년)'!$H:$H=G45) * ('보고서 검토일지(26년)'!$I:$I="제안서"), 0), 0), IF(ISNUMBER(행번호), HYPERLINK("#gid=" & "0" & "&range=A" & 행번호, "완료"), "-"))} -> - | W45: 완료 | X45: 완료 | Y45: 완료
A46: 46142.741 | C46: CC-331 | D46: 일반용역-시설 | F46: 창업진흥원 | G46: 창업진흥원 대전팁스타운 시설물 유지·관리용역 원가계산 | H46: 견적-최저 | I46: 1200000 | J46: 사업비 확인불가 | K46: 유 | L46: 수주 | M46: 장연주 | N46: 완료 | O46: =IF(COUNTIFS('보고서 검토일지(26년)'!$H:$H, $G46, '보고서 검토일지(26년)'!$M:$M, "0", '보고서 검토일지(26년)'!$G:$G, $F46)>0, "완료", "") -> 완료 | P46: 46164 | Q46: 46169 | R46: 1200000 | V46: {=LET(행번호, MATCH(1, INDEX(('보고서 검토일지(26년)'!$G:$G=F46) * ('보고서 검토일지(26년)'!$H:$H=G46) * ('보고서 검토일지(26년)'!$I:$I="제안서"), 0), 0), IF(ISNUMBER(행번호), HYPERLINK("#gid=" & "0" & "&range=A" & 행번호, "완료"), "-"))} -> - | W46: {=LET(행번호, MATCH(1, INDEX(('보고서 검토일지(26년)'!$G:$G=F46) * ('보고서 검토일지(26년)'!$H:$H=G46) * ('보고서 검토일지(26년)'!$I:$I="최종보고서"), 0), 0), IF(ISNUMBER(행번호), HYPERLINK("#gid=" & "0" & "&range=A" & 행번호, "완료"), "-"))} -> - | X46: 완료 | Y46: 완료
A47: 46141.672 | C47: CD-421 | D47: 기술용역-엔지니어링 | F47: 한국수자원조사기술원 | G47: 수문조사 항목별 단가 산정 용역 | H47: 견적-최저 | I47: 20000000 | J47: 사업비 확인불가 | K47: 유 | L47: 수주 | M47: 하은정 | V47: {=LET(행번호, MATCH(1, INDEX(('보고서 검토일지(26년)'!$G:$G=F47) * ('보고서 검토일지(26년)'!$H:$H=G47) * ('보고서 검토일지(26년)'!$I:$I="제안서"), 0), 0), IF(ISNUMBER(행번호), HYPERLINK("#gid=" & "0" & "&range=A" & 행번호, "완료"), "-"))} -> - | W47: {=LET(행번호, MATCH(1, INDEX(('보고서 검토일지(26년)'!$G:$G=F47) * ('보고서 검토일지(26년)'!$H:$H=G47) * ('보고서 검토일지(26년)'!$I:$I="최종보고서"), 0), 0), IF(ISNUMBER(행번호), HYPERLINK("#gid=" & "0" & "&range=A" & 행번호, "완료"), "-"))} -> - | X47: {=LET(행번호, MATCH(1, INDEX(('보고서 검토일지(26년)'!$G:$G=F47) * ('보고서 검토일지(26년)'!$H:$H=G47) * ('보고서 검토일지(26년)'!$I:$I="완료계"), 0), 0), IF(ISNUMBER(행번호), HYPERLINK("#gid=" & "0" & "&range=A" & 행번호, "완료"), "-"))} -> - | Y47: {=LET(행번호, MATCH(1, INDEX(('보고서 검토일지(26년)'!$G:$G=F47) * ('보고서 검토일지(26년)'!$H:$H=G47) * ('보고서 검토일지(26년)'!$I:$I="청구서"), 0), 0), IF(ISNUMBER(행번호), HYPERLINK("#gid=" & "0" & "&range=A" & 행번호, "완료"), "-"))} -> -
A48: 46141.672 | C48: CB-211 | D48: 공사-공사원가 | F48: (주)민속엘피씨 | G48: 2026년 스마트 생태공장 구축사업 원가계산 | H48: 견적-최저 | I48: 2200000 | J48: 사업비 확인불가 | K48: 유 | L48: 수주 | M48: 하은정 | N48: 완료 | O48: =IF(COUNTIFS('보고서 검토일지(26년)'!$H:$H, $G48, '보고서 검토일지(26년)'!$M:$M, "0", '보고서 검토일지(26년)'!$G:$G, $F48)>0, "완료", "") -> 완료 | P48: 46150 | Q48: 46156 | V48: {=LET(행번호, MATCH(1, INDEX(('보고서 검토일지(26년)'!$G:$G=F48) * ('보고서 검토일지(26년)'!$H:$H=G48) * ('보고서 검토일지(26년)'!$I:$I="제안서"), 0), 0), IF(ISNUMBER(행번호), HYPERLINK("#gid=" & "0" & "&range=A" & 행번호, "완료"), "-"))} -> - | W48: 완료 | X48: {=LET(행번호, MATCH(1, INDEX(('보고서 검토일지(26년)'!$G:$G=F48) * ('보고서 검토일지(26년)'!$H:$H=G48) * ('보고서 검토일지(26년)'!$I:$I="완료계"), 0), 0), IF(ISNUMBER(행번호), HYPERLINK("#gid=" & "0" & "&range=A" & 행번호, "완료"), "-"))} -> - | Y48: {=LET(행번호, MATCH(1, INDEX(('보고서 검토일지(26년)'!$G:$G=F48) * ('보고서 검토일지(26년)'!$H:$H=G48) * ('보고서 검토일지(26년)'!$I:$I="청구서"), 0), 0), IF(ISNUMBER(행번호), HYPERLINK("#gid=" & "0" & "&range=A" & 행번호, "완료"), "-"))} -> -
A49: 46141.675 | C49: CC-321 | D49: 학술용역-행사, 운영(대행) | F49: 소상공인시장진흥공단 | G49: 2026년 디지털닥터 교육과정 개선 및 운영대행 용역 원가계산 | H49: 견적-최저 | I49: 880000 | J49: 150000000 | K49: 유 | L49: 수주 | M49: 장연주 | N49: 완료 | O49: =IF(COUNTIFS('보고서 검토일지(26년)'!$H:$H, $G49, '보고서 검토일지(26년)'!$M:$M, "0", '보고서 검토일지(26년)'!$G:$G, $F49)>0, "완료", "") -> 완료 | P49: 46148 | V49: {=LET(행번호, MATCH(1, INDEX(('보고서 검토일지(26년)'!$G:$G=F49) * ('보고서 검토일지(26년)'!$H:$H=G49) * ('보고서 검토일지(26년)'!$I:$I="제안서"), 0), 0), IF(ISNUMBER(행번호), HYPERLINK("#gid=" & "0" & "&range=A" & 행번호, "완료"), "-"))} -> - | W49: 완료 | X49: 완료 | Y49: {=LET(행번호, MATCH(1, INDEX(('보고서 검토일지(26년)'!$G:$G=F49) * ('보고서 검토일지(26년)'!$H:$H=G49) * ('보고서 검토일지(26년)'!$I:$I="청구서"), 0), 0), IF(ISNUMBER(행번호), HYPERLINK("#gid=" & "0" & "&range=A" & 행번호, "완료"), "-"))} -> -
A50: 46141.672 | C50: CC-311 | D50: 학술용역-연구 | F50: 한국산업기술진흥원 | G50: 한미 첨단분야 청년교류 지원사업 성과조사 원가계산 | H50: 견적-최저 | I50: 660000 | J50: 100000000 | K50: 유 | L50: 수주 | M50: 장연주 | N50: 완료 | O50: =IF(COUNTIFS('보고서 검토일지(26년)'!$H:$H, $G50, '보고서 검토일지(26년)'!$M:$M, "0", '보고서 검토일지(26년)'!$G:$G, $F50)>0, "완료", "") -> 완료 | P50: 46156 | Q50: 46156 | R50: 660000 | V50: {=LET(행번호, MATCH(1, INDEX(('보고서 검토일지(26년)'!$G:$G=F50) * ('보고서 검토일지(26년)'!$H:$H=G50) * ('보고서 검토일지(26년)'!$I:$I="제안서"), 0), 0), IF(ISNUMBER(행번호), HYPERLINK("#gid=" & "0" & "&range=A" & 행번호, "완료"), "-"))} -> - | W50: 완료 | X50: 완료 | Y50: 완료
A51: 46141.672 | C51: CC-321 | D51: 학술용역-행사, 운영(대행) | F51: 한국발명진흥회 | G51: 2026년 캄보디아 발명교육 프로그램 및 발명교육센터 운영가이드 개발 용역 원가계산 | H51: 연단가-견적 | I51: 560000 | J51: 40000000 | K51: 유 | L51: 연단가 | M51: 장연주 | N51: 완료 | O51: =IF(COUNTIFS('보고서 검토일지(26년)'!$H:$H, $G51, '보고서 검토일지(26년)'!$M:$M, "0", '보고서 검토일지(26년)'!$G:$G, $F51)>0, "완료", "") -> 완료 | P51: 46141 | V51: {=LET(행번호, MATCH(1, INDEX(('보고서 검토일지(26년)'!$G:$G=F51) * ('보고서 검토일지(26년)'!$H:$H=G51) * ('보고서 검토일지(26년)'!$I:$I="제안서"), 0), 0), IF(ISNUMBER(행번호), HYPERLINK("#gid=" & "0" & "&range=A" & 행번호, "완료"), "-"))} -> - | W51: 완료 | X51: {=LET(행번호, MATCH(1, INDEX(('보고서 검토일지(26년)'!$G:$G=F51) * ('보고서 검토일지(26년)'!$H:$H=G51) * ('보고서 검토일지(26년)'!$I:$I="완료계"), 0), 0), IF(ISNUMBER(행번호), HYPERLINK("#gid=" & "0" & "&range=A" & 행번호, "완료"), "-"))} -> - | Y51: 완료
A52: 46140.714 | C52: CB-211 | D52: 공사-공사원가 | F52: (사)지역과 소셜비즈 | G52: 디지털커머스 전문기관(소담스퀘어) 사업 원가계산 | H52: 견적-최저 | I52: 660000 | J52: 900000000 | K52: 유 | L52: 수주 | M52: 하은정 | V52: {=LET(행번호, MATCH(1, INDEX(('보고서 검토일지(26년)'!$G:$G=F52) * ('보고서 검토일지(26년)'!$H:$H=G52) * ('보고서 검토일지(26년)'!$I:$I="제안서"), 0), 0), IF(ISNUMBER(행번호), HYPERLINK("#gid=" & "0" & "&range=A" & 행번호, "완료"), "-"))} -> - | W52: {=LET(행번호, MATCH(1, INDEX(('보고서 검토일지(26년)'!$G:$G=F52) * ('보고서 검토일지(26년)'!$H:$H=G52) * ('보고서 검토일지(26년)'!$I:$I="최종보고서"), 0), 0), IF(ISNUMBER(행번호), HYPERLINK("#gid=" & "0" & "&range=A" & 행번호, "완료"), "-"))} -> - | X52: {=LET(행번호, MATCH(1, INDEX(('보고서 검토일지(26년)'!$G:$G=F52) * ('보고서 검토일지(26년)'!$H:$H=G52) * ('보고서 검토일지(26년)'!$I:$I="완료계"), 0), 0), IF(ISNUMBER(행번호), HYPERLINK("#gid=" & "0" & "&range=A" & 행번호, "완료"), "-"))} -> - | Y52: {=LET(행번호, MATCH(1, INDEX(('보고서 검토일지(26년)'!$G:$G=F52) * ('보고서 검토일지(26년)'!$H:$H=G52) * ('보고서 검토일지(26년)'!$I:$I="청구서"), 0), 0), IF(ISNUMBER(행번호), HYPERLINK("#gid=" & "0" & "&range=A" & 행번호, "완료"), "-"))} -> -
A53: 46139 | C53: CB-231 | D53: 공사-공사원가 | F53: (주)위드텍 | G53: 2026년 스마트 생태공장 구축사업 원가계산 | H53: 견적-최저 | I53: 2750000 | J53: 사업비 확인불가 | K53: 유 | L53: 수주 | M53: 하은정 | N53: 완료 | O53: =IF(COUNTIFS('보고서 검토일지(26년)'!$H:$H, $G53, '보고서 검토일지(26년)'!$M:$M, "0", '보고서 검토일지(26년)'!$G:$G, $F53)>0, "완료", "") -> 완료 | P53: 46150 | V53: {=LET(행번호, MATCH(1, INDEX(('보고서 검토일지(26년)'!$G:$G=F53) * ('보고서 검토일지(26년)'!$H:$H=G53) * ('보고서 검토일지(26년)'!$I:$I="제안서"), 0), 0), IF(ISNUMBER(행번호), HYPERLINK("#gid=" & "0" & "&range=A" & 행번호, "완료"), "-"))} -> - | W53: 완료 | X53: {=LET(행번호, MATCH(1, INDEX(('보고서 검토일지(26년)'!$G:$G=F53) * ('보고서 검토일지(26년)'!$H:$H=G53) * ('보고서 검토일지(26년)'!$I:$I="완료계"), 0), 0), IF(ISNUMBER(행번호), HYPERLINK("#gid=" & "0" & "&range=A" & 행번호, "완료"), "-"))} -> - | Y53: {=LET(행번호, MATCH(1, INDEX(('보고서 검토일지(26년)'!$G:$G=F53) * ('보고서 검토일지(26년)'!$H:$H=G53) * ('보고서 검토일지(26년)'!$I:$I="청구서"), 0), 0), IF(ISNUMBER(행번호), HYPERLINK("#gid=" & "0" & "&range=A" & 행번호, "완료"), "-"))} -> -
A54: 46135 | C54: CC-341 | D54: 일반용역-S/W | F54: 전북특별자치도교육청 | G54: 2026. 전북특별자치도교육청 데이터 분석 사업 원가계산 | H54: 견적-최저 | I54: 660000 | J54: 60000000 | K54: 유 | L54: 수주 | M54: 장연주 | N54: 완료 | O54: =IF(COUNTIFS('보고서 검토일지(26년)'!$H:$H, $G54, '보고서 검토일지(26년)'!$M:$M, "0", '보고서 검토일지(26년)'!$G:$G, $F54)>0, "완료", "") -> 완료 | P54: 46148 | Q54: 46175 | R54: 660000 | V54: {=LET(행번호, MATCH(1, INDEX(('보고서 검토일지(26년)'!$G:$G=F54) * ('보고서 검토일지(26년)'!$H:$H=G54) * ('보고서 검토일지(26년)'!$I:$I="제안서"), 0), 0), IF(ISNUMBER(행번호), HYPERLINK("#gid=" & "0" & "&range=A" & 행번호, "완료"), "-"))} -> - | W54: 완료 | X54: {=LET(행번호, MATCH(1, INDEX(('보고서 검토일지(26년)'!$G:$G=F54) * ('보고서 검토일지(26년)'!$H:$H=G54) * ('보고서 검토일지(26년)'!$I:$I="완료계"), 0), 0), IF(ISNUMBER(행번호), HYPERLINK("#gid=" & "0" & "&range=A" & 행번호, "완료"), "-"))} -> - | Y54: 완료
A55: 46133 | C55: CC-321 | D55: 학술용역-행사, 운영(대행) | E55: 학술용역-행사, 운영(대행)_산정 | F55: 안동시상권활성화추진단 | G55: 2026년 차전노국축제 페스티벌 기획·운영 용역 원가계산 | H55: 견적-최저 | I55: 550000 | J55: 50000000 | K55: 유 | L55: 수주 | M55: 장연주 | N55: 완료 | O55: =IF(COUNTIFS('보고서 검토일지(26년)'!$H:$H, $G55, '보고서 검토일지(26년)'!$M:$M, "0", '보고서 검토일지(26년)'!$G:$G, $F55)>0, "완료", "") -> 완료 | P55: 46163 | Q55: 46164 | V55: {=LET(행번호, MATCH(1, INDEX(('보고서 검토일지(26년)'!$G:$G=F55) * ('보고서 검토일지(26년)'!$H:$H=G55) * ('보고서 검토일지(26년)'!$I:$I="제안서"), 0), 0), IF(ISNUMBER(행번호), HYPERLINK("#gid=" & "0" & "&range=A" & 행번호, "완료"), "-"))} -> - | W55: 완료 | X55: {=LET(행번호, MATCH(1, INDEX(('보고서 검토일지(26년)'!$G:$G=F55) * ('보고서 검토일지(26년)'!$H:$H=G55) * ('보고서 검토일지(26년)'!$I:$I="완료계"), 0), 0), IF(ISNUMBER(행번호), HYPERLINK("#gid=" & "0" & "&range=A" & 행번호, "완료"), "-"))} -> - | Y55: 완료
A56: 46133 | C56: CC-321 | D56: 학술용역-행사, 운영(대행) | E56: 학술용역-행사, 운영(대행)_산정 | F56: 안동시상권활성화추진단 | G56: 2026년 안동원도심 문화체험프로그램 기획 및 운영 용역 원가계산 | H56: 견적-최저 | I56: 440000 | J56: 51000000 | K56: 유 | L56: 수주 | M56: 장연주 | N56: 완료 | O56: =IF(COUNTIFS('보고서 검토일지(26년)'!$H:$H, $G56, '보고서 검토일지(26년)'!$M:$M, "0", '보고서 검토일지(26년)'!$G:$G, $F56)>0, "완료", "") -> 완료 | P56: 46163 | Q56: 46164 | V56: {=LET(행번호, MATCH(1, INDEX(('보고서 검토일지(26년)'!$G:$G=F56) * ('보고서 검토일지(26년)'!$H:$H=G56) * ('보고서 검토일지(26년)'!$I:$I="제안서"), 0), 0), IF(ISNUMBER(행번호), HYPERLINK("#gid=" & "0" & "&range=A" & 행번호, "완료"), "-"))} -> - | W56: 완료 | X56: {=LET(행번호, MATCH(1, INDEX(('보고서 검토일지(26년)'!$G:$G=F56) * ('보고서 검토일지(26년)'!$H:$H=G56) * ('보고서 검토일지(26년)'!$I:$I="완료계"), 0), 0), IF(ISNUMBER(행번호), HYPERLINK("#gid=" & "0" & "&range=A" & 행번호, "완료"), "-"))} -> - | Y56: 완료
A57: 46133 | C57: CE-501 | D57: 사후정산 | E57: 사후정산_산정 | F57: 주식회사 마제스타지 | G57: 2025년 중대재해 감축 캠페인 용역 사후원가정산 | H57: 견적-최저 | I57: 880000 | J57: 181760000 | K57: 유 | L57: 수주 | M57: 장연주 | N57: 완료 | O57: =IF(COUNTIFS('보고서 검토일지(26년)'!$H:$H, $G57, '보고서 검토일지(26년)'!$M:$M, "0", '보고서 검토일지(26년)'!$G:$G, $F57)>0, "완료", "") -> 완료 | P57: 46153 | V57: {=LET(행번호, MATCH(1, INDEX(('보고서 검토일지(26년)'!$G:$G=F57) * ('보고서 검토일지(26년)'!$H:$H=G57) * ('보고서 검토일지(26년)'!$I:$I="제안서"), 0), 0), IF(ISNUMBER(행번호), HYPERLINK("#gid=" & "0" & "&range=A" & 행번호, "완료"), "-"))} -> - | W57: 완료 | X57: {=LET(행번호, MATCH(1, INDEX(('보고서 검토일지(26년)'!$G:$G=F57) * ('보고서 검토일지(26년)'!$H:$H=G57) * ('보고서 검토일지(26년)'!$I:$I="완료계"), 0), 0), IF(ISNUMBER(행번호), HYPERLINK("#gid=" & "0" & "&range=A" & 행번호, "완료"), "-"))} -> - | Y57: {=LET(행번호, MATCH(1, INDEX(('보고서 검토일지(26년)'!$G:$G=F57) * ('보고서 검토일지(26년)'!$H:$H=G57) * ('보고서 검토일지(26년)'!$I:$I="청구서"), 0), 0), IF(ISNUMBER(행번호), HYPERLINK("#gid=" & "0" & "&range=A" & 행번호, "완료"), "-"))} -> -
A58: 46133 | C58: CF-601 | D58: 각종수수료 | E58: 각종수수료_산정 | F58: 서울특별시 미래한강본부 | G58: 2024~2025년 한강버스 운항결손액 산정 용역 | H58: 견적-최저 | I58: 8800000 | J58: 사업비 확인불가 | K58: 유 | L58: 수주 | M58: 하은정 | V58: {=LET(행번호, MATCH(1, INDEX(('보고서 검토일지(26년)'!$G:$G=F58) * ('보고서 검토일지(26년)'!$H:$H=G58) * ('보고서 검토일지(26년)'!$I:$I="제안서"), 0), 0), IF(ISNUMBER(행번호), HYPERLINK("#gid=" & "0" & "&range=A" & 행번호, "완료"), "-"))} -> - | W58: {=LET(행번호, MATCH(1, INDEX(('보고서 검토일지(26년)'!$G:$G=F58) * ('보고서 검토일지(26년)'!$H:$H=G58) * ('보고서 검토일지(26년)'!$I:$I="최종보고서"), 0), 0), IF(ISNUMBER(행번호), HYPERLINK("#gid=" & "0" & "&range=A" & 행번호, "완료"), "-"))} -> - | X58: {=LET(행번호, MATCH(1, INDEX(('보고서 검토일지(26년)'!$G:$G=F58) * ('보고서 검토일지(26년)'!$H:$H=G58) * ('보고서 검토일지(26년)'!$I:$I="완료계"), 0), 0), IF(ISNUMBER(행번호), HYPERLINK("#gid=" & "0" & "&range=A" & 행번호, "완료"), "-"))} -> - | Y58: {=LET(행번호, MATCH(1, INDEX(('보고서 검토일지(26년)'!$G:$G=F58) * ('보고서 검토일지(26년)'!$H:$H=G58) * ('보고서 검토일지(26년)'!$I:$I="청구서"), 0), 0), IF(ISNUMBER(행번호), HYPERLINK("#gid=" & "0" & "&range=A" & 행번호, "완료"), "-"))} -> -
A59: 46132 | C59: CC-321 | D59: 학술용역-행사, 운영(대행) | E59: 학술용역-행사, 운영(대행)_산정 | F59: 경북문화재단콘텐츠진흥원 | G59: 제19회 경상북도 아마추어 e스포츠대회 운영 용역 원가계산 | H59: 견적-최저 | I59: 660000 | J59: 85000000 | K59: 유 | L59: 수주 | M59: 장연주 | N59: 완료 | O59: =IF(COUNTIFS('보고서 검토일지(26년)'!$H:$H, $G59, '보고서 검토일지(26년)'!$M:$M, "0", '보고서 검토일지(26년)'!$G:$G, $F59)>0, "완료", "") -> 완료 | P59: 46146 | V59: {=LET(행번호, MATCH(1, INDEX(('보고서 검토일지(26년)'!$G:$G=F59) * ('보고서 검토일지(26년)'!$H:$H=G59) * ('보고서 검토일지(26년)'!$I:$I="제안서"), 0), 0), IF(ISNUMBER(행번호), HYPERLINK("#gid=" & "0" & "&range=A" & 행번호, "완료"), "-"))} -> - | W59: 완료 | X59: 완료 | Y59: 완료
A60: 46132 | C60: CB-210 | D60: 공사-공사원가 | E60: 공사-공사원가_산정 | F60: 케이씨(주) | G60: 2026년 탄소중립설비 지원사업에 대한 원가계산 | H60: 견적-최저 | I60: 1650000 | J60: 사업비 확인불가 | K60: 유 | L60: 수주 | M60: 하은정 | V60: {=LET(행번호, MATCH(1, INDEX(('보고서 검토일지(26년)'!$G:$G=F60) * ('보고서 검토일지(26년)'!$H:$H=G60) * ('보고서 검토일지(26년)'!$I:$I="제안서"), 0), 0), IF(ISNUMBER(행번호), HYPERLINK("#gid=" & "0" & "&range=A" & 행번호, "완료"), "-"))} -> - | W60: {=LET(행번호, MATCH(1, INDEX(('보고서 검토일지(26년)'!$G:$G=F60) * ('보고서 검토일지(26년)'!$H:$H=G60) * ('보고서 검토일지(26년)'!$I:$I="최종보고서"), 0), 0), IF(ISNUMBER(행번호), HYPERLINK("#gid=" & "0" & "&range=A" & 행번호, "완료"), "-"))} -> - | X60: {=LET(행번호, MATCH(1, INDEX(('보고서 검토일지(26년)'!$G:$G=F60) * ('보고서 검토일지(26년)'!$H:$H=G60) * ('보고서 검토일지(26년)'!$I:$I="완료계"), 0), 0), IF(ISNUMBER(행번호), HYPERLINK("#gid=" & "0" & "&range=A" & 행번호, "완료"), "-"))} -> - | Y60: {=LET(행번호, MATCH(1, INDEX(('보고서 검토일지(26년)'!$G:$G=F60) * ('보고서 검토일지(26년)'!$H:$H=G60) * ('보고서 검토일지(26년)'!$I:$I="청구서"), 0), 0), IF(ISNUMBER(행번호), HYPERLINK("#gid=" & "0" & "&range=A" & 행번호, "완료"), "-"))} -> -
A61: 46126 | C61: CB-250 | D61: 공사-기부채납 | F61: 프리센트 | G61: 동작 보라매역 프리센트 기부채납 설치비용 검증 용역 | H61: 견적-최저 | I61: 44000000 | J61: 사업비 확인불가 | K61: 유 | L61: 수주 | M61: 건설사업본부 | U61: (26.4.21) 견적금액 변경 : 38,500,000원 → 44,000,000원
A62: 46125 | C62: CA-110 | D62: 제조-제조(제작설치포함) | F62: 중산하이픽스(주) | G62: 하이브리드사출성형기 원가계산 | H62: 견적-최저 | I62: 440000 | J62: 사업비 확인불가 | K62: 유 | L62: 수주 | M62: 하은정 | N62: 완료 | O62: =IF(COUNTIFS('보고서 검토일지(26년)'!$H:$H, $G62, '보고서 검토일지(26년)'!$M:$M, "0", '보고서 검토일지(26년)'!$G:$G, $F62)>0, "완료", "") -> 완료 | P62: 46125 | V62: {=LET(행번호, MATCH(1, INDEX(('보고서 검토일지(26년)'!$G:$G=F62) * ('보고서 검토일지(26년)'!$H:$H=G62) * ('보고서 검토일지(26년)'!$I:$I="제안서"), 0), 0), IF(ISNUMBER(행번호), HYPERLINK("#gid=" & "0" & "&range=A" & 행번호, "완료"), "-"))} -> - | W62: 완료 | X62: {=LET(행번호, MATCH(1, INDEX(('보고서 검토일지(26년)'!$G:$G=F62) * ('보고서 검토일지(26년)'!$H:$H=G62) * ('보고서 검토일지(26년)'!$I:$I="완료계"), 0), 0), IF(ISNUMBER(행번호), HYPERLINK("#gid=" & "0" & "&range=A" & 행번호, "완료"), "-"))} -> - | Y62: {=LET(행번호, MATCH(1, INDEX(('보고서 검토일지(26년)'!$G:$G=F62) * ('보고서 검토일지(26년)'!$H:$H=G62) * ('보고서 검토일지(26년)'!$I:$I="청구서"), 0), 0), IF(ISNUMBER(행번호), HYPERLINK("#gid=" & "0" & "&range=A" & 행번호, "완료"), "-"))} -> -
A63: 46122 | C63: CC-320 | D63: 학술용역-행사, 운영(대행) | F63: 한국발명진흥회 | G63: 2026 민관협력 IP전략지원 사업 CIPO 프로그램 운영 원가계산 | H63: 연단가-견적 | I63: 4000000 | J63: 4200000000 | K63: 유 | L63: 연단가 | M63: 장연주 | N63: 완료 | O63: =IF(COUNTIFS('보고서 검토일지(26년)'!$H:$H, $G63, '보고서 검토일지(26년)'!$M:$M, "0", '보고서 검토일지(26년)'!$G:$G, $F63)>0, "완료", "") -> 완료 | P63: 46122 | V63: {=LET(행번호, MATCH(1, INDEX(('보고서 검토일지(26년)'!$G:$G=F63) * ('보고서 검토일지(26년)'!$H:$H=G63) * ('보고서 검토일지(26년)'!$I:$I="제안서"), 0), 0), IF(ISNUMBER(행번호), HYPERLINK("#gid=" & "0" & "&range=A" & 행번호, "완료"), "-"))} -> - | W63: 완료 | X63: {=LET(행번호, MATCH(1, INDEX(('보고서 검토일지(26년)'!$G:$G=F63) * ('보고서 검토일지(26년)'!$H:$H=G63) * ('보고서 검토일지(26년)'!$I:$I="완료계"), 0), 0), IF(ISNUMBER(행번호), HYPERLINK("#gid=" & "0" & "&range=A" & 행번호, "완료"), "-"))} -> - | Y63: 완료
A64: 46122 | C64: CC-320 | D64: 학술용역-행사, 운영(대행) | F64: (재)세종테크노파크 | G64: 충청권 ICT이노베이션스퀘어 개발 역량 강화 멘토링 용역 원가계산 | H64: 견적-최저 | I64: 550000 | J64: 90000000 | K64: 유 | L64: 수주 | M64: 장연주 | N64: 완료 | O64: =IF(COUNTIFS('보고서 검토일지(26년)'!$H:$H, $G64, '보고서 검토일지(26년)'!$M:$M, "0", '보고서 검토일지(26년)'!$G:$G, $F64)>0, "완료", "") -> 완료 | P64: 46133 | V64: {=LET(행번호, MATCH(1, INDEX(('보고서 검토일지(26년)'!$G:$G=F64) * ('보고서 검토일지(26년)'!$H:$H=G64) * ('보고서 검토일지(26년)'!$I:$I="제안서"), 0), 0), IF(ISNUMBER(행번호), HYPERLINK("#gid=" & "0" & "&range=A" & 행번호, "완료"), "-"))} -> - | W64: 완료 | X64: 완료 | Y64: 완료
A65: 46120 | C65: CB-210 | D65: 공사-공사원가 | F65: (주)디케이 | G65: 산업용 리프트 제작설치공사 원가계산 | H65: 견적-최저 | I65: 440000 | J65: 사업비 확인불가 | K65: 유 | L65: 수주 | M65: 하은정 | N65: 완료 | O65: =IF(COUNTIFS('보고서 검토일지(26년)'!$H:$H, $G65, '보고서 검토일지(26년)'!$M:$M, "0", '보고서 검토일지(26년)'!$G:$G, $F65)>0, "완료", "") -> 완료 | P65: 46125
A66: 46120 | C66: CB-210 | D66: 공사-공사원가 | F66: (주)디케이 | G66: 산업용 리프트 제작설치공사 원가계산 | H66: 견적-최저 | I66: 440000 | J66: 사업비 확인불가 | K66: 유 | L66: 수주 | M66: 하은정 | N66: 완료 | O66: =IF(COUNTIFS('보고서 검토일지(26년)'!$H:$H, $G66, '보고서 검토일지(26년)'!$M:$M, "0", '보고서 검토일지(26년)'!$G:$G, $F66)>0, "완료", "") -> 완료 | P66: 46125 | V66: {=LET(행번호, MATCH(1, INDEX(('보고서 검토일지(26년)'!$G:$G=F66) * ('보고서 검토일지(26년)'!$H:$H=G66) * ('보고서 검토일지(26년)'!$I:$I="제안서"), 0), 0), IF(ISNUMBER(행번호), HYPERLINK("#gid=" & "0" & "&range=A" & 행번호, "완료"), "-"))} -> - | W66: 완료 | X66: {=LET(행번호, MATCH(1, INDEX(('보고서 검토일지(26년)'!$G:$G=F66) * ('보고서 검토일지(26년)'!$H:$H=G66) * ('보고서 검토일지(26년)'!$I:$I="완료계"), 0), 0), IF(ISNUMBER(행번호), HYPERLINK("#gid=" & "0" & "&range=A" & 행번호, "완료"), "-"))} -> - | Y66: {=LET(행번호, MATCH(1, INDEX(('보고서 검토일지(26년)'!$G:$G=F66) * ('보고서 검토일지(26년)'!$H:$H=G66) * ('보고서 검토일지(26년)'!$I:$I="청구서"), 0), 0), IF(ISNUMBER(행번호), HYPERLINK("#gid=" & "0" & "&range=A" & 행번호, "완료"), "-"))} -> -
A67: 46120 | C67: CC-320 | D67: 학술용역-행사, 운영(대행) | F67: 소상공인시장진흥공단 | G67: 26년 기업가형 소상공인 육성(교육·AI) 성과평가 용역 원가계산 | H67: 견적-최저 | I67: 880000 | J67: 186000000 | K67: 유 | L67: 수주 | M67: 장연주 | N67: 완료 | O67: =IF(COUNTIFS('보고서 검토일지(26년)'!$H:$H, $G67, '보고서 검토일지(26년)'!$M:$M, "0", '보고서 검토일지(26년)'!$G:$G, $F67)>0, "완료", "") -> 완료 | P67: 46126 | V67: {=LET(행번호, MATCH(1, INDEX(('보고서 검토일지(26년)'!$G:$G=F67) * ('보고서 검토일지(26년)'!$H:$H=G67) * ('보고서 검토일지(26년)'!$I:$I="제안서"), 0), 0), IF(ISNUMBER(행번호), HYPERLINK("#gid=" & "0" & "&range=A" & 행번호, "완료"), "-"))} -> - | W67: 완료 | X67: 완료 | Y67: {=LET(행번호, MATCH(1, INDEX(('보고서 검토일지(26년)'!$G:$G=F67) * ('보고서 검토일지(26년)'!$H:$H=G67) * ('보고서 검토일지(26년)'!$I:$I="청구서"), 0), 0), IF(ISNUMBER(행번호), HYPERLINK("#gid=" & "0" & "&range=A" & 행번호, "완료"), "-"))} -> -
A68: 46119 | C68: CB-210 | D68: 공사-공사원가 | F68: (주)환타이노베이션 | G68: 2026년 상생협력 실증프로그램 원가계산((주)환타이노베이션)_시너젠 | H68: 견적-최저 | I68: 660000 | J68: 사업비 확인불가 | K68: 유 | L68: 수주 | M68: 하은정 | N68: 완료 | P68: 46119 | V68: {=LET(행번호, MATCH(1, INDEX(('보고서 검토일지(26년)'!$G:$G=F68) * ('보고서 검토일지(26년)'!$H:$H=G68) * ('보고서 검토일지(26년)'!$I:$I="제안서"), 0), 0), IF(ISNUMBER(행번호), HYPERLINK("#gid=" & "0" & "&range=A" & 행번호, "완료"), "-"))} -> - | W68: {=LET(행번호, MATCH(1, INDEX(('보고서 검토일지(26년)'!$G:$G=F68) * ('보고서 검토일지(26년)'!$H:$H=G68) * ('보고서 검토일지(26년)'!$I:$I="최종보고서"), 0), 0), IF(ISNUMBER(행번호), HYPERLINK("#gid=" & "0" & "&range=A" & 행번호, "완료"), "-"))} -> - | X68: {=LET(행번호, MATCH(1, INDEX(('보고서 검토일지(26년)'!$G:$G=F68) * ('보고서 검토일지(26년)'!$H:$H=G68) * ('보고서 검토일지(26년)'!$I:$I="완료계"), 0), 0), IF(ISNUMBER(행번호), HYPERLINK("#gid=" & "0" & "&range=A" & 행번호, "완료"), "-"))} -> - | Y68: {=LET(행번호, MATCH(1, INDEX(('보고서 검토일지(26년)'!$G:$G=F68) * ('보고서 검토일지(26년)'!$H:$H=G68) * ('보고서 검토일지(26년)'!$I:$I="청구서"), 0), 0), IF(ISNUMBER(행번호), HYPERLINK("#gid=" & "0" & "&range=A" & 행번호, "완료"), "-"))} -> -
A69: 46118 | C69: CA-110 | D69: 제조-제조(제작설치포함) | F69: (주)로드케어 | G69: 도로표지병 원가계산 | H69: 견적-최저 | I69: 2200000 | J69: 사업비 확인불가 | K69: 유 | L69: 수주 | M69: 하은정 | N69: 완료 | O69: =IF(COUNTIFS('보고서 검토일지(26년)'!$H:$H, $G69, '보고서 검토일지(26년)'!$M:$M, "0", '보고서 검토일지(26년)'!$G:$G, $F69)>0, "완료", "") -> 완료 | P69: 46162 | U69: (26.4.15) 견적금액 변경 : 2.750,000원 → 2,200,000원 | V69: {=LET(행번호, MATCH(1, INDEX(('보고서 검토일지(26년)'!$G:$G=F69) * ('보고서 검토일지(26년)'!$H:$H=G69) * ('보고서 검토일지(26년)'!$I:$I="제안서"), 0), 0), IF(ISNUMBER(행번호), HYPERLINK("#gid=" & "0" & "&range=A" & 행번호, "완료"), "-"))} -> - | W69: 완료 | X69: {=LET(행번호, MATCH(1, INDEX(('보고서 검토일지(26년)'!$G:$G=F69) * ('보고서 검토일지(26년)'!$H:$H=G69) * ('보고서 검토일지(26년)'!$I:$I="완료계"), 0), 0), IF(ISNUMBER(행번호), HYPERLINK("#gid=" & "0" & "&range=A" & 행번호, "완료"), "-"))} -> - | Y69: {=LET(행번호, MATCH(1, INDEX(('보고서 검토일지(26년)'!$G:$G=F69) * ('보고서 검토일지(26년)'!$H:$H=G69) * ('보고서 검토일지(26년)'!$I:$I="청구서"), 0), 0), IF(ISNUMBER(행번호), HYPERLINK("#gid=" & "0" & "&range=A" & 행번호, "완료"), "-"))} -> -
A70: 46115 | C70: CB-220 | D70: 공사-물가변동 | F70: 세종도시교통공사 | G70: 세종시 공공시설복합단지 조성공사(토목) 물가변동으로 인한 계약금액 조정 검토용역 (3회차) | H70: 견적-최저 | I70: 1650000 | J70: 사업비 확인불가 | K70: 유 | L70: 수주 | M70: 하은정 | V70: {=LET(행번호, MATCH(1, INDEX(('보고서 검토일지(26년)'!$G:$G=F70) * ('보고서 검토일지(26년)'!$H:$H=G70) * ('보고서 검토일지(26년)'!$I:$I="제안서"), 0), 0), IF(ISNUMBER(행번호), HYPERLINK("#gid=" & "0" & "&range=A" & 행번호, "완료"), "-"))} -> - | W70: {=LET(행번호, MATCH(1, INDEX(('보고서 검토일지(26년)'!$G:$G=F70) * ('보고서 검토일지(26년)'!$H:$H=G70) * ('보고서 검토일지(26년)'!$I:$I="최종보고서"), 0), 0), IF(ISNUMBER(행번호), HYPERLINK("#gid=" & "0" & "&range=A" & 행번호, "완료"), "-"))} -> - | X70: {=LET(행번호, MATCH(1, INDEX(('보고서 검토일지(26년)'!$G:$G=F70) * ('보고서 검토일지(26년)'!$H:$H=G70) * ('보고서 검토일지(26년)'!$I:$I="완료계"), 0), 0), IF(ISNUMBER(행번호), HYPERLINK("#gid=" & "0" & "&range=A" & 행번호, "완료"), "-"))} -> - | Y70: {=LET(행번호, MATCH(1, INDEX(('보고서 검토일지(26년)'!$G:$G=F70) * ('보고서 검토일지(26년)'!$H:$H=G70) * ('보고서 검토일지(26년)'!$I:$I="청구서"), 0), 0), IF(ISNUMBER(행번호), HYPERLINK("#gid=" & "0" & "&range=A" & 행번호, "완료"), "-"))} -> -
A71: 46115 | C71: CD-420 | D71: 기술용역-엔지니어링 | F71: 한국수력원자력(주) | G71: 양수발전소 댐 하상변동 조사 용역 원가계산 | H71: 견적-최저 | I71: 1100000 | J71: 사업비 확인불가 | K71: 유 | L71: 수주 | M71: 하은정 | V71: {=LET(행번호, MATCH(1, INDEX(('보고서 검토일지(26년)'!$G:$G=F71) * ('보고서 검토일지(26년)'!$H:$H=G71) * ('보고서 검토일지(26년)'!$I:$I="제안서"), 0), 0), IF(ISNUMBER(행번호), HYPERLINK("#gid=" & "0" & "&range=A" & 행번호, "완료"), "-"))} -> - | W71: 완료 | X71: {=LET(행번호, MATCH(1, INDEX(('보고서 검토일지(26년)'!$G:$G=F71) * ('보고서 검토일지(26년)'!$H:$H=G71) * ('보고서 검토일지(26년)'!$I:$I="완료계"), 0), 0), IF(ISNUMBER(행번호), HYPERLINK("#gid=" & "0" & "&range=A" & 행번호, "완료"), "-"))} -> - | Y71: {=LET(행번호, MATCH(1, INDEX(('보고서 검토일지(26년)'!$G:$G=F71) * ('보고서 검토일지(26년)'!$H:$H=G71) * ('보고서 검토일지(26년)'!$I:$I="청구서"), 0), 0), IF(ISNUMBER(행번호), HYPERLINK("#gid=" & "0" & "&range=A" & 행번호, "완료"), "-"))} -> -
A72: 46115 | C72: CA-110 | D72: 제조-제조(제작설치포함) | F72: (주)키핀 | G72: 온기소리 원가계산 | H72: 견적-최저 | I72: 330000 | J72: 사업비 확인불가 | K72: 유 | L72: 수주 | M72: 하은정
A73: 46111 | C73: CC-320 | D73: 학술용역-행사, 운영(대행) | F73: 한국발명진흥회 | G73: 2026 지식재산 거래 네트워크(IP-LINK) 행사 운영 용역 원가계산 | H73: 연단가-견적 | I73: 420000 | J73: 30000000 | K73: 유 | L73: 연단가 | M73: 장연주 | N73: 완료 | O73: =IF(COUNTIFS('보고서 검토일지(26년)'!$H:$H, $G73, '보고서 검토일지(26년)'!$M:$M, "0", '보고서 검토일지(26년)'!$G:$G, $F73)>0, "완료", "") -> 완료 | P73: 46111 | V73: {=LET(행번호, MATCH(1, INDEX(('보고서 검토일지(26년)'!$G:$G=F73) * ('보고서 검토일지(26년)'!$H:$H=G73) * ('보고서 검토일지(26년)'!$I:$I="제안서"), 0), 0), IF(ISNUMBER(행번호), HYPERLINK("#gid=" & "0" & "&range=A" & 행번호, "완료"), "-"))} -> - | W73: 완료 | X73: {=LET(행번호, MATCH(1, INDEX(('보고서 검토일지(26년)'!$G:$G=F73) * ('보고서 검토일지(26년)'!$H:$H=G73) * ('보고서 검토일지(26년)'!$I:$I="완료계"), 0), 0), IF(ISNUMBER(행번호), HYPERLINK("#gid=" & "0" & "&range=A" & 행번호, "완료"), "-"))} -> - | Y73: 완료
A74: 46107 | C74: CA-110 | D74: 제조-제조(제작설치포함) | F74: 대진오토포밍 | G74: 포밍기 제작 및 설치 원가계산 | H74: 견적-최저 | I74: 1320000 | J74: 사업비 확인불가 | K74: 유 | L74: 수주 | M74: 하은정 | N74: 완료 | O74: =IF(COUNTIFS('보고서 검토일지(26년)'!$H:$H, $G74, '보고서 검토일지(26년)'!$M:$M, "0", '보고서 검토일지(26년)'!$G:$G, $F74)>0, "완료", "") -> 완료 | P74: 46120 | V74: {=LET(행번호, MATCH(1, INDEX(('보고서 검토일지(26년)'!$G:$G=F74) * ('보고서 검토일지(26년)'!$H:$H=G74) * ('보고서 검토일지(26년)'!$I:$I="제안서"), 0), 0), IF(ISNUMBER(행번호), HYPERLINK("#gid=" & "0" & "&range=A" & 행번호, "완료"), "-"))} -> - | W74: 완료 | X74: {=LET(행번호, MATCH(1, INDEX(('보고서 검토일지(26년)'!$G:$G=F74) * ('보고서 검토일지(26년)'!$H:$H=G74) * ('보고서 검토일지(26년)'!$I:$I="완료계"), 0), 0), IF(ISNUMBER(행번호), HYPERLINK("#gid=" & "0" & "&range=A" & 행번호, "완료"), "-"))} -> - | Y74: {=LET(행번호, MATCH(1, INDEX(('보고서 검토일지(26년)'!$G:$G=F74) * ('보고서 검토일지(26년)'!$H:$H=G74) * ('보고서 검토일지(26년)'!$I:$I="청구서"), 0), 0), IF(ISNUMBER(행번호), HYPERLINK("#gid=" & "0" & "&range=A" & 행번호, "완료"), "-"))} -> -
A75: 46106 | C75: CC-340 | D75: 일반용역-S/W | F75: (주)공영홈쇼핑 | G75: 공영홈쇼핑 ERP 시스템 개선 사업자 선정 원가계산 | H75: 견적-최저 | I75: 1650000 | J75: 사업비 확인불가 | K75: 유 | L75: 수주 | M75: 하은정 | N75: 완료 | O75: =IF(COUNTIFS('보고서 검토일지(26년)'!$H:$H, $G75, '보고서 검토일지(26년)'!$M:$M, "0", '보고서 검토일지(26년)'!$G:$G, $F75)>0, "완료", "") -> 완료 | V75: {=LET(행번호, MATCH(1, INDEX(('보고서 검토일지(26년)'!$G:$G=F75) * ('보고서 검토일지(26년)'!$H:$H=G75) * ('보고서 검토일지(26년)'!$I:$I="제안서"), 0), 0), IF(ISNUMBER(행번호), HYPERLINK("#gid=" & "0" & "&range=A" & 행번호, "완료"), "-"))} -> - | W75: {=LET(행번호, MATCH(1, INDEX(('보고서 검토일지(26년)'!$G:$G=F75) * ('보고서 검토일지(26년)'!$H:$H=G75) * ('보고서 검토일지(26년)'!$I:$I="최종보고서"), 0), 0), IF(ISNUMBER(행번호), HYPERLINK("#gid=" & "0" & "&range=A" & 행번호, "완료"), "-"))} -> - | X75: {=LET(행번호, MATCH(1, INDEX(('보고서 검토일지(26년)'!$G:$G=F75) * ('보고서 검토일지(26년)'!$H:$H=G75) * ('보고서 검토일지(26년)'!$I:$I="완료계"), 0), 0), IF(ISNUMBER(행번호), HYPERLINK("#gid=" & "0" & "&range=A" & 행번호, "완료"), "-"))} -> - | Y75: {=LET(행번호, MATCH(1, INDEX(('보고서 검토일지(26년)'!$G:$G=F75) * ('보고서 검토일지(26년)'!$H:$H=G75) * ('보고서 검토일지(26년)'!$I:$I="청구서"), 0), 0), IF(ISNUMBER(행번호), HYPERLINK("#gid=" & "0" & "&range=A" & 행번호, "완료"), "-"))} -> -
A76: 46104 | C76: CB-210 | D76: 공사-공사원가 | F76: 태양산업 | G76: 국소배기장치 집진설비 설치공사 원가계산 | H76: 견적-최저 | I76: 440000 | J76: 사업비 확인불가 | K76: 유 | L76: 수주 | M76: 하은정 | N76: 완료 | O76: =IF(COUNTIFS('보고서 검토일지(26년)'!$H:$H, $G76, '보고서 검토일지(26년)'!$M:$M, "0", '보고서 검토일지(26년)'!$G:$G, $F76)>0, "완료", "") -> 완료 | P76: 46104 | V76: {=LET(행번호, MATCH(1, INDEX(('보고서 검토일지(26년)'!$G:$G=F76) * ('보고서 검토일지(26년)'!$H:$H=G76) * ('보고서 검토일지(26년)'!$I:$I="제안서"), 0), 0), IF(ISNUMBER(행번호), HYPERLINK("#gid=" & "0" & "&range=A" & 행번호, "완료"), "-"))} -> - | W76: 완료 | X76: {=LET(행번호, MATCH(1, INDEX(('보고서 검토일지(26년)'!$G:$G=F76) * ('보고서 검토일지(26년)'!$H:$H=G76) * ('보고서 검토일지(26년)'!$I:$I="완료계"), 0), 0), IF(ISNUMBER(행번호), HYPERLINK("#gid=" & "0" & "&range=A" & 행번호, "완료"), "-"))} -> - | Y76: {=LET(행번호, MATCH(1, INDEX(('보고서 검토일지(26년)'!$G:$G=F76) * ('보고서 검토일지(26년)'!$H:$H=G76) * ('보고서 검토일지(26년)'!$I:$I="청구서"), 0), 0), IF(ISNUMBER(행번호), HYPERLINK("#gid=" & "0" & "&range=A" & 행번호, "완료"), "-"))} -> -
A77: 46104 | C77: CB-210 | D77: 공사-공사원가 | F77: (주)현대기술 | G77: 국소배기장치 집진설비 설치공사 원가계산 | H77: 견적-최저 | I77: 440000 | J77: 사업비 확인불가 | K77: 유 | L77: 수주 | M77: 하은정 | N77: 완료 | O77: =IF(COUNTIFS('보고서 검토일지(26년)'!$H:$H, $G77, '보고서 검토일지(26년)'!$M:$M, "0", '보고서 검토일지(26년)'!$G:$G, $F77)>0, "완료", "") -> 완료 | P77: 46104 | V77: {=LET(행번호, MATCH(1, INDEX(('보고서 검토일지(26년)'!$G:$G=F77) * ('보고서 검토일지(26년)'!$H:$H=G77) * ('보고서 검토일지(26년)'!$I:$I="제안서"), 0), 0), IF(ISNUMBER(행번호), HYPERLINK("#gid=" & "0" & "&range=A" & 행번호, "완료"), "-"))} -> - | W77: 완료 | X77: {=LET(행번호, MATCH(1, INDEX(('보고서 검토일지(26년)'!$G:$G=F77) * ('보고서 검토일지(26년)'!$H:$H=G77) * ('보고서 검토일지(26년)'!$I:$I="완료계"), 0), 0), IF(ISNUMBER(행번호), HYPERLINK("#gid=" & "0" & "&range=A" & 행번호, "완료"), "-"))} -> - | Y77: {=LET(행번호, MATCH(1, INDEX(('보고서 검토일지(26년)'!$G:$G=F77) * ('보고서 검토일지(26년)'!$H:$H=G77) * ('보고서 검토일지(26년)'!$I:$I="청구서"), 0), 0), IF(ISNUMBER(행번호), HYPERLINK("#gid=" & "0" & "&range=A" & 행번호, "완료"), "-"))} -> -
A78: 46099 | C78: CC-340 | D78: 일반용역-S/W | F78: 건설근로자공제회 | G78: 건설근로자공제회 메인 전산센터 이전 원가계산 | H78: 연단가-견적 | I78: 1650000 | J78: 460000000 | K78: 유 | L78: 연단가 | M78: 하은정 | N78: 완료 | O78: =IF(COUNTIFS('보고서 검토일지(26년)'!$H:$H, $G78, '보고서 검토일지(26년)'!$M:$M, "0", '보고서 검토일지(26년)'!$G:$G, $F78)>0, "완료", "") -> 완료 | P78: 46099 | Q78: 46100 | R78: 1650000 | S78: 46111 | V78: {=LET(행번호, MATCH(1, INDEX(('보고서 검토일지(26년)'!$G:$G=F78) * ('보고서 검토일지(26년)'!$H:$H=G78) * ('보고서 검토일지(26년)'!$I:$I="제안서"), 0), 0), IF(ISNUMBER(행번호), HYPERLINK("#gid=" & "0" & "&range=A" & 행번호, "완료"), "-"))} -> - | W78: 완료 | X78: {=LET(행번호, MATCH(1, INDEX(('보고서 검토일지(26년)'!$G:$G=F78) * ('보고서 검토일지(26년)'!$H:$H=G78) * ('보고서 검토일지(26년)'!$I:$I="완료계"), 0), 0), IF(ISNUMBER(행번호), HYPERLINK("#gid=" & "0" & "&range=A" & 행번호, "완료"), "-"))} -> - | Y78: 완료
A79: 46099 | C79: CC-340 | D79: 일반용역-S/W | F79: 건설근로자공제회 | G79: 전자카드 기반 임금직접지급제 의무화 대응 시스템 개발 용역 원가계산 | H79: 연단가-견적 | I79: 2200000 | J79: 1853000000 | K79: 유 | L79: 연단가 | M79: 하은정 | N79: 완료 | O79: =IF(COUNTIFS('보고서 검토일지(26년)'!$H:$H, $G79, '보고서 검토일지(26년)'!$M:$M, "0", '보고서 검토일지(26년)'!$G:$G, $F79)>0, "완료", "") -> 완료 | P79: 46099 | Q79: 46100 | R79: 2200000 | S79: 46111 | V79: {=LET(행번호, MATCH(1, INDEX(('보고서 검토일지(26년)'!$G:$G=F79) * ('보고서 검토일지(26년)'!$H:$H=G79) * ('보고서 검토일지(26년)'!$I:$I="제안서"), 0), 0), IF(ISNUMBER(행번호), HYPERLINK("#gid=" & "0" & "&range=A" & 행번호, "완료"), "-"))} -> - | W79: 완료 | X79: {=LET(행번호, MATCH(1, INDEX(('보고서 검토일지(26년)'!$G:$G=F79) * ('보고서 검토일지(26년)'!$H:$H=G79) * ('보고서 검토일지(26년)'!$I:$I="완료계"), 0), 0), IF(ISNUMBER(행번호), HYPERLINK("#gid=" & "0" & "&range=A" & 행번호, "완료"), "-"))} -> - | Y79: 완료
A80: 46097 | C80: CC-320 | D80: 학술용역-행사, 운영(대행) | F80: 창업진흥원 | G80: 2026년 청소년비즈쿨 행사 위탁운영 원가계산 | H80: 견적-최저 | I80: 1430000 | J80: 567000000 | K80: 유 | L80: 수주 | M80: 장연주 | V80: {=LET(행번호, MATCH(1, INDEX(('보고서 검토일지(26년)'!$G:$G=F80) * ('보고서 검토일지(26년)'!$H:$H=G80) * ('보고서 검토일지(26년)'!$I:$I="제안서"), 0), 0), IF(ISNUMBER(행번호), HYPERLINK("#gid=" & "0" & "&range=A" & 행번호, "완료"), "-"))} -> - | W80: {=LET(행번호, MATCH(1, INDEX(('보고서 검토일지(26년)'!$G:$G=F80) * ('보고서 검토일지(26년)'!$H:$H=G80) * ('보고서 검토일지(26년)'!$I:$I="최종보고서"), 0), 0), IF(ISNUMBER(행번호), HYPERLINK("#gid=" & "0" & "&range=A" & 행번호, "완료"), "-"))} -> - | X80: {=LET(행번호, MATCH(1, INDEX(('보고서 검토일지(26년)'!$G:$G=F80) * ('보고서 검토일지(26년)'!$H:$H=G80) * ('보고서 검토일지(26년)'!$I:$I="완료계"), 0), 0), IF(ISNUMBER(행번호), HYPERLINK("#gid=" & "0" & "&range=A" & 행번호, "완료"), "-"))} -> - | Y80: 완료
A81: 46097 | C81: CC-340 | D81: 일반용역-S/W | F81: (주)새팜 | G81: 2026년 데이터 기반 스마트농업 확산지원 사업 원가계산 | H81: 견적-최저 | I81: 330000 | J81: 837000000 | K81: 유 | L81: 수주 | M81: 하은정 | N81: 완료 | O81: =IF(COUNTIFS('보고서 검토일지(26년)'!$H:$H, $G81, '보고서 검토일지(26년)'!$M:$M, "0", '보고서 검토일지(26년)'!$G:$G, $F81)>0, "완료", "") -> 완료 | P81: 46101
A82: 46094 | C82: CC-340 | D82: 일반용역-S/W | F82: 소상공인시장진흥공단 | G82: 소상공인 AI 학습 데이터셋 및 서비스 구축(1차) 원가계산 | H82: 견적-최저 | I82: 2200000 | J82: 1940000000 | K82: 유 | L82: 수주 | M82: 하은정 | V82: {=LET(행번호, MATCH(1, INDEX(('보고서 검토일지(26년)'!$G:$G=F82) * ('보고서 검토일지(26년)'!$H:$H=G82) * ('보고서 검토일지(26년)'!$I:$I="제안서"), 0), 0), IF(ISNUMBER(행번호), HYPERLINK("#gid=" & "0" & "&range=A" & 행번호, "완료"), "-"))} -> - | W82: {=LET(행번호, MATCH(1, INDEX(('보고서 검토일지(26년)'!$G:$G=F82) * ('보고서 검토일지(26년)'!$H:$H=G82) * ('보고서 검토일지(26년)'!$I:$I="최종보고서"), 0), 0), IF(ISNUMBER(행번호), HYPERLINK("#gid=" & "0" & "&range=A" & 행번호, "완료"), "-"))} -> - | X82: {=LET(행번호, MATCH(1, INDEX(('보고서 검토일지(26년)'!$G:$G=F82) * ('보고서 검토일지(26년)'!$H:$H=G82) * ('보고서 검토일지(26년)'!$I:$I="완료계"), 0), 0), IF(ISNUMBER(행번호), HYPERLINK("#gid=" & "0" & "&range=A" & 행번호, "완료"), "-"))} -> - | Y82: {=LET(행번호, MATCH(1, INDEX(('보고서 검토일지(26년)'!$G:$G=F82) * ('보고서 검토일지(26년)'!$H:$H=G82) * ('보고서 검토일지(26년)'!$I:$I="청구서"), 0), 0), IF(ISNUMBER(행번호), HYPERLINK("#gid=" & "0" & "&range=A" & 행번호, "완료"), "-"))} -> -
A83: 46093 | C83: CC-340 | D83: 일반용역-S/W | F83: (주)에스에스엘 | G83: 2026년 데이터 기반 스마트농업 확산지원 사업 원가계산 | H83: 견적-최저 | I83: 660000 | J83: 300000000 | K83: 유 | L83: 수주 | M83: 하은정 | N83: 완료 | O83: =IF(COUNTIFS('보고서 검토일지(26년)'!$H:$H, $G83, '보고서 검토일지(26년)'!$M:$M, "0", '보고서 검토일지(26년)'!$G:$G, $F83)>0, "완료", "") | P83: 46099
A84: 46092 | C84: CA-110 | D84: 제조-제조(제작설치포함) | F84: 전남도청 | G84: 김활성처리제 원가계산 | H84: 견적-최저 | I84: 2750000 | J84: 사업비 확인불가 | K84: 유 | L84: 수주 | M84: 하은정
A85: 46090 | C85: CC-320 | D85: 학술용역-행사, 운영(대행) | F85: 건설근로자공제회 | G85: 2026년 직원 교육훈련 운영 위탁 원가계산 | H85: 연단가-견적 | I85: 880000 | J85: 130000000 | K85: 유 | L85: 연단가 | M85: 장연주 | N85: 완료 | O85: =IF(COUNTIFS('보고서 검토일지(26년)'!$H:$H, $G85, '보고서 검토일지(26년)'!$M:$M, "0", '보고서 검토일지(26년)'!$G:$G, $F85)>0, "완료", "") -> 완료 | P85: 46090 | Q85: 46097 | R85: 880000 | S85: 46100 | V85: {=LET(행번호, MATCH(1, INDEX(('보고서 검토일지(26년)'!$G:$G=F85) * ('보고서 검토일지(26년)'!$H:$H=G85) * ('보고서 검토일지(26년)'!$I:$I="제안서"), 0), 0), IF(ISNUMBER(행번호), HYPERLINK("#gid=" & "0" & "&range=A" & 행번호, "완료"), "-"))} -> - | W85: 완료 | X85: 완료 | Y85: 완료
A86: 46090 | C86: CB-250 | D86: 공사-기부채납 | F86: (주)엘와이디벨럽 | G86: 시흥동 103-3 청년안심주택 사업 기부채납 공공시설 설치비용 적정성 검증 | H86: 견적-최저 | I86: 33000000 | J86: 29900000000 | K86: 유 | L86: 수주 | M86: 건설사업본부
A87: 46087 | C87: CB-210 | D87: 공사-공사원가 | F87: 한국화학연구원 | G87: 녹지 방제 작업 원가계산 | H87: 견적-최저 | I87: 330000 | J87: 19285000 | K87: 유 | L87: 수주 | M87: 하은정
A88: 46086 | C88: CC-310 | D88: 학술용역-연구 | F88: 창업진흥원 | G88: 2026년 창업기업실태조사 원가계산 | H88: 견적-최저 | I88: 990000 | J88: 340000000 | K88: 유 | L88: 수주 | M88: 장연주 | N88: 완료 | O88: =IF(COUNTIFS('보고서 검토일지(26년)'!$H:$H, $G88, '보고서 검토일지(26년)'!$M:$M, "0", '보고서 검토일지(26년)'!$G:$G, $F88)>0, "완료", "") -> 완료 | P88: 46097 | Q88: 46097 | R88: 990000 | S88: 46107 | V88: {=LET(행번호, MATCH(1, INDEX(('보고서 검토일지(26년)'!$G:$G=F88) * ('보고서 검토일지(26년)'!$H:$H=G88) * ('보고서 검토일지(26년)'!$I:$I="제안서"), 0), 0), IF(ISNUMBER(행번호), HYPERLINK("#gid=" & "0" & "&range=A" & 행번호, "완료"), "-"))} -> - | W88: 완료 | X88: 완료 | Y88: 완료
A89: 46086 | C89: CC-310 | D89: 학술용역-연구 | F89: 창업진흥원 | G89: 2026년 창업지원 성과분석 원가계산 | H89: 견적-최저 | I89: 660000 | J89: 220000000 | K89: 유 | L89: 수주 | M89: 장연주 | N89: 완료 | O89: =IF(COUNTIFS('보고서 검토일지(26년)'!$H:$H, $G89, '보고서 검토일지(26년)'!$M:$M, "0", '보고서 검토일지(26년)'!$G:$G, $F89)>0, "완료", "") -> 완료 | P89: 46097 | Q89: 46097 | R89: 660000 | S89: 46100 | V89: {=LET(행번호, MATCH(1, INDEX(('보고서 검토일지(26년)'!$G:$G=F89) * ('보고서 검토일지(26년)'!$H:$H=G89) * ('보고서 검토일지(26년)'!$I:$I="제안서"), 0), 0), IF(ISNUMBER(행번호), HYPERLINK("#gid=" & "0" & "&range=A" & 행번호, "완료"), "-"))} -> - | W89: 완료 | X89: 완료 | Y89: 완료
A90: 46086 | C90: CC-310 | D90: 학술용역-연구 | F90: 한국산업기술진흥원 | G90: 규제특례 체계 고도화 및 신규 특례 조사연구 원가계산 | H90: 견적-최저 | I90: 440000 | J90: 80000000 | K90: 유 | L90: 수주 | M90: 장연주 | N90: 완료 | O90: =IF(COUNTIFS('보고서 검토일지(26년)'!$H:$H, $G90, '보고서 검토일지(26년)'!$M:$M, "0", '보고서 검토일지(26년)'!$G:$G, $F90)>0, "완료", "") -> 완료 | P90: 46100 | V90: {=LET(행번호, MATCH(1, INDEX(('보고서 검토일지(26년)'!$G:$G=F90) * ('보고서 검토일지(26년)'!$H:$H=G90) * ('보고서 검토일지(26년)'!$I:$I="제안서"), 0), 0), IF(ISNUMBER(행번호), HYPERLINK("#gid=" & "0" & "&range=A" & 행번호, "완료"), "-"))} -> - | W90: 완료 | X90: 완료 | Y90: {=LET(행번호, MATCH(1, INDEX(('보고서 검토일지(26년)'!$G:$G=F90) * ('보고서 검토일지(26년)'!$H:$H=G90) * ('보고서 검토일지(26년)'!$I:$I="청구서"), 0), 0), IF(ISNUMBER(행번호), HYPERLINK("#gid=" & "0" & "&range=A" & 행번호, "완료"), "-"))} -> -
A91: 46085 | C91: CA-110 | D91: 제조-제조(제작설치포함) | F91: 매직브레일 | G91: 점자프린터 원가계산 | H91: 견적-최저 | I91: 440000 | J91: 사업비 확인불가 | K91: 유 | L91: 수주 | M91: 하은정 | N91: 완료 | O91: =IF(COUNTIFS('보고서 검토일지(26년)'!$H:$H, $G91, '보고서 검토일지(26년)'!$M:$M, "0", '보고서 검토일지(26년)'!$G:$G, $F91)>0, "완료", "") -> 완료 | P91: 46091
A92: 46085 | C92: CC-340 | D92: 일반용역-S/W | F92: (주)대은계전 | G92: 2026년 데이터 기반 스마트농업 확산지원 사업 원가계산 | H92: 견적-최저 | I92: 660000 | J92: 360000000 | K92: 유 | L92: 수주 | M92: 하은정 | N92: 완료 | O92: =IF(COUNTIFS('보고서 검토일지(26년)'!$H:$H, $G92, '보고서 검토일지(26년)'!$M:$M, "0", '보고서 검토일지(26년)'!$G:$G, $F92)>0, "완료", "") -> 완료 | P92: 46091
A93: 46085 | C93: CC-340 | D93: 일반용역-S/W | F93: (주)민들레 | G93: 2026년 데이터 기반 스마트농업 확산지원 사업 원가계산 | H93: 견적-최저 | I93: 660000 | J93: 사업비 확인불가 | K93: 유 | L93: 수주 | M93: 하은정 | N93: 완료 | O93: =IF(COUNTIFS('보고서 검토일지(26년)'!$H:$H, $G93, '보고서 검토일지(26년)'!$M:$M, "0", '보고서 검토일지(26년)'!$G:$G, $F93)>0, "완료", "") -> 완료 | P93: 46091
A94: 46084 | C94: CC-340 | D94: 일반용역-S/W | F94: (주)유비엔 | G94: 2026년 데이터 기반 스마트농업 확산지원 사업 원가계산 | H94: 견적-최저 | I94: 1980000 | J94: 175000000 | K94: 유 | L94: 수주 | M94: 하은정 | N94: 완료 | O94: =IF(COUNTIFS('보고서 검토일지(26년)'!$H:$H, $G94, '보고서 검토일지(26년)'!$M:$M, "0", '보고서 검토일지(26년)'!$G:$G, $F94)>0, "완료", "") | P94: 46106
A95: 46080 | C95: CC-310 | D95: 학술용역-연구 | F95: 창업진흥원 | G95: 2030 글로벌 AI 데카콘 기업 육성계획 수립 원가계산 | H95: 견적-최저 | I95: 660000 | J95: 200000000 | K95: 유 | L95: 수주 | M95: 장연주 | N95: 완료 | O95: =IF(COUNTIFS('보고서 검토일지(26년)'!$H:$H, $G95, '보고서 검토일지(26년)'!$M:$M, "0", '보고서 검토일지(26년)'!$G:$G, $F95)>0, "완료", "") -> 완료 | P95: 46084 | Q95: 46090 | R95: 660000 | S95: 46093 | V95: {=LET(행번호, MATCH(1, INDEX(('보고서 검토일지(26년)'!$G:$G=F95) * ('보고서 검토일지(26년)'!$H:$H=G95) * ('보고서 검토일지(26년)'!$I:$I="제안서"), 0), 0), IF(ISNUMBER(행번호), HYPERLINK("#gid=" & "0" & "&range=A" & 행번호, "완료"), "-"))} -> - | W95: 완료 | X95: 완료 | Y95: {=LET(행번호, MATCH(1, INDEX(('보고서 검토일지(26년)'!$G:$G=F95) * ('보고서 검토일지(26년)'!$H:$H=G95) * ('보고서 검토일지(26년)'!$I:$I="청구서"), 0), 0), IF(ISNUMBER(행번호), HYPERLINK("#gid=" & "0" & "&range=A" & 행번호, "완료"), "-"))} -> -
A96: 46080 | C96: CC-340 | D96: 일반용역-S/W | F96: (주)골든플래닛 | G96: 2026년 데이터 기반 스마트농업 확산지원 사업 원가계산 | H96: 견적-최저 | I96: 1980000 | J96: 250000000 | K96: 유 | L96: 수주 | M96: 하은정 | N96: 완료 | O96: =IF(COUNTIFS('보고서 검토일지(26년)'!$H:$H, $G96, '보고서 검토일지(26년)'!$M:$M, "0", '보고서 검토일지(26년)'!$G:$G, $F96)>0, "완료", "") -> 완료 | P96: 46105
A97: 46080 | C97: CC-340 | D97: 일반용역-S/W | F97: 와이즈센싱 | G97: 2026년 데이터 기반 스마트농업 확산지원 사업 원가계산 | H97: 견적-최저 | I97: 550000 | J97: 사업비 확인불가 | K97: 유 | L97: 수주 | M97: 하은정
A98: 46077 | C98: CC-320 | D98: 학술용역-연구 | F98: 건설근로자공제회 | G98: 건설근로자공제회 자산운용 내부통제체계 구축 연구용역 원가계산 | H98: 연단가-견적 | I98: 550000 | J98: 65000000 | K98: 유 | L98: 연단가 | M98: 장연주 | N98: 완료 | O98: =IF(COUNTIFS('보고서 검토일지(26년)'!$H:$H, $G98, '보고서 검토일지(26년)'!$M:$M, "0", '보고서 검토일지(26년)'!$G:$G, $F98)>0, "완료", "") -> 완료 | P98: 46077 | Q98: 46078 | R98: 550000 | S98: 46085 | V98: {=LET(행번호, MATCH(1, INDEX(('보고서 검토일지(26년)'!$G:$G=F98) * ('보고서 검토일지(26년)'!$H:$H=G98) * ('보고서 검토일지(26년)'!$I:$I="제안서"), 0), 0), IF(ISNUMBER(행번호), HYPERLINK("#gid=" & "0" & "&range=A" & 행번호, "완료"), "-"))} -> - | W98: 완료 | X98: 완료 | Y98: 완료
A99: 46077 | C99: CC-320 | D99: 학술용역-행사, 운영(대행) | F99: 창업진흥원 | G99: APEC 스타트업 얼라이언스 포럼 부대 행사 위탁 운영 원가계산 | H99: 견적-최저 | I99: 880000 | J99: 150000000 | K99: 유 | L99: 수주 | M99: 장연주 | N99: 완료 | O99: =IF(COUNTIFS('보고서 검토일지(26년)'!$H:$H, $G99, '보고서 검토일지(26년)'!$M:$M, "0", '보고서 검토일지(26년)'!$G:$G, $F99)>0, "완료", "") -> 완료 | P99: 46084 | Q99: 46084 | R99: 880000 | S99: 46091 | V99: {=LET(행번호, MATCH(1, INDEX(('보고서 검토일지(26년)'!$G:$G=F99) * ('보고서 검토일지(26년)'!$H:$H=G99) * ('보고서 검토일지(26년)'!$I:$I="제안서"), 0), 0), IF(ISNUMBER(행번호), HYPERLINK("#gid=" & "0" & "&range=A" & 행번호, "완료"), "-"))} -> - | W99: 완료 | X99: 완료 | Y99: 완료
A100: 46076 | C100: CC-320 | D100: 학술용역-행사, 운영(대행) | F100: 소상공인시장진흥공단 | G100: 2026년 소상공인시장진흥공단 직원채용 대행용역 원가계산 | H100: 견적-최저 | I100: 990000 | J100: 350000000 | K100: 유 | L100: 수주 | M100: 장연주 | N100: 완료 | O100: =IF(COUNTIFS('보고서 검토일지(26년)'!$H:$H, $G100, '보고서 검토일지(26년)'!$M:$M, "0", '보고서 검토일지(26년)'!$G:$G, $F100)>0, "완료", "") -> 완료 | P100: 46078 | V100: {=LET(행번호, MATCH(1, INDEX(('보고서 검토일지(26년)'!$G:$G=F100) * ('보고서 검토일지(26년)'!$H:$H=G100) * ('보고서 검토일지(26년)'!$I:$I="제안서"), 0), 0), IF(ISNUMBER(행번호), HYPERLINK("#gid=" & "0" & "&range=A" & 행번호, "완료"), "-"))} -> - | W100: 완료 | X100: 완료 | Y100: {=LET(행번호, MATCH(1, INDEX(('보고서 검토일지(26년)'!$G:$G=F100) * ('보고서 검토일지(26년)'!$H:$H=G100) * ('보고서 검토일지(26년)'!$I:$I="청구서"), 0), 0), IF(ISNUMBER(행번호), HYPERLINK("#gid=" & "0" & "&range=A" & 행번호, "완료"), "-"))} -> -
A101: 46073 | C101: CC-320 | D101: 학술용역-행사, 운영(대행) | F101: 창업진흥원 | G101: 2026년 창업진흥원 종합홍보 용역 원가계산 | H101: 견적-최저 | I101: 1000000 | J101: 200000000 | K101: 유 | L101: 수주 | M101: 장연주 | N101: 완료 | O101: =IF(COUNTIFS('보고서 검토일지(26년)'!$H:$H, $G101, '보고서 검토일지(26년)'!$M:$M, "0", '보고서 검토일지(26년)'!$G:$G, $F101)>0, "완료", "") -> 완료 | P101: 46086 | Q101: 46086 | R101: 1000000 | S101: 46093 | V101: {=LET(행번호, MATCH(1, INDEX(('보고서 검토일지(26년)'!$G:$G=F101) * ('보고서 검토일지(26년)'!$H:$H=G101) * ('보고서 검토일지(26년)'!$I:$I="제안서"), 0), 0), IF(ISNUMBER(행번호), HYPERLINK("#gid=" & "0" & "&range=A" & 행번호, "완료"), "-"))} -> - | W101: 완료 | X101: 완료 | Y101: 완료
A102: 46064 | C102: CC-310 | D102: 학술용역-연구 | F102: 건설근로자공제회 | G102: 기능등급제 교육·평가 시행방안 마련 원가계산 | H102: 연단가-견적 | I102: 550000 | J102: 90000000 | K102: 유 | L102: 연단가 | M102: 장연주 | N102: 완료 | O102: =IF(COUNTIFS('보고서 검토일지(26년)'!$H:$H, $G102, '보고서 검토일지(26년)'!$M:$M, "0", '보고서 검토일지(26년)'!$G:$G, $F102)>0, "완료", "") -> 완료 | P102: 46064 | Q102: 46064 | R102: 550000 | S102: 46066 | V102: {=LET(행번호, MATCH(1, INDEX(('보고서 검토일지(26년)'!$G:$G=F102) * ('보고서 검토일지(26년)'!$H:$H=G102) * ('보고서 검토일지(26년)'!$I:$I="제안서"), 0), 0), IF(ISNUMBER(행번호), HYPERLINK("#gid=" & "0" & "&range=A" & 행번호, "완료"), "-"))} -> - | W102: 완료 | X102: 완료 | Y102: 완료
A103: 46064 | C103: CC-310 | D103: 학술용역-연구 | F103: 건설근로자공제회 | G103: 기능등급제 경력관리 고도화 및 활용 기반 마련 원가계산 | H103: 연단가-견적 | I103: 550000 | J103: 70000000 | K103: 유 | L103: 연단가 | M103: 장연주 | N103: 완료 | O103: =IF(COUNTIFS('보고서 검토일지(26년)'!$H:$H, $G103, '보고서 검토일지(26년)'!$M:$M, "0", '보고서 검토일지(26년)'!$G:$G, $F103)>0, "완료", "") -> 완료 | P103: 46064 | Q103: 46064 | R103: 550000 | S103: 46078 | V103: {=LET(행번호, MATCH(1, INDEX(('보고서 검토일지(26년)'!$G:$G=F103) * ('보고서 검토일지(26년)'!$H:$H=G103) * ('보고서 검토일지(26년)'!$I:$I="제안서"), 0), 0), IF(ISNUMBER(행번호), HYPERLINK("#gid=" & "0" & "&range=A" & 행번호, "완료"), "-"))} -> - | W103: 완료 | X103: 완료 | Y103: 완료
...

Sheet 입찰정보(원가분석본부)
A1: 입찰정보
Z2: 결 재 | AA2: 담당 | AC2: 관리 | AE2: 원장
AA3: 김현진
A4: ="기준일자 : "&TEXT(TODAY(),"yyyy-mm-dd") -> 기준일자 : 2026-06-17 | E4: KIBD 서비스종료 : 2026-11-12 | V4: 출력일 : | W4: =TEXT(TODAY(),"yyyy-mm-dd") -> 2026-06-17
A5: * 투찰의견 : O (참여), △ (재검토), X (미참여) _ 해당 도형 기재 후 하단 "( )"안에 간략히 사유 기재 | AA5: =TODAY() -> 46190 | AC5: =TODAY() -> 46190 | AE5: =TODAY() -> 46190
A6: * ① 원가계산 / ② 학술, 경영 외/ ③건설
A7: 날짜 | B7: 번호 | C7: 구분 | D7: 공고명 | E7: 공고기관 | F7: 입찰 개시일 | G7: 참가신청 마감일 | H7: 투찰 마감일시 | I7: 개찰 일시 | J7: 구 분 | K7: 지역제한 | L7: 업종제한 | M7: 기초금액 | N7: 추정가격 | O7: 예가 변동폭 | P7: 투찰 하한율 | Q7: 제안서 / 가격 | R7: 투찰의견 | V7: 투찰금액 | W7: 투찰 일자 | X7: 투찰 여부 | Y7: 총괄본부 | AB7: 담당자 | AE7: 개찰 결과 | AF7: 비고
R8: 원가 분석본부 | S8: 기획실 등 | T8: 하은정 이사 | U8: 원장 | Y8: 진행 | Z8: 검토 | AA8: 투찰 | AB8: 확인 | AC8: 검토 | AD8: 승인
A9: 46188 | B9: 169 | C9: ① | D9: 무인경비 위탁 원가계산용역 | E9: c-market 전북지방우정청 | F9: 46185.667 | G9: 46189.625 | H9: 46189.625 | I9: 46189.625 | J9: 전자,견적 | K9: [전국] | L9: [원가계산] | M9: 0 | N9: 0 | O9: 공고문참조 | P9: 공고문참조 | Q9: 가격 | T9: - | U9: O
A10: 46188 | B10: 168 | C10: ① | D10: 부산광역시 대중교통 운영체계 전면 재검토 용역 | E10: 부산광역시 | F10: 46199.375 | G10: 46202.75 | H10: 46203.417 | I10: 46203.458 | J10: 전자,공동도급,협상 | K10: [전국] | L10: [건설ENG][연구/학술][원가계산][기술사사무소][세무/회계/법무] | M10: 700000000 | N10: 636363636 | O10: 공고문참조 | P10: 공고문참조 | Q10: 제안서 | T10: X | U10: X
A11: 46184 | B11: 167 | C11: ③ | D11: 공사비 검증 신청 용역 협력업체 선정 입찰 공고 | E11: 서금사재정비촉진A구역 주택재개발정비사업조합 | F11: 46184.583 | G11: 46197.75 | H11: 46198.625 | I11: 46199.75 | J11: 전자 | K11: [전국] | L11: [정비산업][기타] | M11: 0 | N11: 0 | O11: 공고문참조 | P11: 가격 | Q11: 제안서 | T11: - | U11: O
A12: 46183 | B12: 166 | C12: ① | D12: 2026년 생활폐기물 수집운반 운영체계 개선방안 연구용역 | E12: 강원특별자치도 홍천군 | F12: 46183.625 | G12: 46188.75 | H12: 46189.625 | I12: 46189.667 | J12: 전자,수의 | K12: [강원] | L12: [연구/학술][원가계산] | M12: 60000000 | N12: 54545455 | O12: -3% ~ 3% | P12: 0.88 | Q12: 가격 | T12: X | U12: X | AF12: 지역제한
A13: 46183 | B13: 165 | C13: ① | D13: (중요)2026년 스마트제조지원사업 및 클린제조환경조성 사업 원가계산기관 모집 공고 | E13: 소상공인시장진흥공단 | F13: 46181.75 | G13: 46195.75 | H13: 46195.75 | I13: 46195.792 | J13: 일반 | O13: 공고문참조 | P13: 공고문참조 | Q13: 가격 | U13: - | AF13: 서류제출
A14: 46182 | B14: 164 | C14: ① | D14: (취소)공사비 검증 업무 대행 업체 선정 입찰 공고 | E14: 청솔아파트 주택재건축정비사업조합 | F14: 46182.625 | G14: 46189.583 | H14: 46189.583 | I14: 46189.583 | J14: 일반,전자 | O14: 공고문참조 | P14: 공고문참조 | Q14: 가격 | AF14: 적격심사
A15: 46178 | B15: 163 | C15: ① | D15: (유찰공고) 원전 기전공사 원가조사·표준품셈 제정 용역 | E15: 한국수력원자력(주) 조달처 계약실 신규건설계약부 | F15: 46178.667 | G15: 46178.75 | H15: 46178.75 | I15: 46178.75 | J15: 일반 | K15: [전국] | L15: [원가계산] | M15: 0 | N15: 0 | O15: 공고문참조 | P15: 공고문참조 | Q15: 견적서 (유찰공고) | T15: X | U15: X
A16: 46178 | B16: 162 | C16: ① | D16: 무인경비용역(청사, 숙소, 365 등) 원가산정을 위한 견적 요청 | E16: c-market 전남지방우정청 | F16: 46177.583 | G16: 46184.583 | H16: 46184.583 | I16: 46184.583 | J16: 전자,견적 | K16: [전국] | L16: [원가계산] | M16: 0 | N16: 0 | O16: 공고문참조 | P16: 공고문참조 | Q16: 가격 | T16: O | U16: O | V16: 9900000 | W16: 46184 | X16: 완료
A17: 46178 | B17: 161 | C17: ① | D17: 「2026년 속초시 시내버스 비수익 노선 손실액 산정 용역」소액수의 전자견적 제출안내 | E17: 강원특별자치도 속초시 | F17: 46178.417 | G17: 46182.75 | H17: 46183.417 | I17: 46183.458 | J17: 전자,수의 | K17: [강원] | L17: [연구/학술][원가계산] | M17: 25000000 | N17: 22727273 | O17: -3% ~ 3% | P17: 0.88 | Q17: 가격 | T17: X | U17: X | AF17: 지역제한
A18: 46178 | B18: 160 | C18: ① | D18: 태양광발전장치 115종 원가계산 용역 계약 의뢰 | E18: 조달청 | F18: 46182.417 | G18: 46181.75 | H18: 46182.5 | I18: 46182.542 | J18: 수의,일반,시담 | K18: [전국] | L18: [원가계산] | M18: 0 | N18: 9545455 | O18: 공고문참조 | P18: 공고문참조 | Q18: 수의시담 | T18: X | U18: X
A19: 46178 | B19: 159 | C19: ① | D19: 공공지원 민간임대주택 공사비 검증을 위한 원가조사용역 | E19: 조달청 부산지방조달청 | F19: 46183.417 | G19: 46184.75 | H19: 46185.417 | I19: 46185.458 | J19: 전자 | K19: [전국] | L19: [연구/학술][원가계산] | M19: 119823000 | N19: 108979091 | O19: -2% ~ 2% | P19: 0.86245 | Q19: 가격 | T19: O | U19: O | V19: 106442000 | W19: 46183 | X19: 완료 | AE19: 미수주 (22위)
A20: 46177 | B20: 158 | C20: ① | D20: 26년 5차 방위사업 원가계산 외부용역 | E20: 국방부 국방조달 방위사업청(운영지원과) | F20: 0000-00-00 00:00:00 | G20: 46191.583 | H20: 46192.583 | I20: 46192.625 | J20: 긴급,전자 | K20: [전국] | L20: [원가계산] | M20: 0 | N20: 413636364 | O20: 공고문참조 | P20: 공고문참조 | Q20: 제안서 | T20: X | U20: X
A21: 46174 | B21: 157 | C21: ① | D21: 「BIXPO2026 행사대행 용역」사후원가계산 | E21: 한국전력공사 | F21: 46174.75 | G21: 46181.75 | H21: 46182.583 | I21: 46182.625 | J21: 전자 | K21: [전국] | L21: [원가계산][세무/회계/법무] | M21: 25243900 | N21: 22949000 | O21: -2% ~ 2% | P21: 0.84245 | Q21: 가격 | U21: X
A22: 46170 | B22: 155 | C22: ① | D22: 원자로면허갱신을 위한 경력인정시험 응시수수료 산정분석 | E22: 한국원자력안전기술원 | F22: 46182.417 | G22: 46183.75 | H22: 46184.417 | I22: 46184.458 | J22: 정정,전자 | K22: [전국] | L22: [연구/학술][원가계산] | M22: 0 | N22: 27272727 | O22: -2% ~ 2% | P22: 0.86245 | Q22: 가격 | U22: X
A23: 46169 | B23: 154 | C23: ① | D23: [정책,156] 2026년 두창 및 탄저백신 원가 산정 용역 | E23: 질병관리청 | F23: 46171.417 | G23: 46170.75 | H23: 46171.458 | I23: 46171.5 | J23: 수의,일반,시담 | K23: [전국] | L23: [원가계산] | M23: 0 | N23: 36363636 | O23: 공고문참조 | P23: 공고문참조 | Q23: 수의시담 | U23: X
A24: 46169 | B24: 153 | C24: ① | D24: 원자로면허갱신을 위한 경력인정시험 응시수수료 산정분석 | E24: 한국원자력안전기술원 | F24: 46175.417 | G24: 46177.75 | H24: 46178.417 | I24: 46178.458 | J24: 전자 | K24: [전국] | L24: [연구/학술][원가계산] | M24: 0 | N24: 27272727 | O24: -2% ~ 2% | P24: 0.86245 | Q24: 가격 | U24: X
A25: 46169 | B25: 152 | C25: ① | D25: 2026년 반려동물 연관산업 해외수출화산업화 정산용역 | E25: 한국농수산식품유통공사 | F25: 46177.417 | G25: 46180.75 | H25: 46181.417 | I25: 46181.458 | J25: 전자,공동도급,협상 | K25: [전국] | L25: [원가계산][세무/회계/법무] | M25: 35000000 | N25: 31818182 | O25: 공고문참조 | P25: 공고문참조 | Q25: 제안서 | U25: X
A26: 46168 | B26: 151 | C26: ① | D26: 26년 외주정비 사후조건부 원가검증 용역 | E26: 국방부 국방조달 육군항공사령부 | F26: 0000-00-00 00:00:00 | G26: 46174.458 | H26: 46174.458 | I26: 46174.479 | J26: 전자,수의 | K26: [전국] | L26: [원가계산] | M26: 7742120 | N26: 7038291 | O26: -2% ~ 2% | P26: 0.88 | Q26: 가격 | U26: X
A27: 46163 | B27: 150 | C27: ① | D27: 2026년 무진장 농어촌 고속버스 회계감사, 손실보상 실차조사 및 성과연동 평가 용역 | E27: 전북특별자치도 무주군 | F27: 46168.417 | G27: 46169.75 | H27: 46170.417 | I27: 46170.458 | J27: 전자,수의 | K27: [전북] | L27: [연구/학술][원가계산] | M27: 90000000 | N27: 81818182 | O27: -3% ~ 3% | P27: 0.88 | Q27: 가격 | U27: X | AF27: 지역제한
A28: 46163 | B28: 149 | C28: ① | D28: 우체국 자,과초금 및 점외365코너 자금 위탁운송 원가계산 용역 | E28: c-market 경북지방우정청 | F28: 46162.708 | G28: 46169.417 | H28: 46169.417 | I28: 46169.458 | J28: 전자 | K28: [전국] | L28: [원가계산] | M28: 0 | N28: 0 | O28: 공고문참조 | P28: 공고문참조 | Q28: 가격 | U28: X
A29: 46163 | B29: 148 | C29: ① | D29: 새울3,4호기 주설비공사 공기연장(IPS R.6) 간접비 산정 원가분석 | E29: 한국수력원자력(주) 새울원자력본부 대외협력처 노무자재팀 | F29: 46162.708 | G29: 46170.458 | H29: 46170.458 | I29: 46170.583 | J29: 전자 | K29: [부산][울산] | L29: [원가계산] | M29: 38742000 | N29: 35220000 | O29: -2.5% ~ 2.5% | P29: 0.84245 | Q29: 가격 | U29: X | AF29: 지역제한
A30: 46162 | B30: 147 | C30: ① | D30: [공공] 2026년 보조기기 등록제(상반기) 접수 제품 원가계산 | E30: 보건복지부 국립재활원 | F30: 46168.417 | G30: 46169.75 | H30: 46170.5 | I30: 46170.625 | J30: 정정,전자 | K30: [전국] | L30: [원가계산] | M30: 0 | N30: 1363636 | O30: 공고문참조 | P30: 0.84245 | Q30: 가격 | U30: X
A31: 46162 | B31: 146 | C31: ① | D31: 낙동강하굿둑 rubber seal 제조원가 계산 용역 | E31: 한국수자원공사 | F31: 46162.542 | G31: 46162.708 | H31: 46162.708 | I31: 46162.708 | J31: 전자,수의,시담 | K31: [전국] | L31: [원가계산] | M31: 0 | N31: 0 | O31: 공고문참조 | P31: 공고문참조 | Q31: 수의시담 | U31: X
A32: 46162 | B32: 145 | C32: ① | D32: 부산광역시 대중교통 운영체계 전면 재검토 용역 | E32: 부산광역시 | F32: 46181.375 | G32: 46182.75 | H32: 46183.417 | I32: 46183.458 | J32: 전자,공동도급,협상 | K32: [전국] | L32: [건설ENG][연구/학술][원가계산][기술사사무소][세무/회계/법무] | M32: 700000000 | N32: 636363636 | O32: 공고문참조 | P32: 공고문참조 | Q32: 제안서 | U32: X
A33: 46162 | B33: 144 | C33: ① | D33: 26년 4차 방위사업 원가계산 외부용역 | E33: 국방부 국방조달 방위사업청(운영지원과) | F33: 0000-00-00 00:00:00 | G33: 46174.583 | H33: 46175.583 | I33: 46175.625 | J33: 긴급,전자 | K33: [전국] | L33: [원가계산] | M33: 0 | N33: 469090909 | O33: 공고문참조 | P33: 공고문참조 | Q33: 제안서 | U33: X
A34: 46161 | B34: 143 | C34: ① | D34: 공간정보 품질관리 기술컨설팅 강화 연구 | E34: (재)공간정보품질관리원 | F34: 46161.667 | G34: 46173.75 | H34: 46174.583 | I34: 46174.625 | J34: 전자,협상 | K34: [전국] | L34: [연구/학술][원가계산] | M34: 0 | N34: 40000000 | O34: 공고문참조 | P34: 공고문참조 | Q34: 제안서 | U34: X
A35: 46154 | B35: 142 | C35: ① | D35: 전력거래소 서비스 기반 원가분석 및 중기 재무전망 용역 | E35: 한국전력거래소 | F35: 46154.438 | G35: 46164.583 | H35: 46168.583 | I35: 46168.625 | J35: 전자 | K35: [전국] | L35: [원가계산] | M35: 112685000 | N35: 104531987 | O35: -2% ~ 2% | P35: 공고문참조 | Q35: 제안서 | U35: X
A36: 46153 | B36: 141 | C36: ① | D36: 26년 기동장비 외주정비 원가계산검증용역 | E36: 국방부 국방조달 제1군수지원사령부 | F36: 0000-00-00 00:00:00 | G36: 46156.417 | H36: 46156.417 | I36: 46156.458 | J36: 전자,수의 | K36: [전국] | L36: [원가계산] | M36: 13156000 | N36: 11960000 | O36: -2% ~ 2% | P36: 0.88 | Q36: 가격 | U36: O | V36: 11563000 | W36: 46155 | X36: 완료 | AE36: 미수주 (낙찰하한가 미달)
A37: 46153 | B37: 140 | C37: ① | D37: 26년 일반 함정장비 외주정비 원가계산검증 용역계약 | E37: 국방부 국방조달 제1군수지원사령부 | F37: 0000-00-00 00:00:00 | G37: 46156.417 | H37: 46156.417 | I37: 46156.458 | J37: 전자,수의 | K37: [전국] | L37: [원가계산] | M37: 7271000 | N37: 6610000 | O37: -2% ~ 2% | P37: 0.88 | Q37: 가격 | U37: O | V37: 6481000 | W37: 46155 | X37: 완료 | AE37: 미수주 (13위)
A38: 46150 | B38: 139 | C38: ① | D38: [공공] 2026년 보조기기 등록제(상반기) 접수 제품 원가계산 | E38: 보건복지부 국립재활원 | F38: 46156.417 | G38: 46159.75 | H38: 46160.5 | I38: 46160.625 | J38: 전자 | K38: [전국] | L38: [원가계산] | M38: - | N38: 1363636 | O38: -2% ~ 2% | P38: 0.84245 | Q38: 가격 | U38: O | V38: 1288000 | W38: 46156 | X38: 완료 | AE38: 미수주 (중소기업미충족)
A39: 46150 | B39: 138 | C39: ① | D39: (기술제안서 평가결과 공고) 원전 기전공사 원가조사·표준품셈 제정 용역 | E39: 한국수력원자력(주) 조달처 계약실 신규건설계약부 | F39: 46150.458 | G39: 46154.458 | H39: 46154.458 | I39: 46154.458 | J39: 일반 | K39: [전국] | L39: [원가계산] | M39: - | N39: - | O39: 공고문참조 | P39: 공고문참조 | Q39: 가격 | U39: X
A40: 46148 | B40: 137 | C40: ① | D40: 26-D-가격조사 위탁 용역 | E40: 국방부 국방조달 국군재정관리단 | F40: 0000-00-00 00:00:00 | G40: 46155.458 | H40: 46156.438 | I40: 46156.458 | J40: 전자 | K40: [전국] | L40: [원가계산][기타] | M40: 334060000 | N40: 309769091 | O40: -2% ~ 2% | P40: 0.85495 | Q40: 가격 | U40: O
A41: 46146 | B41: 136 | C41: ① | D41: 공간정보 품질관리 기술컨설팅 강화 연구 | E41: (재)공간정보품질관리원 | F41: 46146.667 | G41: 46156.75 | H41: 46157.583 | I41: 46157.625 | J41: 전자,협상 | K41: [전국] | L41: [연구/학술][원가계산] | M41: - | N41: 40000000 | O41: 공고문참조 | P41: 공고문참조 | Q41: 제안서 | U41: O
A42: 46142 | B42: 135 | C42: ① | D42: 분뇨수집·수수료 조정 등 업체 경영합리화 방안 연구용역 | E42: 부산광역시 | F42: 46148.375 | G42: 46149.75 | H42: 46150.417 | I42: 46150.458 | J42: 전자,수의 | K42: [부산] | L42: [연구/학술][원가계산] | M42: 60000000 | N42: 54545455 | O42: -3% ~ 3% | P42: 0.88 | Q42: 가격 | U42: X | AF42: 지역제한
A43: 46142 | B43: 134 | C43: ① | D43: 2026년~2027년 한국발명진흥회 원가계산 전문용역 기관 선정 | E43: 한국발명진흥회 | F43: 46141.917 | G43: 46154.75 | H43: 46155.417 | I43: 46155.458 | J43: 전자,협상 | K43: [전국] | L43: [원가계산] | M43: - | N43: 27327273 | O43: 공고문참조 | P43: 공고문참조 | Q43: 제안서 | U43: O | V43: 26220000 | W43: 46155 | X43: 완료 | AE43: 미수주
A44: 46141 | B44: 133 | C44: ② | D44: 보험자 역할 정립을 위한 근거 중심 조직진단 컨설팅 | E44: 국민건강보험공단 | F44: 46177.375 | G44: 46181.451 | H44: 46181.458 | I44: 46181.542 | J44: 전자,공동도급,협상 | K44: [전국] | L44: [연구/학술] | M44: - | N44: 759090909 | O44: 공고문참조 | P44: 공고문참조 | Q44: 제안서 | U44: X
A45: 46141 | B45: 132 | C45: ① | D45: 2026 한국관광 브랜드 마케팅 커뮤니케이션 사후원가정산 용역 | E45: 한국관광공사 | F45: 46141.75 | G45: 46152.75 | H45: 46153.625 | I45: 46153.667 | J45: 정정,전자,협상 | K45: [전국] | L45: [원가계산] | M45: - | N45: 72349091 | O45: 공고문참조 | P45: 공고문참조 | Q45: 제안서 | U45: X
A46: 46140 | B46: 131 | C46: ① | D46: 2026년 한국생산기술연구원 원가계산용역 단가계약 | E46: 한국생산기술연구원 | F46: 46141.375 | G46: 46181.75 | H46: 46182.417 | I46: 46182.458 | J46: 전자,협상 | K46: [전국] | L46: [원가계산] | M46: 353485000 | N46: 321350000 | O46: 공고문참조 | P46: 공고문참조 | Q46: 제안서 | T46: △ | U46: O
A47: 46140 | B47: 130 | C47: ② | D47: 공무원 근무시간 면제제도의 운영실태 및 개선방안 관련 정책연구 | E47: 국가공무원노동조합 | F47: 46139.708 | G47: 46149.75 | H47: 46150.75 | I47: 46150.792 | J47: 전자,협상 | K47: [전국] | L47: [연구/학술] | M47: - | N47: 40252320 | O47: 공고문참조 | P47: 공고문참조 | Q47: 제안서 | T47: X | U47: O | V47: 42000000 | W47: 46150 | X47: 완료 | AE47: 미수주
A48: 46136 | B48: 129 | C48: ① | D48: 26년 3차 방위사업 원가계산 외부용역 | E48: 국방부 국방조달 방위사업청(운영지원과) | F48: 0000-00-00 00:00:00 | G48: 46148.583 | H48: 46149.583 | I48: 46149.625 | J48: 긴급,전자 | K48: [전국] | L48: [원가계산] | M48: - | N48: 717818182 | O48: 공고문참조 | P48: 공고문참조 | Q48: 제안서 | T48: X | U48: X
A49: 46136 | B49: 128 | C49: ① | D49: 전력거래소 서비스 기반 원가분석 및 중기 재무전망 용역 | E49: 한국전력거래소 | F49: 46136.542 | G49: 46148.708 | H49: 46149.458 | I49: 46149.5 | J49: 전자 | K49: [전국] | L49: [원가계산] | M49: 112685000 | N49: 104531987 | O49: -2% ~ 2% | P49: 공고문참조 | Q49: 제안서 | T49: X | U49: X
A50: 46136 | B50: 127 | C50: ① | D50: 2026 한국관광 브랜드 마케팅 커뮤니케이션 사후원가정산 용역 | E50: 한국관광공사 | F50: 46136.75 | G50: 46147.75 | H50: 46148.625 | I50: 46148.667 | J50: 전자,협상 | K50: [전국] | L50: [원가계산] | M50: - | N50: 72349091 | O50: 공고문참조 | P50: 공고문참조 | Q50: 제안서 | T50: X | U50: X
A51: 46134 | B51: 126 | C51: ① | D51: 신축 매입임대 건물 공사원가 물량산정 및 내역검증 용역(D-4권역_경기북부본부) | E51: 한국토지주택공사 본사 | F51: 46139.375 | G51: 46142.708 | H51: 46142.708 | I51: 46142.729 | J51: 전자 | K51: [전국] | L51: [원가계산] | M51: 75732163 | N51: 68847421 | O51: -2% ~ 2% | P51: 0.72995 | Q51: 가격 | T51: O | U51: O | V51: 68300000 | W51: 46141 | X51: 완료
A52: 46134 | B52: 125 | C52: ① | D52: 신축 매입임대 건물 공사원가 물량산정 및 내역검증 용역(D-3권역_경기북부본부) | E52: 한국토지주택공사 본사 | F52: 46139.375 | G52: 46142.708 | H52: 46142.708 | I52: 46142.729 | J52: 전자 | K52: [전국] | L52: [원가계산] | M52: 75732163 | N52: 68847421 | O52: -2% ~ 2% | P52: 0.72995 | Q52: 가격 | T52: O | U52: O | V52: 55800000 | W52: 46141 | X52: 완료
A53: 46134 | B53: 124 | C53: ① | D53: 신축 매입임대 건물 공사원가 물량산정 및 내역검증 용역(C-5권역_경기남부본부) | E53: 한국토지주택공사 본사 | F53: 46139.375 | G53: 46142.708 | H53: 46142.708 | I53: 46142.729 | J53: 전자 | K53: [전국] | L53: [원가계산] | M53: 75732163 | N53: 68847421 | O53: -2% ~ 2% | P53: 0.72995 | Q53: 가격 | T53: O | U53: O | V53: 55900000 | W53: 46141 | X53: 완료
A54: 46134 | B54: 123 | C54: ① | D54: 신축 매입임대 건물 공사원가 물량산정 및 내역검증 용역(C-4권역_경기남부본부) | E54: 한국토지주택공사 본사 | F54: 46139.375 | G54: 46142.708 | H54: 46142.708 | I54: 46142.729 | J54: 전자 | K54: [전국] | L54: [원가계산] | M54: 75732163 | N54: 68847421 | O54: -2% ~ 2% | P54: 0.72995 | Q54: 가격 | T54: O | U54: O | V54: 57400000 | W54: 46141 | X54: 완료
A55: 46134 | B55: 122 | C55: ① | D55: 신축 매입임대 건물 공사원가 물량산정 및 내역검증 용역(C-3권역_경기남부본부) | E55: 한국토지주택공사 본사 | F55: 46139.375 | G55: 46142.708 | H55: 46142.708 | I55: 46142.729 | J55: 전자 | K55: [전국] | L55: [원가계산] | M55: 75732163 | N55: 68847421 | O55: -2% ~ 2% | P55: 0.72995 | Q55: 가격 | T55: O | U55: O | V55: 54175000 | W55: 46141 | X55: 완료
A56: 46134 | B56: 121 | C56: ① | D56: 신축 매입임대 건물 공사원가 물량산정 및 내역검증 용역(B-3권역_인천본부) | E56: 한국토지주택공사 본사 | F56: 46139.375 | G56: 46142.667 | H56: 46142.667 | I56: 46142.688 | J56: 전자 | K56: [전국] | L56: [원가계산] | M56: 75732163 | N56: 68847421 | O56: -2% ~ 2% | P56: 0.72995 | Q56: 가격 | T56: O | U56: O | V56: 56100000 | W56: 46141 | X56: 완료
A57: 46134 | B57: 120 | C57: ① | D57: 신축 매입임대 건물 공사원가 물량산정 및 내역검증 용역(A-4권역_서울본부) | E57: 한국토지주택공사 본사 | F57: 46139.375 | G57: 46142.667 | H57: 46142.667 | I57: 46142.688 | J57: 전자 | K57: [전국] | L57: [원가계산] | M57: 75732163 | N57: 68847421 | O57: -2% ~ 2% | P57: 0.72995 | Q57: 가격 | T57: O | U57: O | V57: 55200000 | W57: 46141 | X57: 완료
A58: 46134 | B58: 119 | C58: ① | D58: 신축 매입임대 건물 공사원가 물량산정 및 내역검증 용역(A-3권역_서울본부) | E58: 한국토지주택공사 본사 | F58: 46139.375 | G58: 46142.667 | H58: 46142.667 | I58: 46142.688 | J58: 전자 | K58: [전국] | L58: [원가계산] | M58: 75732163 | N58: 68847421 | O58: -2% ~ 2% | P58: 0.72995 | Q58: 가격 | T58: O | U58: O | V58: 57800000 | W58: 46141 | X58: 완료
A59: 46134 | B59: 118 | C59: ① | D59: 2026년 김제시 시내버스 운영체계 개선방안 연구용역 | E59: 전라북도 김제시 | F59: 0000-00-00 00:00:00 | G59: 46148.667 | H59: 46148.667 | I59: 46148.667 | J59: 정정,일반,공동도급,현설필,협상 | K59: [전국] | L59: [연구/학술][원가계산] | M59: 100000000 | N59: 90909091 | O59: 공고문참조 | P59: 공고문참조 | Q59: 제안서 | T59: X | U59: X
A60: 46134 | B60: 117 | C60: ① | D60: 「2027~2028년 청주시 생활폐기물(음식물류 폐기물 포함) 수집·운반 대행구역 조정 및 원가산정 연구용역」 수의견적 제출안내 | E60: 충청북도 청주시 | F60: 46135.417 | G60: 46139.75 | H60: 46140.417 | I60: 46140.458 | J60: 전자,수의 | K60: [충북] | L60: [연구/학술][원가계산][세무/회계/법무] | M60: 75000000 | N60: 68181818 | O60: -3% ~ 3% | P60: 0.88 | Q60: 가격 | T60: X | U60: X | AF60: 지역제한
A61: 46132 | B61: 116 | C61: ① | D61: 국가소유 여수 슬러지자원화시설 원가산정 용역 | E61: 한국환경공단 | F61: 46133.417 | G61: 46135.75 | H61: 46136.417 | I61: 46136.458 | J61: 전자,수의,공동도급 | K61: [전국] | L61: [원가계산] | M61: 25490197 | N61: 23636364 | O61: -2% ~ 2% | P61: 0.88 | Q61: 가격 | T61: O | U61: O | V61: 23221000 | W61: 46135 | X61: 완료 | AE61: 미수주 (19위)
A62: 46132 | B62: 115 | C62: ① | D62: 지역난방 열원시설 보수표준품셈 산출기준 조사 용역 | E62: 한국지역난방공사 | F62: 46132.417 | G62: 46169.75 | H62: 46170.417 | I62: 46178.417 | J62: 전자,협상 | K62: [전국] | L62: [원가계산] | M62: 544324000 | N62: 494840000 | O62: -2% ~ 2% | P62: 공고문참조 | Q62: 제안서 | T62: X | U62: X
A63: 46129 | B63: 114 | C63: ① | D63: 지역난방 열원시설 보수표준품셈 산출기준 조사 용역 | E63: 한국지역난방공사 | F63: 46129.417 | G63: 46168.75 | H63: 46169.417 | I63: 46178.417 | J63: 전자,협상 | K63: [전국] | L63: [원가계산] | M63: 544324000 | N63: 494840000 | O63: -2% ~ 2% | P63: 공고문참조 | Q63: 제안서 | T63: X | U63: X | AF63: 취소
A64: 46128 | B64: 113 | C64: ① | D64: 지역난방 열원시설 보수표준품셈 산출기준 조사 용역 | E64: 한국지역난방공사 | F64: 46129.417 | G64: 46168.75 | H64: 46169.417 | I64: 46178.417 | J64: 전자,협상 | K64: [전국] | L64: [원가계산] | M64: 544324000 | N64: 494840000 | O64: -2% ~ 2% | P64: 공고문참조 | Q64: 제안서 | T64: X | U64: X | AF64: 취소
A65: 46128 | B65: 112 | C65: ① | D65: 2026년 시내버스 보조금 외부회계감사, 표준운송원가 및 경영서비스 평가 용역 | E65: 전북특별자치도 전주시 | F65: 46129.417 | G65: 46132.75 | H65: 46133.417 | I65: 46133.458 | J65: 전자,수의 | K65: [전북] | L65: [연구/학술][원가계산] | M65: 80000000 | N65: 72727273 | O65: -3% ~ 3% | P65: 0.88 | Q65: 가격 | T65: X | U65: X | AF65: 지역제한
A66: 46128 | B66: 111 | C66: ② | D66: (협상에 의한 계약) 2026년 강남구 도시관리공단 조직진단 용역 | E66: 서울특별시 강남구 | F66: 0000-00-00 00:00:00 | G66: 46139.75 | H66: 46139.75 | I66: 46139.75 | J66: 일반,협상 | K66: [서울] | L66: [연구/학술] | M66: - | N66: 50000000 | O66: 공고문참조 | P66: 공고문참조 | Q66: 제안서 | T66: X | U66: X
A67: 46127 | B67: 110 | C67: ① | D67: 「2027~2028년 청주시 생활폐기물(음식물류 폐기물 포함) 수집·운반 대행구역 조정 및 원가산정 연구용역」 수의견적 제출안내 | E67: 충청북도 청주시 | F67: 46128.417 | G67: 46132.75 | H67: 46133.417 | I67: 46133.458 | J67: 전자,수의 | K67: [충북 청주시] | L67: [연구/학술][원가계산][세무/회계/법무] | M67: 75000000 | N67: 68181818 | O67: -3% ~ 3% | P67: 0.88 | Q67: 가격 | T67: X | U67: X | AF67: 지역제한
A68: 46127 | B68: 109 | C68: ① | D68: 2026년 김제시 시내버스 운영체계 개선방안 연구용역 | E68: 전북특별자치도 김제시 | F68: 0000-00-00 00:00:00 | G68: 46148.667 | H68: 46148.667 | I68: 46148.667 | J68: 정정,일반,공동도급,협상 | K68: [전국] | L68: [연구/학술][원가계산] | M68: 100000000 | N68: 90909091 | O68: 공고문참조 | P68: 공고문참조 | Q68: 제안서 | T68: X | U68: X
A69: 46127 | B69: 108 | C69: ① | D69: 26년 외주정비 사후원가정산 용역 | E69: 국방부 국방조달 육군종합정비창 | F69: 0000-00-00 00:00:00 | G69: 46133.479 | H69: 46133.479 | I69: 46133.542 | J69: 전자,수의 | K69: [경남] | L69: [원가계산] | M69: 13120000 | N69: 11927273 | O69: -2% ~ 2% | P69: 0.88 | Q69: 가격 | T69: X | U69: O | AF69: 지역제한
A70: 46126 | B70: 107 | C70: ① | D70: 피복류 14종/식품류 10종 원가계산 용역 | E70: 조달청 | F70: 46128.417 | G70: 46127.75 | H70: 46128.5 | I70: 46128.542 | J70: 수의,일반,시담 | K70: [전국] | L70: [원가계산] | M70: - | N70: 18000000 | O70: 공고문참조 | P70: 공고문참조 | Q70: 가격 | T70: O | U70: O | AF70: 수의시담
A71: 46126 | B71: 106 | C71: ① | D71: 2025년 결산기준 우편서비스 원가산정 용역 | E71: 과학기술정보통신부 우정사업본부 우정사업조달센터 | F71: 46136.417 | G71: 46139.75 | H71: 46140.417 | I71: 46140.458 | J71: 전자,협상 | K71: [전국] | L71: [원가계산] | M71: - | N71: 72727273 | O71: 공고문참조 | P71: 공고문참조 | Q71: 제안서 | T71: X
A72: 46126 | B72: 105 | C72: ① | D72: 익산시 시내버스 회계감사 및 시내버스 손실액 산정용역 | E72: 전북특별자치도 익산시 | F72: 46127.458 | G72: 46128.75 | H72: 46129.583 | I72: 46129.625 | J72: 전자,수의,공동도급 | K72: [전북][전국] | L72: [원가계산][세무/회계/법무] | M72: 54923000 | N72: 49930000 | O72: -3% ~ 3% | P72: 0.88 | Q72: 가격 | T72: X
A73: 46125 | B73: 104 | C73: ② | D73: 개인서비스 가격 등 적정성 분석 연구용역 | E73: (사)한국소비자단체협의회 | F73: 46121.583 | G73: 46128.75 | H73: 46129.583 | I73: 46129.625 | J73: 전자,협상 | K73: [전국] | L73: [연구/학술][세무/회계/법무] | M73: 50000000 | N73: 45454545 | O73: 공고문참조 | P73: 공고문참조 | Q73: 제안서 | T73: X
A74: 46125 | B74: 103 | C74: ② | D74: 공공요금 등 적정성 분석 연구용역 | E74: (사)한국소비자단체협의회 | F74: 46121.583 | G74: 46128.75 | H74: 46129.583 | I74: 46129.625 | J74: 전자,협상 | K74: [전국] | L74: [연구/학술][세무/회계/법무] | M74: 50000000 | N74: 45454545 | O74: 공고문참조 | P74: 공고문참조 | Q74: 제안서 | T74: X
A75: 46125 | B75: 102 | C75: ② | D75: 우체국예금 자산군별 BM(Benchmark) 적정성 검토 | E75: 과학기술정보통신부 우정사업본부 우정사업조달센터 | F75: 46132.417 | G75: 46134.75 | H75: 46135.417 | I75: 46135.458 | J75: 전자,협상 | K75: [전국] | L75: [연구/학술] | M75: - | N75: 45454545 | O75: 공고문참조 | P75: 공고문참조 | Q75: 제안서 | T75: X
A76: 46125 | B76: 101 | C76: ① | D76: 26년 3차 방위사업 원가계산 외부용역 | E76: 국방부 국방조달 방위사업청(운영지원과) | F76: 0000-00-00 00:00:00 | G76: 46135.583 | H76: 46136.583 | I76: 46136.625 | J76: 긴급,전자,공동도급 | K76: [전국] | L76: [원가계산] | M76: - | N76: 718181818 | O76: 공고문참조 | P76: 공고문참조 | Q76: 제안서 | T76: X | U76: X
A77: 46125 | B77: 100 | C77: ① | D77: 2026년 김제시 시내버스 운영체계 개선방안 연구용역 | E77: 전북특별자치도 김제시 | F77: 0000-00-00 00:00:00 | G77: 46148.667 | H77: 46148.667 | I77: 46148.667 | J77: 일반,공동도급,현설필,협상 | K77: [전국] | L77: [연구/학술][원가계산] | M77: 100000000 | N77: 90909091 | O77: 공고문참조 | P77: 공고문참조 | Q77: 제안서 | T77: X | U77: X
A78: 46122 | B78: 97 | C78: ① | D78: 새만금 첨단 교통서비스 도입·운영방안 검토 연구용역 | E78: 조달청 전북지방조달청 | F78: 46129.417 | G78: 46132.75 | H78: 46133.417 | I78: 46133.458 | J78: 전자,공동도급,협상 | K78: [전국] | L78: [연구/학술][원가계산] | M78: - | N78: 136363636 | O78: 공고문참조 | P78: 공고문참조 | Q78: 제안서 | T78: X | U78: X
A79: 46122 | B79: 96 | C79: ① | D79: 2026년 농어촌버스 표준운송원가 산정 연구용역 | E79: 전라남도 고흥군 | F79: 46120.417 | G79: 46121.75 | H79: 46125.417 | I79: 46125.458 | J79: 전자,수의,재입찰 | K79: [전남] | L79: [연구/학술][원가계산] | M79: 45000000 | N79: 40909091 | O79: -3% ~ 3% | P79: 0.88 | Q79: 가격 | T79: X | U79: X | AF79: 지역제한
A80: 46122 | B80: 95 | C80: ① | D80: 2025년도 정보통신공사업 경영분석 용역 | E80: 한국정보통신공사협회 | F80: 46121.75 | G80: 46128.583 | H80: 46128.583 | I80: 46128.625 | J80: 전자 | K80: [전국] | L80: [원가계산] | M80: - | N80: 22727273 | O80: 공고문참조 | P80: 공고문참조 | Q80: 가격 | T80: X | U80: X | AF80: 지문투찰
A81: 46119 | B81: 92 | C81: ① | D81: 2026년 경기도형 납품대금 연동제 컨설팅 및 설명회 용역 | E81: (재)경기도경제과학진흥원 | F81: 46128.458 | G81: 46131.75 | H81: 46132.458 | I81: 46140.375 | J81: 전자,협상 | K81: [전국] | L81: [원가계산] | M81: 50000000 | N81: 45454545 | O81: 공고문참조 | P81: 공고문참조 | Q81: 제안서 | T81: O | U81: △
A82: 46119 | B82: 91 | C82: ① | D82: 2026년 시내버스 외부회계감사 및 벽지·비수익노선 손실액 산정 용역 | E82: 전북특별자치도 군산시 | F82: 46119.375 | G82: 46121.75 | H82: 46122.5 | I82: 46122.542 | J82: 전자,수의,공동도급 | K82: [전북][전국] | L82: [원가계산][세무/회계/법무] | M82: 68110000 | N82: 61918182 | O82: -3% ~ 3% | P82: 0.88 | Q82: 가격 | T82: X | U82: X
A83: 46119 | B83: 90 | C83: ① | D83: 2026년 농어촌버스 표준운송원가 산정 연구용역 | E83: 전라남도 고흥군 | F83: 46120.417 | G83: 46121.75 | H83: 46122.417 | I83: 46122.458 | J83: 전자,수의 | K83: [전남] | L83: [연구/학술][원가계산] | M83: 45000000 | N83: 40909091 | O83: -3% ~ 3% | P83: 0.88 | Q83: 가격 | T83: X | U83: X | AF83: 지역제한
A84: 46118 | B84: 89 | C84: ② | D84: 국립원예특작과학원 조직진단 및 기관 발전전략 수립 연구용역 | E84: 농촌진흥청 국립원예특작과학원 | F84: 46123.417 | G84: 46127.75 | H84: 46128.417 | I84: 46128.458 | J84: 전자,공동도급,협상 | K84: [전국] | L84: [연구/학술] | M84: - | N84: 45454545 | O84: 공고문참조 | P84: 공고문참조 | Q84: 제안서 | T84: X | U84: X
A85: 46115 | B85: 88 | C85: ① | D85: 26년 2차 방위사업 원가계산 외부용역 | E85: 국방부 국방조달 방위사업청(운영지원과) | F85: 0000-00-00 00:00:00 | G85: 46125.583 | H85: 46126.583 | I85: 46126.625 | J85: 긴급,전자 | K85: [전국] | L85: [원가계산] | M85: - | N85: 881818182 | O85: 공고문참조 | P85: 공고문참조 | Q85: 제안서 | T85: X | U85: X
A86: 46115 | B86: 87 | C86: ① | D86: (재공고)2026년 도시가스 공급비용 산정용역 | E86: 대구광역시 | F86: 46118.417 | G86: 46120.75 | H86: 46121.417 | I86: 46121.458 | J86: 전자,재공고,수의 | K86: [전국] | L86: [원가계산][세무/회계/법무] | M86: 30400000 | N86: 27636364 | O86: -3% ~ 3% | P86: 0.88 | Q86: 가격 | T86: X | U86: X | AF86: 유사실적 제출필요
A87: 46114 | B87: 86 | C87: ① | D87: 2026년 정보화사업 원가계산 대행 용역 | E87: 한국교통안전공단 | F87: 46120.375 | G87: 46121.75 | H87: 46122.5 | I87: 46122.542 | J87: 전자 | K87: [전국] | L87: [원가계산] | M87: - | N87: 49121818 | O87: -2% ~ 2% | P87: 0.84245 | Q87: 가격 | T87: O | U87: O | V87: 41992000 | W87: 46121 | X87: 완료 | AE87: 미수주 (낙찰하한가 미달)
A88: 46114 | B88: 85 | C88: ① | D88: 방음하우스 및 슬립폼공법 품셈수립 용역 | E88: 한국전력공사 경인건설본부 | F88: 46114.417 | G88: 46121.75 | H88: 46122.417 | I88: 46122.458 | J88: 전자 | K88: [서울] | L88: [원가계산] | M88: 109890000 | N88: 99900000 | O88: -2% ~ 2% | P88: 0.87745 | Q88: 가격 | T88: X | U88: O | V88: 96971000 | W88: 46121 | X88: 완료 | AE88: 미수주 (3위)
A89: 46114 | B89: 84 | C89: ① | D89: 원전 기전공사 원가조사·표준품셈 제정 용역 | E89: 한국수력원자력(주) 조달처 계약실 신규건설계약부 | F89: 46113.708 | G89: 46132.458 | H89: 46132.458 | I89: 46132.458 | J89: 전자,공동도급 | K89: [전국] | L89: [원가계산] | M89: - | N89: 1363769734 | O89: 공고문참조 | P89: 공고문참조 | Q89: 제안서 | T89: X | U89: X
A90: 46113 | B90: 83 | C90: ① | D90: 26년 2차 방위사업 원가계산 외부용역 | E90: 국방부 국방조달 방위사업청(운영지원과) | F90: 0000-00-00 00:00:00 | G90: 46125.583 | H90: 46126.583 | I90: 46126.625 | J90: 긴급,전자 | K90: [전국] | L90: [원가계산] | M90: - | N90: 881818182 | O90: 공고문참조 | P90: 공고문참조 | Q90: 제안서 | T90: X | U90: X | AF90: 취소
A91: 46112 | B91: 82 | C91: ② | D91: [긴급]서울특별시교육청 조직분석·진단 연구 용역 | E91: 서울특별시교육청 | F91: 46119.375 | G91: 46121.75 | H91: 46122.458 | I91: 46122.5 | J91: 전자,협상 | K91: [전국] | L91: [연구/학술] | M91: 104688000 | N91: 95170909 | O91: 공고문참조 | P91: 공고문참조 | Q91: 제안서 | T91: X | U91: △
A92: 46112 | B92: 81 | C92: ① | D92: 2026년 도시가스 공급비용 산정 연구용역 | E92: 전북특별자치도 | F92: 46113.417 | G92: 46119.75 | H92: 46120.417 | I92: 46120.458 | J92: 전자,수의 | K92: [전국] | L92: [원가계산][세무/회계/법무] | M92: 27000000 | N92: 24545455 | O92: -3% ~ 3% | P92: 0.88 | Q92: 가격 | T92: X | U92: X
A93: 46112 | B93: 80 | C93: ① | D93: 2026년도 한전원자력연료 원가계산 용역 | E93: 한전원자력연료(주) | F93: 46111.722 | G93: 46118.438 | H93: 46119.438 | I93: 46119.479 | J93: 전자 | K93: [전국] | L93: [원가계산] | M93: 192500000 | N93: 175000000 | O93: -2% ~ 2% | P93: 0.84245 | Q93: 가격 | T93: X | U93: O | V93: 163988000 | W93: 46118 | X93: 완료 | AE93: 미수주 (28위)
A94: 46111 | B94: 79 | C94: ① | D94: 새만금 첨단 교통서비스 도입·운영방안 검토 연구용역 | E94: 조달청 전북지방조달청 | F94: 46120.417 | G94: 46121.75 | H94: 46122.417 | I94: 46122.458 | J94: 전자,공동도급,협상 | K94: [전국] | L94: [연구/학술][원가계산] | M94: - | N94: 136363636 | O94: 공고문참조 | P94: 공고문참조 | Q94: 제안서 | T94: X | U94: X
A95: 46107 | B95: 78 | C95: ② | D95: 광주광역시 북구시설관리공단 조직경영 진단 연구용역 | E95: 광주광역시 북구 | F95: 46106.417 | G95: 46111.75 | H95: 46112.417 | I95: 46112.458 | J95: 전자,수의 | K95: [광주][전남] | L95: [연구/학술] | M95: 29500000 | N95: 26818182 | O95: -3% ~ 3% | P95: 0.88 | Q95: 가격 | T95: X | U95: X | AF95: 지역제한
A96: 46107 | B96: 77 | C96: ② | D96: 경기문화재단 조직체계 효율화 및 중장기 운영체계 개선 연구용역 | E96: 재단법인경기문화재단 | F96: 0000-00-00 00:00:00 | G96: 46118.625 | H96: 46118.625 | I96: 46118.667 | J96: 일반,협상 | K96: [전국] | L96: [연구/학술][세무/회계/법무] | M96: 65000000 | N96: 59090909 | O96: 공고문참조 | P96: 공고문참조 | Q96: 제안서 | T96: X | U96: △
A97: 46107 | B97: 76 | C97: ① | D97: 2025년 결산기준 우편서비스 원가산정 용역 | E97: 과학기술정보통신부 우정사업본부 우정사업조달센터 | F97: 46119.417 | G97: 46121.75 | H97: 46122.417 | I97: 46122.458 | J97: 전자,협상 | K97: [전국] | L97: [연구/학술][원가계산][기타] | M97: - | N97: 72727273 | O97: 공고문참조 | P97: 공고문참조 | Q97: 제안서 | T97: X | U97: △
A98: 46107 | B98: 75 | C98: ① | D98: 2026년 도시가스 공급비용 산정용역 | E98: 대구광역시 | F98: 46108.417 | G98: 46113.75 | H98: 46114.417 | I98: 46114.458 | J98: 전자,수의 | K98: [전국] | L98: [원가계산][세무/회계/법무] | M98: 30400000 | N98: 27636364 | O98: -3% ~ 3% | P98: 0.88 | Q98: 가격 | T98: X | U98: X
A99: 46106 | B99: 74 | C99: ① | D99: 경산시 생활폐기물 수집운반 체계 개선 및 청소행정 장기계획 수립 용역 | E99: 경상북도 경산시 | F99: 46107.417 | G99: 46111.75 | H99: 46112.417 | I99: 46112.458 | J99: 전자,수의 | K99: [전국] | L99: [연구/학술][원가계산] | M99: 100000000 | N99: 90909091 | O99: -3% ~ 3% | P99: 0.88 | Q99: 가격 | T99: X | U99: X
A100: 46105 | B100: 73 | C100: ② | D100: 서울투자운용 경영전략 수립 및 조직진단 용역 | E100: 서울주택도시개발공사 | F100: 0000-00-00 00:00:00 | G100: 46118.667 | H100: 46118.667 | I100: 46121.708 | J100: 일반,협상 | K100: [전국] | L100: [연구/학술][기타] | M100: 114407000 | N100: 104006364 | O100: 공고문참조 | P100: 공고문참조 | Q100: 제안서 | T100: X | U100: △
...

Sheet 입찰정보(건설본부)
B1: 건설사업본부 입찰정보
A5: 기준일자 : | D5: =TODAY() -> 46190
A6: * 투찰의견 : O (참여), △ (재검토), X (미참여) _ 해당 도형 기재 후 하단 "( )"안에 간략히 사유 기재 | X6: 출력일: | Y6: =TODAY() -> 46190 | AB6: =TODAY() -> 46190
A7: 날짜 | B7: 번호 | C7: 사이트 | D7: 공고명 | E7: 공고기관 | F7: 수요기관 | G7: 공고번호 | H7: 입찰 개시일 | I7: 참가신청 | J7: 투찰 마감일시 | K7: 개찰 일시 | L7: 구 분 | M7: 지역 제한 | N7: 업종 제한 | O7: 기초금액 | P7: 추정가격 | Q7: 예가 변동폭 | R7: 투찰 하한율 | S7: 제안서 / 가격 | T7: 투찰의견 | V7: 투찰금액 | W7: 투찰 일자 | X7: 투찰 여부 | Y7: 총괄본부 | AB7: 담당자 | AE7: 개찰 결과 | AF7: 개찰 순위 | AG7: 비고
I8: 마감일 | T8: 검토 (부원장) | U8: 원장 | Y8: 진행 | Z8: 검토 | AA8: 투찰 | AB8: 확인 | AC8: 검토 | AD8: 승인
A9: 46188 | B9: - | C9: KBID | D9: 케이비드(KBiD) | E9: 관련 공고 없음.
B10: - | C10: 나라장터 | D10: 나라장터 | E10: 관련 공고 없음.
B11: - | C11: 누리장터 | D11: 누리장터 | E11: 관련 공고 없음.
B12: - | C12: 정보몽땅 | D12: 정보몽땅 : 조합입찰공고 | E12: 관련 공고 없음.
A13: 46185 | B13: - | C13: KBID | D13: 케이비드(KBiD) | E13: 관련 공고 없음. | T13: X | U13: X
B14: - | C14: 나라장터 | D14: 나라장터 | E14: 관련 공고 없음. | T14: X | U14: X
B15: - | C15: 누리장터 | D15: 누리장터 | E15: 관련 공고 없음. | T15: X | U15: X
B16: - | C16: 정보몽땅 | D16: 정보몽땅 : 조합입찰공고 | E16: 관련 공고 없음. | T16: X | U16: X
A17: 46184 | B17: 167 | C17: KBID | D17: 공사비 검증 신청 용역 협력업체 선정 입찰 공고 | E17: 서금사재정비촉진A구역 주택재개발정비사업조합 | F17: 서금사재정비촉진A구역 주택재개발정비사업조합 | G17: 조달청 민간 R26BK01574456-000 호 | H17: 2026-06-11 14:00:00 | I17: 26-06-24 18:00 | J17: 26-06-25 15:00 | K17: 26-06-26 18:00 | L17: 전자 | M17: [전국] | N17: [정비산업][기타] | O17: 0 | P17: 0 | Q17: 공고문참조 | R17: 공고문참조 | S17: 가격 | T17: O | U17: O | X17: 입찰 준비 | AB17: 이길훈 선임 | AC17: 이병준 부원장 | AD17: 김민선 원장
B18: " | C18: 나라장터 | D18: 상동 | E18: " | F18: 청솔아파트 주택재건축정비사업조합 | G18: 조달청 민간 R26BK01554849-000 호 | H18: " | I18: " | J18: " | K18: " | L18: " | M18: " | N18: " | O18: " | P18: " | Q18: " | R18: " | S18: "
B19: " | C19: 누리장터 | D19: 상동 | E19: " | F19: 청솔아파트 주택재건축정비사업조합 | G19: 조달청 민간 R26BK01554849-000 호 | H19: " | I19: " | J19: " | K19: " | L19: " | M19: " | N19: " | O19: " | P19: " | Q19: " | R19: " | S19: "
B20: - | C20: 정보몽땅 | D20: 정보몽땅 : 조합입찰공고 | E20: 관련 공고 없음.
A21: 46183 | B21: - | C21: KBID | D21: 케이비드(KBiD) | E21: 관련 공고 없음. | T21: X | U21: X
B22: - | C22: 나라장터 | D22: 나라장터 | E22: 관련 공고 없음. | T22: X | U22: X
B23: - | C23: 누리장터 | D23: 누리장터 | E23: 관련 공고 없음. | T23: X | U23: X
B24: - | C24: 정보몽땅 | D24: 정보몽땅 : 조합입찰공고 | E24: 관련 공고 없음. | T24: X | U24: X
A25: 2026년 입찰 진행 목록 | B25: 167 | C25: KBID | D25: 공사비 검증 신청 용역 협력업체 선정 입찰 공고 | E25: 서금사재정비촉진A구역 주택재개발정비사업조합 | F25: 서금사재정비촉진A구역 주택재개발정비사업조합 | G25: 조달청 민간 R26BK01574456-000 호 | H25: 2026-06-11 14:00:00 | I25: 26-06-24 18:00 | J25: 26-06-25 15:00 | K25: 26-06-26 18:00 | L25: 전자 | M25: [전국] | N25: [정비산업][기타] | O25: 0 | P25: 0 | Q25: 공고문참조 | R25: 공고문참조 | S25: 가격 | T25: O | U25: O | X25: 입찰 준비 | AB25: 이길훈 선임 | AC25: 이병준 부원장 | AD25: 김민선 원장
B26: 119 | C26: KBID | D26: 신축 매입임대 건물 공사원가 물량산정 및 내역검증 용역(8개권역) | E26: 한국토지주택공사 본사 | G26: 한국토지주택공사 용역 2601318-00 호 | H26: 2026-04-27 09:00 | I26: 26-04-30 16:00 | J26: 26-04-30 16:00 | K26: 26-04-30 16:30 | L26: 전자 | M26: [전국] | N26: [원가계산] | O26: 75732163 | P26: 68847421 | Q26: -2% ~ 2% | R26: 72.995% | S26: 가격 | T26: O | U26: O | V26: 55900000 | W26: 4/29 | X26: 낙찰 | AB26: 이길훈 선임 | AC26: 이병준 부원장 | AD26: 김민선 원장 | AE26: 경기남부 C-5
B27: 094 | C27: KBID | D27: 미아3구역 가로주택정비사업 공사비 검증 용역업체 선정 입찰공고 | E27: 미아3구역 가로주택정비사업조합 | F27: 미아3구역 가로주택정비사업조합 | G27: 조달청 민간 R26BK01457306-000 호 | H27: 2026-04-10 16:00 | I27: 26-04-16 18:00 | J27: 26-04-17 15:00 | K27: 26-04-17 16:00 | L27: 전자 | M27: [전국] | N27: [정비산업][기타] | O27: 0 | P27: 0 | Q27: 공고문참조 | R27: 공고문참조 | S27: 가격 | T27: O | U27: O | V27: 110000000 | W27: 4/17 | X27: 입찰 완료 | AB27: 이길훈 선임 | AC27: 이병준 부원장 | AD27: 김민선 원장
B28: 093 | C28: KBID | D28: 목동13단지아파트 재건축정비사업 공사비 적산 용역업체 선정 | E28: 대신자산신탁 주식회사 | G28: 조달청 민간 R26BK01451265-000 호 | H28: 2026-04-08 17:00 | I28: 26-04-15 14:00 | J28: 26-04-15 14:00 | K28: 26-04-15 15:00 | L28: 전자 | M28: [전국] | N28: [정비산업][기타] | O28: 0 | P28: 0 | Q28: 공고문참조 | R28: 공고문참조 | S28: 가격 | T28: O | U28: O | X28: 미투찰 | AG28: 개찰결과 첨부
B29: 053 | C29: KBID | D29: 마천4구역-공사비 적산·적정성 검토 및 공사비검증 대행용역선정 | E29: 마천4재정비촉진구역주택재개발정비사업조합 | G29: 조달청 민간 R26BK01375362-000 호 | H29: 26-03-06 15:12 | I29: 26-03-16 15:00 | J29: 26-03-16 15:00 | K29: 26-03-16 16:00 | L29: 전자 | M29: [전국] | N29: [정비산업][기타] | O29: 0 | P29: 0 | Q29: 공고문참조 | R29: 공고문참조 | S29: 가격 | T29: O | U29: O | V29: 250000000 | W29: 3/16 | X29: 완료 | AB29: 이길훈 선임 | AC29: 이병준 부원장 | AD29: 김민선 원장 | AE29: 미수주 | AF29: 입찰가격 5순위 | AG29: 개찰결과 첨부
B30: 030 | C30: KBID | D30: 공사비검증 관련 용역업체 선정 | E30: 가오동1구역 재건축정비사업조합 | F30: 가오동1구역 재건축정비사업조합 | G30: 조달청 민간 R26BK01312488-000 호 | H30: 2026-02-03 14:00:00 | I30: 26-02-09 18:00 | J30: 26-02-10 15:00 | K30: 26-02-10 16:00 | L30: 전자 | M30: [전국] | N30: [정비산업][기타] | O30: 0 | P30: 0 | Q30: 공고문참조 | R30: 공고문참조 | S30: 가격 | T30: O | U30: O | V30: 130000000 | W30: 2/10 | X30: 완료 | AB30: 이길훈 선임 | AC30: 이병준 부원장 | AD30: 김민선 원장 | AE30: 미수주 | AG30: 입찰완료
A31: 2025년 입찰 진행 목록 | B31: 354 | C31: KBID | D31: [재입찰-공사비 적산 및 도급계약 검토(~12/30)] 목동우성아파트 협력업체 선정 입찰 공고 | E31: 목동우성아파트 리모델링주택조합 | G31: 양천구 목동우성아파트 리모델링주택사업 공고 제2025 - | H31: 0000-00-00 00:00:00 | I31: 25-12-30 15:00 | J31: 25-12-30 15:00 | K31: 25-12-30 15:00 | L31: 재공고,일반 | M31: [전국] | N31: [정비산업][기타] | O31: 0 | P31: 0 | Q31: 공고문참조 | R31: 공고문참조 | S31: 가격 | T31: O | U31: O | V31: 220000000 | W31: 12/30 | X31: 완료 | AB31: 이길훈 선임 | AC31: 이병준 부원장 | AD31: 김민선 원장 | AE31: 미수주 | AF31: 2위 (유선확인)
B32: 353 | C32: KBID | D32: 기반시설 설치비용 산정 용역업체 선정 입찰공고 | E32: 광명13의1과2구역LH참여가로주택정비사업조합 | F32: 광명13의1과2구역LH참여가로주택정비사업조합 | G32: 조달청 민간 R25BK01246473-000 호 | H32: 2025-12-23 16:00:00 | I32: 26-01-05 18:00 | J32: 26-01-06 14:00 | K32: 26-01-06 15:00 | L32: 전자 | M32: [전국] | N32: [정비산업][기타] | O32: 0 | P32: 0 | Q32: 공고문참조 | R32: 공고문참조 | S32: 가격 | T32: O | U32: O | V32: 90000000 | W32: 12/5 | X32: 완료 | AB32: 이길훈 선임 | AC32: 이병준 부원장 | AD32: 김민선 원장 | AE32: 미수주 | AF32: 상한선 초과 | AG32: 개찰결과 첨부
B33: 293 | C33: KBID | D33: 장위10구역 공사비 검증 용역업체 선정 입찰공고 | E33: 장위10구역주택재개발정비사업조합 | G33: 조달청 민간 R25BK01075683-000 호 | H33: 25-10-13 14:00 | I33: 25-10-13 14:00 | J33: 25-10-16 14:00 | K33: 25-10-21 | L33: 전자 | M33: [전국] | N33: [정비산업][원가계산][기타] | O33: 0 | P33: 0 | Q33: 공고문참조 | R33: 공고문참조 | S33: 가격 | T33: O | U33: O | V33: 268000000 | W33: 10/13 | X33: 완료 | AB33: 이길훈 선임 | AC33: 이병준 부원장 | AD33: 김민선 원장 | AE33: 미수주 | AF33: 입찰금액 최저가 | AG33: 개찰결과 첨부

Sheet 일정(LH)
A1: 회의자료 | I1: 계약면적 | K1: 계약기간 | M1: 내역서 | O1: 보고서 | R1: 누계공정률 | W1: 도급금액(A) (V.A.T 별도) | AA1: 계약서 관리 | AF1: 외주금액 (B) (V.A.T 별도) | AP1: 현재공정 | AS1: 2026년 1월 | BZ1: 2026년 2월 | DC1: 2026년 3월 | FN1: 2026년 5월 | GT1: 2026년 6월 | HY1: Ⅰ-1 | HZ1: Ⅰ-2 | IA1: Ⅱ-1 | IB1: Ⅱ-2 | IC1: Ⅲ | ID1: Ⅳ | IE1: Ⅴ
A2: No. | B2: 진행상황 | D2: 업무코드 (세부코드) | E2: 업무분류 | F2: 발주처 | G2: 과업명 | H2: 업무구분 | I2: ㎡ | J2: 평 | K2: 시작일 | L2: 종료일 | M2: 착수일 (재착수일) | N2: 종료일 | O2: 착수일 (재착수일) | P2: 종료일 | Q2: 품질관리실 확인 | R2: 전주계획 | S2: 전주실적 | T2: 금주계획 | V2: 항목 | W2: 내용 | X2: 금액 | Y2: 세금계산서 확인 | Z2: 입금확인 | AA2: 작업구분 품의서 | AB2: 업체선정 품의서 | AC2: 발주 및 계약서 | AD2: 결제 여부 | AE2: 비고 | AF2: 내용 | AG2: 금액 | AH2: 집행 여부 | AI2: 외주집행금액 (V.A.T 별도) | AJ2: 잔금 (V.A.T 별도) | AL2: 참여자 | AM2: 구분 | AN2: 주업무 | AO2: 특이사항 | AP2: 시작일 | AQ2: 종료일 | AS2: 46023 | AT2: 46024 | AU2: 46025 | AV2: 46026 | AW2: 46027 | AX2: 46028 | AY2: 46029 | AZ2: 46030 | BA2: 46031 | BB2: 46032 | BC2: 46033 | BD2: 46034 | BE2: 46035 | BF2: 46036 | BG2: 46037 | BH2: 46038 | BI2: 46039 | BJ2: 46040 | BK2: 46041 | BL2: 46042 | BM2: 46043 | BN2: 46044 | BO2: 46045 | BP2: 46046 | BQ2: 46047 | BR2: 46048 | BS2: 46049 | BT2: 46050 | BU2: 46051 | BV2: 46052 | BW2: 46053 | BZ2: 46054 | CA2: 46055 | CB2: 46056 | CC2: 46057 | CD2: 46058 | CE2: 46059 | CF2: 46060 | CG2: 46061 | CH2: 46062 | CI2: 46063 | CJ2: 46064 | CK2: 46065 | CL2: 46066 | CM2: 46067 | CN2: 46068 | CO2: 46069 | CP2: 46070 | CQ2: 46071 | CR2: 46072 | CS2: 46073 | CT2: 46074 | CU2: 46075 | CV2: 46076 | CW2: 46077 | CX2: 46078 | CY2: 46079 | CZ2: 46080 | DA2: 46081 | DC2: 46082 | DD2: 46083 | DE2: 46084 | DF2: 46085 | DG2: 46086 | DH2: 46087 | DI2: 46088 | DJ2: 46089 | DK2: 46090 | DL2: 46091 | DM2: 46092 | DN2: 46093 | DO2: 46094 | DP2: 46095 | DQ2: 46096 | DR2: 46097 | DS2: 46098 | DT2: 46099 | DU2: 46100 | DV2: 46101 | DW2: 46102 | DX2: 46103 | DY2: 46104 | DZ2: 46105 | EA2: 46106 | EB2: 46107 | EC2: 46108 | ED2: 46109 | EE2: 46110 | EF2: 46111 | EG2: 46112 | EI2: 46113 | EJ2: 46114 | EK2: 46115 | EL2: 46116 | EM2: 46117 | EN2: 46118 | EO2: 46119 | EP2: 46120 | EQ2: 46121 | ER2: 46122 | ES2: 46123 | ET2: 46124 | EU2: 46125 | EV2: 46126 | EW2: 46127 | EX2: 46128 | EY2: 46129 | EZ2: 46130 | FA2: 46131 | FB2: 46132 | FC2: 46133 | FD2: 46134 | FE2: 46135 | FF2: 46136 | FG2: 46137 | FH2: 46138 | FI2: 46139 | FJ2: 46140 | FK2: 46141 | FL2: 46142 | FN2: 46143 | FO2: 46144 | FP2: 46145 | FQ2: 46146 | FR2: 46147 | FS2: 46148 | FT2: 46149 | FU2: 46150 | FV2: 46151 | FW2: 46152 | FX2: 46153 | FY2: 46154 | FZ2: 46155 | GA2: 46156 | GB2: 46157 | GC2: 46158 | GD2: 46159 | GE2: 46160 | GF2: 46161 | GG2: 46162 | GH2: 46163 | GI2: 46164 | GJ2: 46165 | GK2: 46166 | GL2: 46167 | GM2: 46168 | GN2: 46169 | GO2: 46170 | GP2: 46171 | GQ2: 46172 | GR2: 46173 | GT2: 46174 | GU2: 46175 | GV2: 46176 | GW2: 46177 | GX2: 46178 | GY2: 46179 | GZ2: 46180 | HA2: 46181 | HB2: 46182 | HC2: 46183 | HD2: 46184 | HE2: 46185 | HF2: 46186 | HG2: 46187 | HH2: 46188 | HI2: 46189 | HJ2: 46190 | HK2: 46191 | HL2: 46192 | HM2: 46193 | HN2: 46194 | HO2: 46195 | HP2: 46196 | HQ2: 46197 | HR2: 46198 | HS2: 46199 | HT2: 46200 | HU2: 46201 | HV2: 46202 | HW2: 46203 | HY2: 1차체크 | HZ2: 물량산출 | IA2: 2차체크 | IB2: 내역비교 | IC2: 기준표 검토 | ID2: 설계변경 | IE2: 원가검증
A3: =A17+1 -> 18 | B3: Ⅱ-2 | C3: 검증보고서 작성 중 | D3: {=INDEX('코드분류표(보조)'!$G$5:$G$72,MATCH(E3,'코드분류표(보조)'!$F$5:$F$72,0))} -> CB-212 | E3: 공사원가-검증 | F3: LH한국토지주택공사 | G3: 안양시 안양동 517-14 오피스텔 신축공사 | H3: 공사원가검증 (198세대) | I3: 31671 | J3: =I3*0.3025 -> 9580.4775 | K3: 2026.3.16 | M3: 2026.3.16 | N3: 2026.5.13 | O3: 2026.06.04 | P3: 2026.06.17(예정) | R3: 0.6 | S3: 60%% | T3: 0.7 | V3: 도급금액 | W3: 1차기성(60%) | X3: =ROUND(X6*60%,0) -1 -> 74534068 | AF3: 합 계 | AG3: =SUM(AG5:AG16) -> 12870000 | AL3: 최재운 | AM3: 예정 | AN3: 총괄 | AP3: 6.8 | AQ3: 6.18
W4: 2차기성(20%) | X4: =ROUND(X6*20%,0) -> 24844690 | AL4: 최재운 | AM4: 진행
W5: 잔금(20%) | X5: =ROUND(X6*20%,0) -> 24844690 | AL5: 이길훈 | AM5: 예정 | AN5: 마감 및 내역작성, 보고서 작성 | AP5: 4.13 | AQ5: 6.17
W6: 도급금액합계 | X6: 124223448 | AL6: 이길훈 | AM6: 진행
W7: 외주차액(B-A) | X7: =X6-AG3 -> 111353448 | AL7: 김연화 | AM7: 예정 | AN7: 마감산출, LH TOOL 작성 | AO7: 수량 분석 | AP7: 4.09 | AQ7: 5.17
V8: 수령금액 | W8: 기성금액 | AL8: 김연화 | AM8: 진행
W9: 잔 액 | AL9: 박미야 | AM9: 예정 | AN9: 구조 및 마감 산출 | AO9: 6.22~6.24 물량분석 | AP9: 4.09 | AQ9: 4.30
AL10: 박미야 | AM10: 진행
AF11: 토목/조경 | AG11: 4000000 | AL11: 제이엔적산 | AM11: 예정 | AN11: 토목,조경산출 및 내역작성 | AP11: 3.23 | AQ11: 4.22
AL12: 제이엔적산 | AM12: 진행
AF13: 기계/기계소방 | AG13: 6000000 | AL13: 한양설비 | AM13: 예정 | AN13: 기계,소방 산출 및 내역작성 | AP13: 3.23 | AQ13: 4.22
AL14: 한양설비 | AM14: 진행
AF15: 전기/통신/소방 | AG15: 2870000 | AL15: 태경엔지니어링 | AM15: 예정 | AN15: 전기통신소방 산출 및 내역작성 | AP15: 3.23 | AQ15: 4.22
AL16: 태경엔지니어링 | AM16: 진행
A17: =A35+1 -> 17 | B17: Ⅱ-2 | C17: 검증보고서 작성 중 | D17: {=INDEX('코드분류표(보조)'!$G$5:$G$72,MATCH(E17,'코드분류표(보조)'!$F$5:$F$72,0))} -> CB-212 | E17: 공사원가-검증 | F17: LH한국토지주택공사 | G17: 용인시 역북동 436-6 오피스텔 신축공사 | H17: 공사원가검증 (53세대) | I17: 8395.74 | J17: =I17*0.3025 -> 2539.7114 | K17: 2026.3.11 | M17: 2026.3.11 | R17: 0.6 | S17: 0.6 | T17: 0.7 | V17: 도급금액 | W17: 1차기성(60%) | X17: =ROUND(X20*60%,0) -1 -> 23805445 | AF17: 합 계 | AG17: =SUM(AG18:AG34) -> 16000000 | AL17: 최재운 | AM17: 예정 | AN17: 총괄/보고서 | AP17: 6.4 | AQ17: 6.12
W18: 2차기성(20%) | X18: =ROUND(X20*20%,0) -> 7935149 | AL18: 최재운 | AM18: 진행 | GP18: 김연화 공사비 비교표 작성
W19: 잔금(20%) | X19: =ROUND(X20*20%,0) -> 7935149 | AL19: 이남일 | AM19: 예정
W20: 도급금액합계 | X20: 39675743 | AL20: 이남일 | AM20: 진행
W21: 외주차액(B-A) | X21: =X20-AG17 -> 23675743 | AL21: 이길훈 | AM21: 예정 | AO21: 6.18~6.19 내역 분석
V22: 수령금액 | W22: 기성금액 | AL22: 이길훈 | AM22: 진행
W23: 잔 액 | AL23: 김연화 | AM23: 예정 | AN23: 마감수량산출/보고서 작성 | AO23: 6.24~6.26 마감 자료분석 | AP23: 4.28 | AQ23: 6.18
AL24: 김연화 | AM24: 진행
AL25: 박미야 | AM25: 예정 | AO25: 6.25~6.29 구조물량분석 | AP25: 6.25 | AQ25: 6.29
AL26: 박미야 | AM26: 진행
AF27: 건축 | AG27: 9000000 | AL27: 대한건설적산 | AM27: 예정 | AP27: 3.23 | AQ27: 4.22
AL28: 대한건설적산 | AM28: 진행
AF29: 토목/조경 | AG29: 4000000 | AL29: 제이엔적산 | AM29: 예정 | AN29: 토목,조경산출 및 내역작성 | AP29: 3.23 | AQ29: 4.13
AL30: 제이엔적산 | AM30: 진행
AF31: 기계/기계소방 | AG31: 2000000 | AL31: 서울기연이엔지 | AM31: 예정 | AN31: 기계,소방 산출 및 내역작성 | AP31: 3.23 | AQ31: 4.13
AL32: 서울기연이엔지 | AM32: 진행
AF33: 전기/통신/소방 | AG33: 1000000 | AL33: 태경엔지니어링 | AM33: 예정 | AN33: 전기통신소방 산출 및 내역작성 | AP33: 3.23 | AQ33: 4.13
AL34: 태경엔지니어링 | AM34: 진행
A35: =A51+1 -> 16 | B35: Ⅱ-1 | C35: 2차 체크리스트 발송 후 사업자 보완서류 대기 중 | D35: {=INDEX('코드분류표(보조)'!$G$5:$G$72,MATCH(E35,'코드분류표(보조)'!$F$5:$F$72,0))} -> CB-212 | E35: 공사원가-검증 | F35: LH한국토지주택공사 | G35: 화성시 장지동 1022-2 오피스텔 신축공사 | H35: 공사원가검증 (30세대) | I35: 4572.33 | J35: =I35*0.3025 -> 1383.1298 | K35: 2026.02.25 | M35: 2026.02.25 (03.10) | N35: 2026.04.03 | R35: 0.6 | S35: 0.6 | T35: 0.6 | V35: 도급금액 | W35: 1차기성(60%) | X35: =ROUND(X38*60%,0) -> 12964483 | AF35: 합 계 | AG35: =SUM(AG36:AG50) -> 7000000 | AL35: 최재운 | AM35: 예정 | AO35: 사업자내역 대기중 | AP35: 6.24 | AQ35: 6.30
W36: 2차기성(20%) | X36: =ROUND(X38*20%,0) -> 4321494 | AL36: 최재운 | AM36: 진행
W37: 잔금(20%) | X37: =ROUND(X38*20%,0) -> 4321494 | AL37: 이남일 | AM37: 예정
W38: 도급금액합계 | X38: 21607471 | AL38: 이남일 | AM38: 진행
W39: 외주차액(B-A) | X39: =X38-AG35 -> 14607471 | AL39: 이길훈 | AM39: 예정 | AN39: 6.22~6.23 내역 분석 | AP39: 3.4 | AQ39: 4.3
V40: 수령금액 | W40: 기성금액 | AL40: 이길훈 | AM40: 진행
W41: 잔 액 | AL41: 박미야 | AM41: 예정 | AN41: 구조 산출 | AO41: 6.30~7.2 구조물량 분석 | AP41: 3.16 | AQ41: 4.2
AL42: 박미야 | AM42: 진행
AL43: 김연화 | AM43: 예정 | AN43: 보고서 작성 | AO43: TOOL단가 작성 | AP43: 6.24 | AQ43: 6.30
AL44: 김연화 | AM44: 진행
AB45: O | AC45: O | AD45: O | AF45: 토목/조경 | AG45: 4000000 | AL45: 제이엔적산 | AM45: 예정 | AN45: 토목,조경산출 및 내역작성 | AP45: 3.3 | AQ45: 3.23
AL46: 제이엔적산 | AM46: 진행
AB47: O | AC47: O | AD47: O | AF47: 기계/기계소방 | AG47: 2000000 | AL47: 서울기연이엔지 | AM47: 예정 | AN47: 기계,소방 산출 및 내역작성 | AP47: 3.3 | AQ47: 3.23
AL48: 서울기연이엔지 | AM48: 진행
AB49: O | AC49: O | AD49: O | AF49: 전기/통신/소방 | AG49: 1000000 | AL49: 태경엔지니어링 | AM49: 예정 | AN49: 전기통신소방 산출 및 내역작성 | AP49: 3.3 | AQ49: 3.23
AL50: 태경엔지니어링 | AM50: 진행
A51: =A67+1 -> 15 | B51: Ⅱ-2 | C51: 심의완료 (6월9일) | D51: {=INDEX('코드분류표(보조)'!$G$5:$G$72,MATCH(E51,'코드분류표(보조)'!$F$5:$F$72,0))} -> CB-212 | E51: 공사원가-검증 | F51: LH한국토지주택공사 | G51: 화성시 병점동 897-1 오피스텔(청년형) 신축공사 | H51: 공사원가검증 (68세대) | I51: 7891.29 | J51: =I51*0.3025 -> 2387.1152 | K51: 2026.02.25 | M51: 2026.02.25 (03.06) | N51: 2026.04.08 | R51: 0.9 | S51: 0.9 | T51: 0.9 | V51: 도급금액 | W51: 1차기성(60%) | X51: =ROUND(X54*60%,0) -> 22375175 | AF51: 합 계 | AG51: =SUM(AG52:AG66) -> 8000000 | AL51: 최재운 | AM51: 예정 | AN51: 보고서 작성/최종보고서 작성 | AP51: 4.30 | AQ51: 6.23
W52: 2차기성(20%) | X52: =ROUND(X54*20%,0) -> 7458392 | AL52: 최재운 | AM52: 진행
W53: 잔금(20%) | X53: =ROUND(X54*20%,0) -> 7458392 | AL53: 이남일 | AM53: 예정
W54: 도급금액합계 | X54: 37291958 | AL54: 이남일 | AM54: 진행
W55: 외주차액(B-A) | X55: =X54-AG51 -> 29291958 | AL55: 이길훈 | AM55: 예정 | AN55: 내역 작성 | AP55: 4.3 | AQ55: 5.15
W56: 기성금액 | AL56: 이길훈 | AM56: 진행
W57: 외주차액(B-A) | X57: =X54-AG51 -> 29291958 | AL57: 김연화 | AM57: 예정 | AN57: 마감 산출 | AO57: 체크리스트작성 | AP57: 3.3 | AQ57: 3.26
V58: 수령금액 | W58: 기성금액 | AL58: 김연화 | AM58: 진행
W59: 잔 액 | AL59: 박미야 | AM59: 예정 | AN59: 구조 산출 | AP59: 3.3 | AQ59: 3.13
AL60: 박미야 | AM60: 진행
AB61: O | AC61: O | AD61: O | AF61: 토목/조경 | AG61: 4500000 | AL61: 제이엔적산 | AM61: 예정 | AN61: 토목,조경산출 및 내역작성 | AP61: 3.3 | AQ61: 3.23
AL62: 제이엔적산 | AM62: 진행
AB63: O | AC63: O | AD63: O | AF63: 기계/기계소방 | AG63: 2500000 | AL63: 서울기연이엔지 | AM63: 예정 | AN63: 기계,소방 산출 및 내역작성 | AP63: 3.3 | AQ63: 3.23
AL64: 서울기연이엔지 | AM64: 진행
AB65: O | AC65: O | AD65: O | AF65: 전기/통신/소방 | AG65: 1000000 | AL65: 태경엔지니어링 | AM65: 예정 | AN65: 전기통신소방 산출 및 내역작성 | AP65: 3.3 | AQ65: 3.23
AL66: 태경엔지니어링 | AM66: 진행
A67: =A85+1 -> 14 | B67: Ⅱ-2 | C67: 검증보고서 작성 중 | D67: {=INDEX('코드분류표(보조)'!$G$5:$G$72,MATCH(E67,'코드분류표(보조)'!$F$5:$F$72,0))} -> CB-212 | E67: 공사원가-검증 | F67: LH한국토지주택공사 | G67: 수원시 세류동 115-4 오피스텔(청년형) 신축공사 공사비 검증용역 | H67: 공사원가검증 (100세대) | I67: 6463.88 | J67: =I67/3.3058 -> 1955.3149 | K67: 2026.02.13 | M67: 2026.02.13 (03.26) | R67: 0.3 | S67: 0.3 | T67: 0.3 | V67: 도급금액 | W67: 1차기성(60%) | X67: =ROUND(X70*60%,0)+1 -> 18327788 | AF67: 합 계 | AG67: =SUM(AG69:AG84) -> 6000000 | AL67: 이병준 | AM67: 예정
W68: 2차기성(20%) | X68: =ROUND(X70*20%,0) -> 6109262 | AL68: 이병준 | AM68: 진행
W69: 잔금(20%) | X69: =ROUND(X70*20%,0) -> 6109262 | AL69: 최재운 | AM69: 예정 | AN69: 총괄 | AQ69: 6.15
W70: 도급금액합계 | X70: 30546312 | AL70: 최재운 | AM70: 진행
W71: 외주차액(B-A) | X71: =X70-AG67 -> 24546312 | AL71: 이남일 | AM71: 예정 | AN71: 건축내역산출 | AO71: 변경작업 | AP71: 4.17 | AQ71: 4.23
V72: 수령금액 | W72: 기성금액 | AL72: 이남일 | AM72: 진행
W73: 잔 액 | X73: =X70-X77 -> 30546312 | AL73: 이길훈 | AM73: 예정 | AN73: 보고서 작성 | AP73: 4.26 | AQ73: 6.15
AL74: 이길훈 | AM74: 진행
AL75: 김연화 | AM75: 예정 | AN75: 건축마감산출/TOOL단가 작성 | AO75: 변경작업 | AP75: 3.26 | AQ75: 4.3
AL76: 김연화 | AM76: 진행
AL77: 박미야 | AM77: 예정 | AN77: 구조산출 | AO77: 변경작업 | AP77: 3.30 | AQ77: 4.3
AL78: 박미야 | AM78: 진행
AB79: O | AC79: O | AD79: O | AF79: 토목/조경 | AG79: 3000000 | AL79: 제이엔적산 | AM79: 예정 | AN79: 토목,조경산출 및 내역작성 | AO79: 변경작업 | AP79: 2.5 (3.30) | AQ79: 2.24 (4.20)
AL80: 제이엔적산 | AM80: 진행
AL81: 서울기연이엔지 | AM81: 예정 | AN81: 기계,소방 산출 및 내역작성 | AO81: 변경작업 | AP81: 2.5 (3.30) | AQ81: 2.23 (4.20)
AL82: 서울기연이엔지 | AM82: 진행
AB83: O | AC83: O | AD83: O | AF83: 기계/기계소방 | AG83: 2000000 | AL83: 태경엔지니어링 | AM83: 예정 | AN83: 전기통신소방 산출 및 내역작성 | AO83: 변경작업 | AP83: 2.5 (3.30) | AQ83: 3.4 (4.20)
AB84: O | AC84: O | AD84: O | AF84: 전기/통신/소방 | AG84: 1000000 | AL84: 태경엔지니어링 | AM84: 진행
A85: =A105+1 -> 13 | B85: Ⅱ-2 | C85: 심의완료 (6월9일) | D85: {=INDEX('코드분류표(보조)'!$G$5:$G$72,MATCH(E85,'코드분류표(보조)'!$F$5:$F$72,0))} -> CB-212 | E85: 공사원가-검증 | F85: LH한국토지주택공사 | G85: 수원시 율전동 294-2 아파트(청년형) 신축공사 공사비 검증용역 | H85: 공사원가검증 (99세대+근생) | I85: 6195.56 | J85: =I85/3.3058 -> 1874.1485 | K85: 2025.12.16 | L85: 2025.03.15 | M85: 2026.02.10 | N85: 2026.02.19 | O85: 2026.03.09 (03.25) | P85: =#REF! -> #REF! | R85: 0.6 | S85: 0.6 | T85: 0.6 | V85: 도급금액 | W85: 1차기성(60%) | X85: =ROUND(X88*60%,0) -1 -> 17567050 | AF85: 합 계 | AG85: =SUM(AG87:AG103) -> 17000000 | AL85: 하은정 | AM85: 예정
W86: 2차기성(20%) | X86: =ROUND(X88*20%,0) -> 5855684 | AM86: 진행
W87: 잔금(20%) | X87: =ROUND(X88*20%,0) -> 5855684 | AL87: 이병준 | AM87: 예정
W88: 도급금액합계 | X88: 29278418 | AL88: 이병준 | AM88: 진행
W89: 외주차액(B-A) | X89: =X88-AG85 -> 12278418 | AL89: 최재운 | AM89: 예정 | AN89: 보고서/총괄 | AP89: 4.06 | AQ89: 6.19
V90: 수령금액 | W90: 기성금액 | AL90: 최재운 | AM90: 진행
W91: 잔 액 | X91: =X88-X95 -> 29278418 | AL91: 이남일 | AM91: 예정 | AN91: 보고서 | AP91: 4.21 | AQ91: 4.29
AL92: 이남일 | AM92: 진행
AL93: 이길훈 | AM93: 예정 | AN93: 내역검토 및 원가계산서 작성 | AP93: 2.10 | AQ93: 2.19
AL94: 이길훈 | AM94: 진행
AL95: 김연화 | AM95: 예정 | AN95: 건축마감산출/TOOL단가 작성 | AP95: 1.26 | AQ95: 1.26
AL96: 김연화 | AM96: 진행
AB97: O | AC97: O | AD97: O | AF97: 건축(마감,구조,내역) | AG97: 10000000 | AL97: 원엔지니어링 | AM97: 예정 | AN97: 구조및마감산출, 내역작성 | AO97: 2월11일 수령 | AP97: 1.12 | AQ97: 2.11
AL98: 원엔지니어링 | AM98: 진행
AB99: O | AC99: O | AD99: O | AF99: 토목/조경 | AG99: 4000000 | AL99: 제이엔적산 | AM99: 예정 | AN99: 토목,조경산출 및 내역작성 | AO99: 2월6일 수령 | AP99: 1.12 | AQ99: 2.6
AL100: 제이엔적산 | AM100: 진행
...

Sheet 일정(LH외 공사)
A1: 회의자료 | I1: 계약면적 | K1: 계약기간 | M1: 내역서 | O1: 보고서 | R1: 누계공정률 | W1: 도급금액(A) (V.A.T 별도) | AA1: 계약서 관리 | AF1: 외주금액 (B) (V.A.T 별도) | AP1: 현재공정 | AS1: 2026년 1월 | BZ1: 2026년 2월 | DC1: 2026년 3월 | FN1: 2026년 5월 | GT1: 2026년 6월 | HY1: Ⅰ-1 | HZ1: Ⅰ-2 | IA1: Ⅱ-1 | IB1: Ⅱ-2 | IC1: Ⅲ | ID1: Ⅳ | IE1: Ⅴ
A2: No. | B2: 진행상황 | D2: 업무코드 (세부코드) | E2: 업무분류 | F2: 발주처 | G2: 과업명 | H2: 업무구분 | I2: ㎡ | J2: 평 | K2: 시작일 | L2: 종료일 | M2: 착수일 (재착수일) | N2: 종료일 | O2: 착수일 (재착수일) | P2: 종료일 | Q2: 품질관리실 확인 | R2: 전주계획 | S2: 전주실적 | T2: 금주계획 | V2: 항목 | W2: 내용 | X2: 금액 | Y2: 세금계산서 확인 | Z2: 입금확인 | AA2: 작업구분 품의서 | AB2: 업체선정 품의서 | AC2: 발주 및 계약서 | AD2: 결제 여부 | AE2: 비고 | AF2: 내용 | AG2: 금액 | AH2: 집행 여부 | AI2: 외주집행금액 (V.A.T 별도) | AJ2: 잔금 (V.A.T 별도) | AL2: 참여자 | AM2: 구분 | AN2: 주업무 | AO2: 특이사항 | AP2: 시작일 | AQ2: 종료일 | AS2: 46023 | AT2: 46024 | AU2: 46025 | AV2: 46026 | AW2: 46027 | AX2: 46028 | AY2: 46029 | AZ2: 46030 | BA2: 46031 | BB2: 46032 | BC2: 46033 | BD2: 46034 | BE2: 46035 | BF2: 46036 | BG2: 46037 | BH2: 46038 | BI2: 46039 | BJ2: 46040 | BK2: 46041 | BL2: 46042 | BM2: 46043 | BN2: 46044 | BO2: 46045 | BP2: 46046 | BQ2: 46047 | BR2: 46048 | BS2: 46049 | BT2: 46050 | BU2: 46051 | BV2: 46052 | BW2: 46053 | BZ2: 46054 | CA2: 46055 | CB2: 46056 | CC2: 46057 | CD2: 46058 | CE2: 46059 | CF2: 46060 | CG2: 46061 | CH2: 46062 | CI2: 46063 | CJ2: 46064 | CK2: 46065 | CL2: 46066 | CM2: 46067 | CN2: 46068 | CO2: 46069 | CP2: 46070 | CQ2: 46071 | CR2: 46072 | CS2: 46073 | CT2: 46074 | CU2: 46075 | CV2: 46076 | CW2: 46077 | CX2: 46078 | CY2: 46079 | CZ2: 46080 | DA2: 46081 | DC2: 46082 | DD2: 46083 | DE2: 46084 | DF2: 46085 | DG2: 46086 | DH2: 46087 | DI2: 46088 | DJ2: 46089 | DK2: 46090 | DL2: 46091 | DM2: 46092 | DN2: 46093 | DO2: 46094 | DP2: 46095 | DQ2: 46096 | DR2: 46097 | DS2: 46098 | DT2: 46099 | DU2: 46100 | DV2: 46101 | DW2: 46102 | DX2: 46103 | DY2: 46104 | DZ2: 46105 | EA2: 46106 | EB2: 46107 | EC2: 46108 | ED2: 46109 | EE2: 46110 | EF2: 46111 | EG2: 46112 | EI2: 46113 | EJ2: 46114 | EK2: 46115 | EL2: 46116 | EM2: 46117 | EN2: 46118 | EO2: 46119 | EP2: 46120 | EQ2: 46121 | ER2: 46122 | ES2: 46123 | ET2: 46124 | EU2: 46125 | EV2: 46126 | EW2: 46127 | EX2: 46128 | EY2: 46129 | EZ2: 46130 | FA2: 46131 | FB2: 46132 | FC2: 46133 | FD2: 46134 | FE2: 46135 | FF2: 46136 | FG2: 46137 | FH2: 46138 | FI2: 46139 | FJ2: 46140 | FK2: 46141 | FL2: 46142 | FN2: 46143 | FO2: 46144 | FP2: 46145 | FQ2: 46146 | FR2: 46147 | FS2: 46148 | FT2: 46149 | FU2: 46150 | FV2: 46151 | FW2: 46152 | FX2: 46153 | FY2: 46154 | FZ2: 46155 | GA2: 46156 | GB2: 46157 | GC2: 46158 | GD2: 46159 | GE2: 46160 | GF2: 46161 | GG2: 46162 | GH2: 46163 | GI2: 46164 | GJ2: 46165 | GK2: 46166 | GL2: 25 | GM2: 46168 | GN2: 46169 | GO2: 46170 | GP2: 46171 | GQ2: 46172 | GR2: 46173 | GT2: 46174 | GU2: 46175 | GV2: 46176 | GW2: 46177 | GX2: 46178 | GY2: 46179 | GZ2: 46180 | HA2: 46181 | HB2: 46182 | HC2: 46183 | HD2: 46184 | HE2: 46185 | HF2: 46186 | HG2: 46187 | HH2: 46188 | HI2: 46189 | HJ2: 46190 | HK2: 46191 | HL2: 46192 | HM2: 46193 | HN2: 46194 | HO2: 46195 | HP2: 46196 | HQ2: 46197 | HR2: 46198 | HS2: 46199 | HT2: 46200 | HU2: 46201 | HV2: 46202 | HW2: 46203 | HY2: 1차체크 | HZ2: 물량산출 | IA2: 2차체크 | IB2: 내역비교 | IC2: 기준표 검토 | ID2: 설계변경 | IE2: 원가검증
A3: =A9+1 -> 22 | B3: 진행 | D3: {=INDEX('코드분류표(보조)'!$G$5:$G$72,MATCH(E3,'코드분류표(보조)'!$F$5:$F$72,0))} -> CB-291 | E3: 기타-산정 | F3: 해조건설 | G3: 평촌 C10-3 블록 공기연장관련 간접비 산정 용역 | M3: =$M$3 -> #REF! | N3: =#REF! -> #REF! | O3: =$O$3 -> #REF! | P3: =$Q$3 | R3: 0 | S3: 0 | T3: 0 | V3: 도급금액 | W3: 1차기성(60%) | AF3: 합 계 | AG3: =SUM(AG5:AG8) -> 0 | AL3: 이병준 | AM3: 예정
W4: 2차기성(20%) | AL4: 이병준 | AM4: 진행
W5: 잔금(20%) | AL5: 한재희 | AM5: 예정
W6: 도급금액합계 | X6: =X3+X4+X5 -> 0 | AL6: 한재희 | AM6: 진행
W7: 외주차액(B-A) | X7: =X6-AG3 -> 0 | AL7: 김나경 | AM7: 예정
V8: 수령금액 | W8: 기성금액 | AL8: 김나경 | AM8: 진행
A9: =A15+1 -> 21 | B9: 진행 | D9: {=INDEX('코드분류표(보조)'!$G$5:$G$72,MATCH(E9,'코드분류표(보조)'!$F$5:$F$72,0))} -> CB-292 | E9: 기타-검증 | F9: 한국전력 경기북부본부 | G9: 옥석교 전력관로 매달기 설치공사 원가계산 용역 | M9: =$M$9 -> #REF! | N9: =#REF! -> #REF! | O9: =$O$9 -> #REF! | P9: =$Q$9 | R9: 0 | S9: 0 | T9: 0 | V9: 도급금액 | W9: 1차기성(60%) | AF9: 합 계 | AG9: =SUM(AG11:AG14) -> 0 | AL9: 이병준 | AM9: 예정
W10: 2차기성(20%) | AL10: 이병준 | AM10: 진행
W11: 잔금(20%) | AL11: 한재희 | AM11: 예정
W12: 도급금액합계 | X12: =X9+X10+X11 -> 0 | AL12: 한재희 | AM12: 진행
W13: 외주차액(B-A) | X13: =X12-AG9 -> 0 | AL13: 최재운 | AM13: 예정 | AP13: 6.16 | AQ13: 6.19
V14: 수령금액 | W14: 기성금액 | AL14: 최재운 | AM14: 진행
A15: =A33+1 -> 20 | B15: 진행 | C15: 내역 작성중 | D15: {=INDEX('코드분류표(보조)'!$G$5:$G$72,MATCH(E15,'코드분류표(보조)'!$F$5:$F$72,0))} -> CB-211 | E15: 공사원가-산정 | F15: ㈜건축사사무소 아라그룹 | G15: 서울시 송파구 가락동 도시형생활주택(LH매입임대)신축공사 | H15: 공사원가산정 | I15: 2294.26 | J15: 694 | M15: =$M$15 -> #REF! | N15: =#REF! -> #REF! | O15: =$O$15 -> #REF! | P15: =$Q$15 | R15: 0 | S15: 0 | T15: 0 | V15: 도급금액 | W15: 실착수시(40%) | X15: 12000000 | AF15: 합 계 | AG15: =SUM(AG17:AG32) -> 0 | AL15: 이병준 | AM15: 예정
W16: 1차내역(20%) | X16: 6000000 | AL16: 이병준 | AM16: 진행
W17: 심의완료(30%) | X17: 9000000 | AL17: 최재운 | AM17: 예정
W18: 착공시(10%) | X18: 3000000 | AL18: 최재운 | AM18: 진행
W19: 도급금액합계 | X19: =SUM(X15:X18) -> 30000000 | AL19: 이길훈 | AM19: 예정
V20: 수령금액 | W20: 외주차액(B-A) | X20: =X19-AG15 -> 30000000 | AL20: 이길훈 | AM20: 진행
V21: 수령금액 | W21: 기성금액 | AL21: 김연화 | AM21: 예정 | AN21: 건축 마감 산출 | AO21: 6.19~6.23 마감 자료분석 | AP21: 5.19 | AQ21: 6.12
W22: 잔 액 | AL22: 김연화 | AM22: 진행 | GP22: 김연화 역북동 공사비 비교표 작성
AL23: 박미야 | AM23: 예정 | AN23: 건축 마감.내역 산출 | AP23: 5.26 | AQ23: 6.19
AL24: 박미야 | AM24: 진행
AL25: 원엔지니어링 | AM25: 예정
AL26: 원엔지니어링 | AM26: 진행
AL27: 제이엔적산 | AM27: 예정
AL28: 제이엔적산 | AM28: 진행
AL29: 한양설비 | AM29: 예정
AL30: 한양설비 | AM30: 진행
AL31: 태경엔지니어링 | AM31: 예정
AL32: 태경엔지니어링 | AM32: 진행
A33: =A51+1 -> 19 | B33: 보고서 제출 | C33: 보고서 제출 | D33: {=INDEX('코드분류표(보조)'!$G$5:$G$72,MATCH(E33,'코드분류표(보조)'!$F$5:$F$72,0))} -> CB-252 | E33: 기부채납-검증 | F33: 엔에이디벨롭먼트 | G33: 동작 보라매역 프리센트 기부채납 설치비용 검증용역 | H33: 공사원가검증 | I33: 23709.39 | J33: =I33*0.3025 -> 7172.0905 | M33: =$M$33 -> #REF! | N33: =#REF! -> #REF! | O33: =$O$33 -> #REF! | P33: =$Q$33 | R33: 0 | S33: 0 | T33: 0 | V33: 도급금액 | W33: 착수금(50%) | X33: 20000000 | AF33: 합 계 | AG33: =SUM(AG35:AG50) -> 9150000 | AL33: 이병준 | AM33: 예정
W34: 준공금(50%) | X34: 20000000 | AL34: 이병준 | AM34: 진행
AL35: 최재운 | AM35: 예정 | AN35: 보고서
W36: 도급금액합계 | X36: =X33+X34+X35 -> 40000000 | AL36: 최재운 | AM36: 진행
W37: 외주차액(B-A) | X37: =X36-AG33 -> 30850000 | AL37: 이길훈 | AM37: 예정 | AN37: 내역서 작성/보고서 작성 | AP37: 5.13 | AQ37: 6.9
V38: 수령금액 | W38: 기성금액 | AL38: 이길훈 | AM38: 진행
W39: 잔 액 | AL39: 김연화 | AM39: 예정
AL40: 김연화 | AM40: 진행
AL41: 박미야 | AM41: 예정
AL42: 박미야 | AM42: 진행
AL43: 김진이 | AM43: 예정 | AN43: 구조 산출 물량 검토
AL44: 김진이 | AM44: 진행
AF45: 토목/조경 | AG45: 4500000 | AL45: 제이엔적산 | AM45: 예정 | AN45: 토목,조경산출 및 내역작성 | AP45: 4.30 | AQ45: 5.20
AL46: 제이엔적산 | AM46: 진행
AF47: 기계/기계소방 | AG47: 2500000 | AL47: 한양설비 | AM47: 예정 | AN47: 기계,소방 산출 및 내역작성 | AP47: 4.30 | AQ47: 5.20
AL48: 한양설비 | AM48: 진행
AF49: 전기/통신/소방 | AG49: 2150000 | AL49: 태경엔지니어링 | AM49: 예정 | AN49: 전기통신소방 산출 및 내역작성 | AP49: 4.30 | AQ49: 5.20
AL50: 태경엔지니어링 | AM50: 진행
A51: =A69+1 -> 18 | B51: 보고서 제출 | C51: 보고서 제출 | D51: {=INDEX('코드분류표(보조)'!$G$5:$G$72,MATCH(E51,'코드분류표(보조)'!$F$5:$F$72,0))} -> CB-251 | E51: 기부채납-산정 | F51: ㈜엘와이디벨럽 | G51: 시흥동 103-3 청년안심주택 기부채납 공공시설 검증용역 | H51: 공사비검증 | I51: 13229.48 | J51: 4001.9 | K51: 2026.02.16 | M51: 2026.04.13 | N51: 2026.04.17 | R51: 0 | S51: 0 | T51: 0 | V51: 도급금액 | W51: 1차기성(50%) | X51: 15000000 | AF51: 합 계 | AG51: =SUM(AG52:AG68) -> 1600000 | AL51: 이병준 | AM51: 예정
W52: 2차기성(50%) | X52: 15000000 | AL52: 이병준 | AM52: 진행
W53: 잔금(0%) | X53: 0 | AL53: 최재운 | AM53: 예정 | AN53: 보고서 작성
W54: 도급금액합계 | X54: 30000000 | AL54: 최재운 | AM54: 진행
W55: 외주차액(B-A) | X55: =X54-AG51 -> 28400000 | AL55: 이남일 | AM55: 예정
W56: 기성금액 | AL56: 이남일 | AM56: 진행
W57: 외주차액(B-A) | X57: =X54-AG51 -> 28400000 | AL57: 이길훈 | AM57: 예정 | AN57: 보고서 작성 | AO57: 6.2 보고서 리뷰 | AP57: 5.26 | AQ57: 6.2
V58: 수령금액 | W58: 기성금액 | AL58: 이길훈 | AM58: 진행
W59: 잔 액 | AL59: 김연화 | AM59: 예정
AL60: 김연화 | AM60: 진행
AL61: 박미야 | AM61: 예정 | AN61: 건축내역 작성. | AP61: 5.6 | AQ61: 5.22
AL62: 박미야 | AM62: 진행
AF63: 토목/조경 | AG63: 300000 | AL63: 제이엔적산 | AM63: 예정 | AN63: 토목,조경산출 및 내역작성 | AO63: 내역단가변경 | AP63: 4.30 | AQ63: 5.15
AL64: 제이엔적산 | AM64: 진행
AF65: 기계/기계소방 | AG65: 800000 | AL65: 한양설비 | AM65: 예정 | AN65: 기계,소방 산출 및 내역작성 | AO65: 내역단가변경 | AP65: 4.30 | AQ65: 5.15
AL66: 한양설비 | AM66: 진행
AF67: 전기/통신/소방 | AG67: 500000 | AL67: 태경엔지니어링 | AM67: 예정 | AN67: 전기통신소방 산출 및 내역작성 | AO67: 내역단가변경 | AP67: 4.30 | AQ67: 5.15
AL68: 태경엔지니어링 | AM68: 진행
A69: =A76+1 -> 17 | B69: 보고서 제출 | C69: 용역 대가 협의 중 | D69: {=INDEX('코드분류표(보조)'!$G$5:$G$72,MATCH(E69,'코드분류표(보조)'!$F$5:$F$72,0))} -> CB-242 | E69: 설계변경-검증 | F69: 의왕시청 | G69: 오전~청계 설계변경 | H69: 설계변경 공사비검증 | I69: 설계변경항목12건 | K69: 2025.01.15 | M69: =$M$120 -> #REF! | N69: =#REF! -> #REF! | O69: =$O$120 -> 2026.01.08 | P69: =$Q$120 | R69: 0.4 | S69: 0.4 | T69: 0.5 | V69: 도급금액 | W69: 선급금액(50%) | AF69: 합 계 | AL69: 이병준 | AM69: 예정 | AN69: 총괄
W70: 기성금액(50%) | AL70: 이병준 | AM70: 진행
W71: 잔액(50%) | AL71: 최재운 | AM71: 예정 | AN71: 내역 및 보고서 검토 | AP71: 3.9 | AQ71: 3.23
W72: 도급금액합계 | X72: 10000000 | AL72: 최재운 | AM72: 진행
W73: 외주차액(B-A)
V74: 수령금액 | W74: 기성금액
AL75: ㈜KCP솔루션 | AM75: 진행 | AN75: 토목 설계변경내역 및 보고서 작성 | AP75: 2.20 | AQ75: 3.6
A76: 16 | B76: 보고서 제출 | C76: 보고서 제출 | D76: {=INDEX('코드분류표(보조)'!$G$5:$G$72,MATCH(E76,'코드분류표(보조)'!$F$5:$F$72,0))} -> CB-251 | E76: 기부채납-산정 | F76: 해조건설 | G76: 안양시 평촌 C10-3 공공기여시설 기부채납 공사비 산정용역 | H76: 공사원가검증 | I76: 6669.25 | J76: =I76/3.3058 -> 2017.439 | K76: 2025.12.11 | L76: 2026.3.31 | M76: 2026.1.23 | N76: 2026.3.27 | O76: 2026.04.20 | P76: =$Q$76 | R76: 0.7 | S76: 0.7 | T76: 0.7 | V76: 도급금액 | W76: 선급금액(50%) | X76: 40000000 | AF76: 합 계 | AG76: =SUM(AG78:AG92) -> 12000000 | AL76: 하은정 | AM76: 예정
W77: 기성금액(50%) | X77: 40000000 | AL77: 하은정 | AM77: 진행
W78: 잔액(50%) | X78: 40000000 | AL78: 이병준 | AM78: 예정
W79: 도급금액합계 | X79: 80000000 | AL79: 이병준 | AM79: 진행
W80: 외주차액(B-A) | X80: =X79-AG76 -> 68000000 | AL80: 최재운 | AM80: 예정 | AN80: 내역검토/보고서 작성 | AO80: 보고서일정 협의 필요 | AP80: 2.19 | AQ80: 4.15
V81: 수령금액 | W81: 선급금액(50%) | X81: 0 | AL81: 최재운 | AM81: 진행
W82: 잔 액 | X82: =X79-X81 -> 80000000 | AL82: 이길훈 | AM82: 예정 | AN82: 건축내역산출/보고서작성 | AO82: 6.17 해조건설 보고서 회의 | AP82: 1.23 | AQ82: 6.17
AL83: 이길훈 | AM83: 진행
AL84: 박미야 | AM84: 예정 | AN84: 골조물량 검토 | AP84: 2.26 | AQ84: 2.26
AL85: 박미야 | AM85: 진행
AB86: O | AC86: O | AD86: O | AF86: 구조 | AG86: 4000000 | AI86: 4000000 | AL86: 마스원기술사사무소 | AM86: 예정 | AN86: 최재운, 이길훈 26일 마스원 구조 검토 | AO86: 2월25일 수령 | AP86: 1.12 | AQ86: 2.25
AL87: 마스원기술사사무소 | AM87: 진행
AB88: O | AC88: O | AD88: O | AF88: 기계/기계소방 | AG88: 2000000 | AL88: 지성적산이엔지 | AM88: 예정 | AN88: 기계,소방 산출 및 내역작성 | AO88: 2월25일 수령 | AP88: 1.12 | AQ88: 2.25
AL89: 지성적산이엔지 | AM89: 진행
AB90: O | AC90: O | AD90: O | AF90: 전기/통신/소방 | AG90: 1000000 | AL90: 태경엔지니어링 | AM90: 예정 | AN90: 전기통신소방 산출 및 내역작성 | AO90: 2월6일 수령 | AP90: 1.12 | AQ90: 2.6
AL91: 태경엔지니어링 | AM91: 진행
AB92: O | AC92: O | AD92: O | AF92: 토목/조경 | AG92: 5000000 | AL92: 제이엔적산 | AM92: 예정 | AN92: 토목,조경산출 및 내역작성 | AO92: 2월6일 수령 | AP92: 1.12 | AQ92: 2.6
AL93: 제이엔적산 | AM93: 진행
A94: =A110+1 -> 15 | B94: 진행 | C94: 발코니 확장 공사비 재산정 후 제출 | D94: {=INDEX('코드분류표(보조)'!$G$5:$G$72,MATCH(E94,'코드분류표(보조)'!$F$5:$F$72,0))} -> CB-211 | E94: 공사원가-산정 | F94: 미정 | G94: 월곶동 1002-1,2,3,4 번지 LH임대주택 복합시설 신축공사 공사비 산정용역 | H94: 공사원가검증 (도시형생활주택 247세대+근생) | I94: 18843.99 | J94: =I94/3.3058 -> 5700.2813 | K94: 2025.12.9 | L94: 2026.01.09 | M94: =$M$94 -> #REF! | N94: =#REF! -> #REF! | O94: =$O$94 -> #REF! | P94: =$Q$94 | R94: 0.6 | S94: 0.6 | T94: 0.6 | V94: 도급금액 | W94: 선급금액(50%) | AF94: 합 계 | AG94: =SUM(AG96:AG108) -> 28300000 | AI94: =SUM(AI96:AI109) -> 18800000 | AJ94: =AG94-AI94 -> 9500000 | AL94: 하은정 | AM94: 예정 | AO94: 설계변경 (건설사 견적요청중)
W95: 기성금액(50%) | AL95: 하은정 | AM95: 진행
W96: 잔액(50%) | X96: 0 | AL96: 최재운 | AM96: 예정 | AN96: 총괄, 산정내역 검토/미정/견적서 | AP96: 12.19 | AQ96: 1.21
W97: 도급금액합계 | X97: =SUM(X94:X96) -> 0 | AL97: 최재운 | AM97: 진행
W98: 외주차액(B-A) | X98: =X97-AG94 -> -28300000
V100: 수령금액 | W100: 잔 액
AC102: O | AF102: 건축 | AG102: 18800000 | AI102: 18800000 | AJ102: =AG102-AI102 -> 0 | AL102: 대한건설적산 | AM102: 예정 | AN102: 건축내역 구조 마감산출 | AO102: 변경작업 | AP102: 12.19 | AQ102: 4.3
...

Sheet 일정(원가 등)
A1: 회의자료 | I1: 계약면적 | K1: 계약기간 | M1: 내역서 | O1: 보고서 | R1: 누계공정률 | W1: 도급금액(A) (V.A.T 별도) | AA1: 계약서 관리 | AF1: 외주금액 (B) (V.A.T 별도) | AP1: 현재공정 | AS1: 2026년 1월 | BZ1: 2026년 2월 | DC1: 2026년 3월 | EI1: 46174 | FN1: 2026년 5월 | GS1: 2026년 5월
A2: No. | B2: 진행상황 | D2: 업무코드 (세부코드) | E2: 업무분류 | F2: 발주처 | G2: 과업명 | H2: 업무구분 | I2: ㎡ | J2: 평 | K2: 시작일 | L2: 종료일 | M2: 착수일 (재착수일) | N2: 종료일 | O2: 착수일 (재착수일) | P2: 종료일 | Q2: 품질관리실 확인 | R2: 전주계획 | S2: 전주실적 | T2: 금주계획 | V2: 항목 | W2: 내용 | X2: 금액 | Y2: 세금계산서 확인 | Z2: 입금확인 | AA2: 작업구분 품의서 | AB2: 업체선정 품의서 | AC2: 발주 및 계약서 | AD2: 결제 여부 | AE2: 비고 | AF2: 내용 | AG2: 금액 | AH2: 집행 여부 | AI2: 외주집행금액 (V.A.T 별도) | AJ2: 잔금 (V.A.T 별도) | AL2: 참여자 | AM2: 구분 | AN2: 주업무 | AO2: 특이사항 | AP2: 시작일 | AQ2: 종료일 | AS2: 46023 | AT2: 46024 | AU2: 46025 | AV2: 46026 | AW2: 46027 | AX2: 46028 | AY2: 46029 | AZ2: 46030 | BA2: 46031 | BB2: 46032 | BC2: 46033 | BD2: 46034 | BE2: 46035 | BF2: 46036 | BG2: 46037 | BH2: 46038 | BI2: 46039 | BJ2: 46040 | BK2: 46041 | BL2: 46042 | BM2: 46043 | BN2: 46044 | BO2: 46045 | BP2: 46046 | BQ2: 46047 | BR2: 46048 | BS2: 46049 | BT2: 46050 | BU2: 46051 | BV2: 46052 | BW2: 46053 | BZ2: 46054 | CA2: 46055 | CB2: 46056 | CC2: 46057 | CD2: 46058 | CE2: 46059 | CF2: 46060 | CG2: 46061 | CH2: 46062 | CI2: 46063 | CJ2: 46064 | CK2: 46065 | CL2: 46066 | CM2: 46067 | CN2: 46068 | CO2: 46069 | CP2: 46070 | CQ2: 46071 | CR2: 46072 | CS2: 46073 | CT2: 46074 | CU2: 46075 | CV2: 46076 | CW2: 46077 | CX2: 46078 | CY2: 46079 | CZ2: 46080 | DA2: 46081 | DC2: 46082 | DD2: 46083 | DE2: 46084 | DF2: 46085 | DG2: 46086 | DH2: 46087 | DI2: 46088 | DJ2: 46089 | DK2: 46090 | DL2: 46091 | DM2: 46092 | DN2: 46093 | DO2: 46094 | DP2: 46095 | DQ2: 46096 | DR2: 46097 | DS2: 46098 | DT2: 46099 | DU2: 46100 | DV2: 46101 | DW2: 46102 | DX2: 46103 | DY2: 46104 | DZ2: 46105 | EA2: 46106 | EB2: 46107 | EC2: 46108 | ED2: 46109 | EE2: 46110 | EF2: 46111 | EG2: 46112 | EI2: 46174 | EJ2: 46175 | EK2: 46176 | EL2: 46177 | EM2: 46178 | EN2: 46179 | EO2: 46180 | EP2: 46181 | EQ2: 46182 | ER2: 46183 | ES2: 46184 | ET2: 46185 | EU2: 46186 | EV2: 46187 | EW2: 46188 | EX2: 46189 | EY2: 46190 | EZ2: 46191 | FA2: 46192 | FB2: 46193 | FC2: 46194 | FD2: 46195 | FE2: 46196 | FF2: 46197 | FG2: 46198 | FH2: 46199 | FI2: 46200 | FJ2: 46201 | FK2: 46202 | FL2: 46203 | FN2: 46143 | FO2: 46144 | FP2: 46145 | FQ2: 46146 | FR2: 46147 | FS2: 46148 | FT2: 46149 | FU2: 46150 | FV2: 46151 | FW2: 46152 | FX2: 46153 | FY2: 46154 | FZ2: 46155 | GA2: 46156 | GB2: 46157 | GC2: 46158 | GD2: 46159 | GE2: 46160 | GF2: 46161 | GG2: 46162 | GH2: 46163 | GI2: 46164 | GJ2: 46165 | GK2: 46166 | GL2: 46167 | GM2: 46168 | GN2: 46169 | GO2: 46170 | GP2: 46171 | GQ2: 46172 | GR2: 46173 | GS2: 46143 | GT2: 46144 | GU2: 46145 | GV2: 46146 | GW2: 46147 | GX2: 46148 | GY2: 46149 | GZ2: 46150 | HA2: 46151 | HB2: 46152 | HC2: 46153 | HD2: 46154 | HE2: 46155 | HF2: 46156 | HG2: 46157 | HH2: 46158 | HI2: 46159 | HJ2: 46160 | HK2: 46161 | HL2: 46162 | HM2: 46163 | HN2: 46164 | HO2: 46165 | HP2: 46166 | HQ2: 46167 | HR2: 46168 | HS2: 46169 | HT2: 46170 | HU2: 46171 | HV2: 46172 | HW2: 46173
A3: =A9+1 -> 13 | B3: 수주 | D3: CB-232 | E3: 개발비용-검증 | F3: 영등포구청 | G3: 양평동 1가 243-1 일대 개발비용 산출명세서 검증용역 | AL3: 하은정 | AM3: 예정
AL4: 하은정 | AM4: 진행
AL5: 김나경 | AM5: 예정
AL6: 김나경 | AM6: 진행
K8: 26.05.29 | L8: 26.06.12
A9: =A10+1 -> 12 | B9: 견적제출 | D9: {=INDEX('코드분류표(보조)'!$G$5:$G$72,MATCH(E9,'코드분류표(보조)'!$F$5:$F$72,0))} -> CB-212 | E9: 공사원가-검증 | F9: 한국토지주택공사 | G9: 인천계양 국도39호선(벌말로) 확장공사 가스관로 및 열배관 이설비 적정성 검토 용역
A10: =A11+1 -> 11 | B10: 수주 | D10: {=INDEX('코드분류표(보조)'!$G$5:$G$72,MATCH(E10,'코드분류표(보조)'!$F$5:$F$72,0))} -> CG-721 | E10: 클레임-사감정_산정 | F10: 한국공항공사 | G10: 한국공항공사 간접비 청구 감정
A11: 10 | B11: 진행 | C11: 현장 확인 중 | D11: {=INDEX('코드분류표(보조)'!$G$5:$G$72,MATCH(E11,'코드분류표(보조)'!$F$5:$F$72,0))} -> CC-391 | E11: 일반용역-기타_산정 | F11: 한국가스전문검사기관협회 | G11: 소형저장탱크 재검사 수수료 산정 | AL11: 하은정, 배병권 | AM11: 진행 | AN11: 재검사 현장 확인 중
A12: =A13+1 -> 9 | B12: 수행 중 | D12: {=INDEX('코드분류표(보조)'!$G$5:$G$72,MATCH(E12,'코드분류표(보조)'!$F$5:$F$72,0))} -> CD-421 | E12: 기술용역-엔지니어링_산정 | F12: 한국수자원조사기술원 | G12: 수문조사 항목별 단가 산정 용역 | AL12: 하은정, 배병권 | AM12: 진행 | AN12: 기초 및 직접비 자료 요청 중 | AP12: 6/1 | AQ12: 8/31
A13: =A14+1 -> 8 | B13: 수행 중 | D13: {=INDEX('코드분류표(보조)'!$G$5:$G$72,MATCH(E13,'코드분류표(보조)'!$F$5:$F$72,0))} -> CG-712 | E13: 클레임-법원/중재원 감정_검증 | F13: 대한상사중재원 | G13: 중재 제25111-0166호(우성건설 vs 철도공단) | AO13: 6/22 착수계 제출
A14: =A15+1 -> 7 | B14: 수행 중 | D14: {=INDEX('코드분류표(보조)'!$G$5:$G$72,MATCH(E14,'코드분류표(보조)'!$F$5:$F$72,0))} -> CG-712 | E14: 클레임-법원/중재원 감정_검증 | F14: 서울중앙지법 | G14: 2024가합95132공사대금(두산에너빌리티 vs 대한민국)
A15: =A26+1 -> 6 | B15: 세금계산서 발행 | D15: {=INDEX('코드분류표(보조)'!$G$5:$G$72,MATCH(E15,'코드분류표(보조)'!$F$5:$F$72,0))} -> CG-712 | E15: 클레임-법원/중재원 감정_검증 | F15: 대한감정평가법인 | G15: 원주시 무실동 887-28 일대 토지에 식재된 야생화등에 대한 이전비 및 가격조사 산정용역 | H15: =$H$15 -> #REF! | J15: =I15/3.3058 -> 0 | K15: 2025.12.08 | L15: 2026.02.07 | M15: =$M$15 -> #REF! | N15: =#REF! -> #REF! | O15: =$O$15 -> #REF! | P15: =$Q$15 | R15: 0 | S15: 0 | T15: 0 | V15: 도급금액 | W15: 선급금액(50%) | X15: 17500000 | AF15: 합 계 | AL15: 하은정 | AM15: 예정 | AN15: 1차 보고서 제출
W16: 기성금액(50%) | X16: 17500000 | AL16: 하은정 | AM16: 진행
W17: 잔액(50%) | X17: 17500000
W18: 도급금액합계 | X18: =+X15+X16+X17 -> 52500000
W19: 외주차액(B-A)
V20: 수령금액 | W20: 수령금액(67%) | X20: 35000000 | Y20: 발행(0401_3,850만원)
W21: 잔 액 | X21: =X18-X20 -> 17500000
A26: =A33+1 -> 5 | B26: 보고서 제출 | D26: {=INDEX('코드분류표(보조)'!$G$5:$G$72,MATCH(E26,'코드분류표(보조)'!$F$5:$F$72,0))} -> CG-712 | E26: 클레임-법원/중재원 감정_검증 | F26: 부산지법 | G26: 부산지법2025가합 40038공사대금삼강실업) | H26: 물가변동 | K26: =$K$26 -> #REF! | L26: =$L$26 -> #REF! | M26: =$M$26 -> #REF! | N26: =#REF! -> #REF! | O26: =$O$26 -> #REF! | P26: =$Q$26 | R26: 0 | S26: 0 | T26: 1 | V26: 도급금액 | W26: 1차기성(50%) | Y26: 0403_50%대금 확인중 | AF26: 합 계 | AG26: 8000000 | AH26: 25.12.29 | AI26: 8000000
W27: 2차기성(50%)
W28: 잔금(0%) | AL28: 산업경영환경연구원
W29: 도급금액합계 | AL29: 외주비 지급
W30: 외주차액(B-A)
V31: 수령금액 | W31: 선급금액(50%)
W32: 잔 액
A33: =A40+1 -> 4 | B33: 보고서 제출 | D33: {=INDEX('코드분류표(보조)'!$G$5:$G$72,MATCH(E33,'코드분류표(보조)'!$F$5:$F$72,0))} -> CG-712 | E33: 클레임-법원/중재원 감정_검증 | F33: 서울중앙지법 | G33: 2023가합104558공사대금 (서울시 vs 삼성물산) | H33: 법원감정 | K33: 2025.07.06 | L33: 2025.11.10 | M33: =$M$33 -> #REF! | N33: =#REF! -> #REF! | O33: =$O$33 -> #REF! | P33: =$Q$33 | R33: 0.85 | S33: 0.85 | T33: 0.85 | V33: 계약금액 | AF33: 합 계 | AL33: 하은정
V34: 수령금액 | W34: 선급금액 | X34: 15909091 | Y34: 251216_1,750만원발행 | AL34: 한재희
W35: 기성금액 | AL35: 김광수 | AN35: 보고서 작성
V36: 잔여금액 | AL36: 손경호 | AN36: 보고서 편집 지원
V37: 외주차액(B-A)
A40: =A45+1 -> 3 | B40: 보고서 제출 | D40: {=INDEX('코드분류표(보조)'!$G$5:$G$72,MATCH(E40,'코드분류표(보조)'!$F$5:$F$72,0))} -> CB-231 | E40: 개발비용-산정 | F40: 의정부시청 | G40: 의정부시 복합문화융합단지 도시개발사업 개발비용 재산정 용역 | H40: 공사원가_검증 | K40: 2025.07.30 | L40: 2025.11.20 | M40: 2025.07.30 | N40: 2025.11.20 | O40: =#REF! -> #REF! | P40: =#REF! -> #REF! | R40: 0.9 | S40: 0.9 | T40: 0.9 | V40: 계약금액 | X40: 16100000 | AF40: 합 계 | AL40: 김광수
V41: 수령금액 | W41: 선급금액 | X41: 0 | AL41: 손경호 | AN41: 보고서 작성
W42: 기성금액 | X42: 0
V43: 잔여금액 | X43: =X40-X41-X42 -> 16100000
V44: 외주차액(B-A) | X44: =X40-AG40 -> 16100000
A45: =A53+1 -> 2 | B45: 입금 완료 | D45: {=INDEX('코드분류표(보조)'!$G$5:$G$72,MATCH(E45,'코드분류표(보조)'!$F$5:$F$72,0))} -> CA-111 | E45: 제조-제조(제작설치포함)_산정 | F45: 우정사업조달센터 | G45: 2026~2027년도 우체국 금융장비(UPS, CCTV등) 유지보수 원가계산 용역 | H45: 원가계산 | M45: =$M$45 -> #REF! | N45: =#REF! -> #REF! | O45: =$O$45 -> #REF! | P45: =$Q$45 | R45: 0 | S45: 0 | T45: 0 | V45: 계약금액 | X45: 4000000 | AF45: 합 계 | AL45: 하은정 | AM45: 예정
V46: 수령금액 | W46: 기성금액 | X46: 4000000 | Y46: 2026.03.20 | Z46: 2026.03.24 | AL46: 하은정 | AM46: 진행
W47: 잔 액 | X47: =X45-X46 -> 0 | AL47: 김용전 | AM47: 예정
V48: 잔여금액 | X48: 0 | AL48: 김용전 | AM48: 진행
V49: 외주차액(B-A) | X49: 0
A53: 1 | B53: 입금 완료 | D53: {=INDEX('코드분류표(보조)'!$G$5:$G$72,MATCH(E53,'코드분류표(보조)'!$F$5:$F$72,0))} -> CA-112 | E53: 제조-제조(제작설치포함)_검증 | F53: 한국식품연구원 | G53: 감독권한대행 등 건설사업관리 원가계산 적정성 검토 용역 | H53: 원가계산 | M53: =$M$45 -> #REF! | N53: =#REF! -> #REF! | O53: =$O$45 -> #REF! | P53: =$Q$45 | R53: 1 | S53: 1 | T53: 1 | V53: 계약금액 | X53: 4000000 | AF53: 합 계 | AL53: 하은정 | AM53: 예정
V54: 수령금액 | W54: 기성금액 | X54: 4000000 | Y54: 2026.02.23 | Z54: 2026.03.06 | AL54: 하은정 | AM54: 진행
W55: 잔 액 | X55: =X53-X54 -> 0 | AL55: 김용전 | AM55: 예정
V56: 잔여금액 | X56: 0 | AL56: 김용전 | AM56: 진행
V57: 외주차액(B-A) | X57: 0

Sheet 물가변동 진행현황
A1: 물가변동 진행현황
S2: 결 재 | T2: 담당 | U2: 검토 | V2: 원장
T3: 배다현
T4: =today() -> 46190
B5: 견적일자 | C5: 계약일자 | D5: 업무코드 (세부코드) | E5: 업무분류 | F5: 발주처 | G5: 과업명 | H5: 금액(원, 부가세 포함) | J5: 진행상태 | L5: 담당자 | N5: 발주처 실무담당 | O5: 제출일자 | P5: 품질관리 | R5: 매출세금계산서 | U5: 매입세금계산서 | W5: 담당자 정보 | AA5: 비고
H6: 용역비 | I6: 사업비 | J6: 구분 | K6: 현황 | L6: 정 | M6: 부 | Q6: 발행유무 | R6: 발행일자 | S6: 입금일자 | T6: 발행유무 | U6: 발행일자 | V6: 출금일자 | W6: 담당자명 | X6: 유선 | Y6: 모바일 | Z6: 메일
A7: 14 | B7: 46169.611 | C7: 46184 | D7: CB-222 | E7: 공사-물가변동_검증 | F7: 옥천군 | G7: 동이 남곡-구일간 농어촌도로 확포장공사 물가변동 계약금액 조정 검토 용역 | H7: 1650000 | J7: 완료 | K7: 최종보고서완료 | L7: 하은정 | M7: 이종훈 | O7: 46184 | Q7: 무
A8: 13 | B8: 46118 | C8: 46161 | D8: CB-222 | E8: 공사-물가변동_검증 | F8: 충청북도 | G8: 충북도청 후생복지관 건립사업 전기공사 외 3 1회esc(지수)보고서 재검토 수수료 | H8: 5500000 | J8: 완료 | L8: 하은정 | M8: 이종훈 | N8: 장병기 부장 | O8: 46139 | Q8: 유 | R8: 46161
A9: 12 | B9: 46118 | C9: 46174 | D9: CB-222 | E9: 공사-물가변동_검증 | F9: 충청북도 | G9: 충북도청 후생복지관 건립사업 건축공사 1회esc(지수)보고서 재검토 수수료 | H9: 2530000 | J9: 완료 | L9: 하은정 | M9: 이종훈 | N9: 현인택 대리 | O9: 46139 | Q9: 유 | R9: 46174
A10: 11 | B10: 46163.692 | C10: 46178 | D10: CB-222 | E10: 공사-물가변동_검증 | F10: 한국산업단지공단 | G10: 계양산업단지 조성공사 물가변동으로 인한 계약금액조정 적정성 검토 용역 | H10: 1650000 | J10: 완료 | K10: 최종보고서완료 | L10: 하은정 | M10: 이종훈 | N10: 이승우 대리 | O10: 46183 | Q10: 무
A11: 10 | B11: 46157.447 | C11: 46161 | D11: CB-222 | E11: 공사-물가변동_검증 | F11: 인천국제공항공사 | G11: 2026년 자원회수시설 소모성약품 단가구매사업 물가변동 적정성 검토용역 | H11: 770000 | J11: 완료 | N11: 김세민 대리 | O11: 46174 | Q11: 유 | R11: 46175
A12: 9 | B12: 46140.606 | C12: 46140.606 | D12: CB-222 | E12: 공사-물가변동_검증 | F12: 순창군 | G12: 사천(풍산지구) 지방하천 정비사업 물가변동으로 인한 계약금액 조정 검토용역 (1회차) | H12: 1650000 | J12: 수주 | K12: 진행중 | L12: 하은정 | M12: 이종훈
A13: 8 | B13: 45714 | C13: 45714 | D13: CB-221 | E13: 공사-물가변동_산정 | F13: 주식회사 송림 | G13: 하남교산 공공주택지구 지장물 해체공사 중 물가변동 용역(송림)_1차 | H13: 5280000 | J13: 완료 | K13: 최종보고서완료 | L13: 하은정 | M13: 이종훈 | O13: 45673 | Q13: 유 | R13: 46127 | Z13: songlim2018@daum.net | AA13: CB-221 / 공사 물가변동 / 1차 4,800,000.0 / 2차 3,000,000.0 / 미발행, 미발행
A14: 7 | B14: 45803 | C14: 45803 | D14: CB-221 | E14: 공사-물가변동_산정 | F14: 조달청/해양수산부 포항지방해양수산청 | G14: 수영만 자연재해위험개선지구 정비사업 물가변동 용역(동아건설) | H14: 9020000 | J14: 1차완료 | K14: 1차보고서 완료 | L14: 하은정 | M14: 이종훈 | O14: 45812 | Q14: 무 | T14: 유 | U14: 46142 | W14: 김정우 차장 | Y14: 010-7240-3773 | Z14: kjw3335@naver.com | AA14: CB-221 / 공사 물가변동
