Workbook

Sheet 항목별예산
B2: 수문조사 항목별 예산 현황 | J2: 수문조사 항목별 예산 현황(전년도 잔액 예산 반영)
B4: 구분 | C4: 2021년 | D4: 2022년 | E4: 2023년 | F4: 2024년 | G4: 2025년 | H4: 2026년 | J4: 구분 | K4: 2021년 | L4: 2022년 | M4: 2023년 | N4: 2024년 | O4: 2025년 | P4: 2026년
B5: 계 | C5: =SUM(C6:C10) -> 2487456225 | D5: =SUM(D6:D10) -> 9520000000 | E5: =SUM(E6:E10) -> 8475000000 | F5: =SUM(F6:F10) -> 10985000000 | G5: =SUM(G6:G10) -> 35704000000 | H5: =SUM(H6:H10) -> 18488000000 | J5: 계 | K5: =SUM(K6:K10) -> 2487456225 | L5: =SUM(L6:L10) -> 9943740153 | M5: =SUM(M6:M10) -> 8590082000 | N5: =SUM(N6:N10) -> 11195749215 | O5: =SUM(O6:O10) -> 36607548900 | P5: =SUM(P6:P10) -> 18488000000
B6: 유량 | C6: =유량!$D$4 -> 1190182077 | D6: =유량!$F$4 -> 3490000000 | E6: =유량!$H$4 -> 2588664990 | F6: =유량!$J$4 -> 3791790577 | G6: =유량!$L$4 -> 2628000000 | H6: =유량!$N$4 -> 2039920000 | J6: 유량 | K6: =SUM(유량!D$4:E$4) -> 1190182077 | L6: =SUM(유량!F$4:G$4) -> 3770139873 | M6: =SUM(유량!H$4:I$4) -> 2594604990 | N6: =SUM(유량!J$4:K$4) -> 3950363432 | O6: =SUM(유량!L$4:M$4) -> 3097893500 | P6: =SUM(유량!N$4:O$4) -> 2039920000
B7: 자동유량 | C7: =자동유량!$D$4 -> 922911768 | D7: =자동유량!$F$4 -> 5618000000 | E7: =자동유량!$H$4 -> 5377336970 | F7: =자동유량!$J$4 -> 6912209423 | G7: =자동유량!$L$4 -> 32861000000 | H7: =자동유량!$N$4 -> 16249080000 | J7: 자동유량 | K7: =SUM(자동유량!D$4:E$4) -> 922911768 | L7: =SUM(자동유량!F$4:G$4) -> 5659525000 | M7: =SUM(자동유량!H$4:I$4) -> 5377336970 | N7: =SUM(자동유량!J$4:K$4) -> 6929601543 | O7: =SUM(자동유량!L$4:M$4) -> 32905136330 | P7: =SUM(자동유량!N$4:O$4) -> 16249080000
B8: 유사량 | C8: =유사량!$D$4 -> 337965730 | D8: =유사량!$F$4 -> 356000000 | E8: =유사량!$H$4 -> 416083240 | F8: =유사량!$J$4 -> 221000000 | G8: =유사량!$L$4 -> 175000000 | H8: =유사량!$N$4 -> 159000000 | J8: 유사량 | K8: =SUM(유사량!D$4:E$4) -> 337965730 | L8: =SUM(유사량!F$4:G$4) -> 375025280 | M8: =SUM(유사량!H$4:I$4) -> 525225240 | N8: =SUM(유사량!J$4:K$4) -> 221000000 | O8: =SUM(유사량!L$4:M$4) -> 476246410 | P8: =SUM(유사량!N$4:O$4) -> 159000000
B9: 토양수분량 | C9: =토양수분량!$D$4 -> 20453200 | D9: =토양수분량!$F$4 -> 26700000 | E9: =토양수분량!$H$4 -> 55206400 | F9: =토양수분량!$J$4 -> 30000000 | G9: =토양수분량!$L$4 -> 20000000 | H9: =토양수분량!$N$4 -> 20000000 | J9: 토양수분량 | K9: =SUM(토양수분량!D$4:E$4) -> 20453200 | L9: =SUM(토양수분량!F$4:G$4) -> 68225000 | M9: =SUM(토양수분량!H$4:I$4) -> 55206400 | N9: =SUM(토양수분량!J$4:K$4) -> 47392120 | O9: =SUM(토양수분량!L$4:M$4) -> 64136330 | P9: =SUM(토양수분량!N$4:O$4) -> 20000000
B10: 증발산량 | C10: =증발산량!$D$4 -> 15943450 | D10: =증발산량!$F$4 -> 29300000 | E10: =증발산량!$H$4 -> 37708400 | F10: =증발산량!$J$4 -> 30000000 | G10: =증발산량!$L$4 -> 20000000 | H10: =증발산량!$N$4 -> 20000000 | J10: 증발산량 | K10: =SUM(증발산량!D$4:E$4) -> 15943450 | L10: =SUM(증발산량!F$4:G$4) -> 70825000 | M10: =SUM(증발산량!H$4:I$4) -> 37708400 | N10: =SUM(증발산량!J$4:K$4) -> 47392120 | O10: =SUM(증발산량!L$4:M$4) -> 64136330 | P10: =SUM(증발산량!N$4:O$4) -> 20000000

Sheet 유량
B1: 유량
B2: 편성목 | C2: 통계목 | D2: 2021년 | F2: 2022년 | H2: 2023년 | J2: 2024년 | L2: 2025년 | N2: 2026년
D3: 실행예산 | E3: 잔액 예산 | F3: 실행예산 | G3: 잔액 예산 | H3: 실행예산 | I3: 잔액 예산 | J3: 실행예산 | K3: 잔액 예산 | L3: 실행예산 | M3: 잔액 예산 | N3: 실행예산 | O3: 잔액 예산
B4: 합계 | D4: =SUM(D5,D10,D23,D26,D29,D32,D34,D40,D42,D44,D46) -> 1190182077 | E4: =SUM(E5,E10,E23,E26,E29,E32,E34,E40,E42,E44,E46) -> 0 | F4: =SUM(F5,F10,F23,F26,F29,F32,F34,F40,F42,F44,F46) -> 3490000000 | G4: =SUM(G5,G10,G23,G26,G29,G32,G34,G40,G42,G44,G46) -> 280139873 | H4: =SUM(H5,H10,H23,H26,H29,H32,H34,H40,H42,H44,H46) -> 2588664990 | I4: =SUM(I5,I10,I23,I26,I29,I32,I34,I40,I42,I44,I46) -> 5940000 | J4: =SUM(J5,J10,J23,J26,J29,J32,J34,J40,J42,J44,J46) -> 3791790577 | K4: =SUM(K5,K10,K23,K26,K29,K32,K34,K40,K42,K44,K46) -> 158572855 | ... O4: =SUM(O5,O10,O23,O26,O29,O32,O34,O40,O42,O44,O46) -> 0
B5: 인건비 | C5: 소계 | D5: =SUM(D6:D9) -> 123200000 | E5: =SUM(E6:E9) -> 0 | F5: =SUM(F6:F9) -> 443000000 | G5: =SUM(G6:G9) -> 0 | H5: =SUM(H6:H9) -> 747380000 | I5: =SUM(I6:I9) -> 0 | J5: =SUM(J6:J9) -> 572951413 | K5: =SUM(K6:K9) -> 0 | ... O5: =SUM(O6:O9) -> 0
C6: 보수 | G6: =IF(SUMIFS(잔액_2022[결의금액],잔액_2022[통계목],$C6,잔액_2022[분류 항목],"유량")=0,"",SUMIFS(잔액_2022[결의금액],잔액_2022[통계목],$C6,잔액_2022[분류 항목],"유량")) | I6: =IF(SUMIFS(잔액_2023[결의금액],잔액_2023[통계목],$C6,잔액_2023[분류 항목],"유량")=0,"",SUMIFS(잔액_2023[결의금액],잔액_2023[통계목],$C6,잔액_2023[분류 항목],"유량")) | K6: =IF(SUMIFS(잔액_2024[결의금액],잔액_2024[통계목],$C6,잔액_2024[분류 항목],"유량")=0,"",SUMIFS(잔액_2024[결의금액],잔액_2024[통계목],$C6,잔액_2024[분류 항목],"유량")) | M6: =IF(SUMIFS(잔액_2025[결의금액],잔액_2025[통계목],$C6,잔액_2025[분류 항목],"유량")=0,"",SUMIFS(잔액_2025[결의금액],잔액_2025[통계목],$C6,잔액_2025[분류 항목],"유량"))
C7: 기타직보수 | G7: =IF(SUMIFS(잔액_2022[결의금액],잔액_2022[통계목],$C7,잔액_2022[분류 항목],"유량")=0,"",SUMIFS(잔액_2022[결의금액],잔액_2022[통계목],$C7,잔액_2022[분류 항목],"유량")) | I7: =IF(SUMIFS(잔액_2023[결의금액],잔액_2023[통계목],$C7,잔액_2023[분류 항목],"유량")=0,"",SUMIFS(잔액_2023[결의금액],잔액_2023[통계목],$C7,잔액_2023[분류 항목],"유량")) | K7: =IF(SUMIFS(잔액_2024[결의금액],잔액_2024[통계목],$C7,잔액_2024[분류 항목],"유량")=0,"",SUMIFS(잔액_2024[결의금액],잔액_2024[통계목],$C7,잔액_2024[분류 항목],"유량")) | M7: =IF(SUMIFS(잔액_2025[결의금액],잔액_2025[통계목],$C7,잔액_2025[분류 항목],"유량")=0,"",SUMIFS(잔액_2025[결의금액],잔액_2025[통계목],$C7,잔액_2025[분류 항목],"유량")) | N7: 12800000
C8: 상용임금 | F8: 443000000 | G8: =IF(SUMIFS(잔액_2022[결의금액],잔액_2022[통계목],$C8,잔액_2022[분류 항목],"유량")=0,"",SUMIFS(잔액_2022[결의금액],잔액_2022[통계목],$C8,잔액_2022[분류 항목],"유량")) | H8: 747380000 | I8: =IF(SUMIFS(잔액_2023[결의금액],잔액_2023[통계목],$C8,잔액_2023[분류 항목],"유량")=0,"",SUMIFS(잔액_2023[결의금액],잔액_2023[통계목],$C8,잔액_2023[분류 항목],"유량")) | J8: 572951413 | K8: =IF(SUMIFS(잔액_2024[결의금액],잔액_2024[통계목],$C8,잔액_2024[분류 항목],"유량")=0,"",SUMIFS(잔액_2024[결의금액],잔액_2024[통계목],$C8,잔액_2024[분류 항목],"유량")) | L8: 342209542 | M8: =IF(SUMIFS(잔액_2025[결의금액],잔액_2025[통계목],$C8,잔액_2025[분류 항목],"유량")=0,"",SUMIFS(잔액_2025[결의금액],잔액_2025[통계목],$C8,잔액_2025[분류 항목],"유량"))
C9: 일용임금 | D9: 123200000 | G9: =IF(SUMIFS(잔액_2022[결의금액],잔액_2022[통계목],$C9,잔액_2022[분류 항목],"유량")=0,"",SUMIFS(잔액_2022[결의금액],잔액_2022[통계목],$C9,잔액_2022[분류 항목],"유량")) | I9: =IF(SUMIFS(잔액_2023[결의금액],잔액_2023[통계목],$C9,잔액_2023[분류 항목],"유량")=0,"",SUMIFS(잔액_2023[결의금액],잔액_2023[통계목],$C9,잔액_2023[분류 항목],"유량")) | K9: =IF(SUMIFS(잔액_2024[결의금액],잔액_2024[통계목],$C9,잔액_2024[분류 항목],"유량")=0,"",SUMIFS(잔액_2024[결의금액],잔액_2024[통계목],$C9,잔액_2024[분류 항목],"유량")) | M9: =IF(SUMIFS(잔액_2025[결의금액],잔액_2025[통계목],$C9,잔액_2025[분류 항목],"유량")=0,"",SUMIFS(잔액_2025[결의금액],잔액_2025[통계목],$C9,잔액_2025[분류 항목],"유량"))
B10: 운영비 | C10: 소계 | D10: =SUM(D11:D22) -> 515397177 | E10: =SUM(E11:E22) -> 0 | F10: =SUM(F11:F22) -> 874000000 | G10: =SUM(G11:G22) -> 0 | H10: =SUM(H11:H22) -> 827554990 | I10: =SUM(I11:I22) -> 0 | J10: =SUM(J11:J22) -> 945626566 | K10: =SUM(K11:K22) -> 0 | ... O10: =SUM(O11:O22) -> 0
C11: 일반수용비 | D11: 472624256 | F11: 318000000 | G11: =IF(SUMIFS(잔액_2022[결의금액],잔액_2022[통계목],$C11,잔액_2022[분류 항목],"유량")=0,"",SUMIFS(잔액_2022[결의금액],잔액_2022[통계목],$C11,잔액_2022[분류 항목],"유량")) | H11: 234927550 | I11: =IF(SUMIFS(잔액_2023[결의금액],잔액_2023[통계목],$C11,잔액_2023[분류 항목],"유량")=0,"",SUMIFS(잔액_2023[결의금액],잔액_2023[통계목],$C11,잔액_2023[분류 항목],"유량")) | J11: 119515600 | K11: =IF(SUMIFS(잔액_2024[결의금액],잔액_2024[통계목],$C11,잔액_2024[분류 항목],"유량")=0,"",SUMIFS(잔액_2024[결의금액],잔액_2024[통계목],$C11,잔액_2024[분류 항목],"유량")) | L11: 153020400 | M11: =IF(SUMIFS(잔액_2025[결의금액],잔액_2025[통계목],$C11,잔액_2025[분류 항목],"유량")=0,"",SUMIFS(잔액_2025[결의금액],잔액_2025[통계목],$C11,잔액_2025[분류 항목],"유량")) | N11: 63420000
C12: 공공요금 및 제세 | F12: 10000000 | G12: =IF(SUMIFS(잔액_2022[결의금액],잔액_2022[통계목],$C12,잔액_2022[분류 항목],"유량")=0,"",SUMIFS(잔액_2022[결의금액],잔액_2022[통계목],$C12,잔액_2022[분류 항목],"유량")) | H12: 14250440 | I12: =IF(SUMIFS(잔액_2023[결의금액],잔액_2023[통계목],$C12,잔액_2023[분류 항목],"유량")=0,"",SUMIFS(잔액_2023[결의금액],잔액_2023[통계목],$C12,잔액_2023[분류 항목],"유량")) | J12: 10020000 | K12: =IF(SUMIFS(잔액_2024[결의금액],잔액_2024[통계목],$C12,잔액_2024[분류 항목],"유량")=0,"",SUMIFS(잔액_2024[결의금액],잔액_2024[통계목],$C12,잔액_2024[분류 항목],"유량")) | L12: 9040000 | M12: =IF(SUMIFS(잔액_2025[결의금액],잔액_2025[통계목],$C12,잔액_2025[분류 항목],"유량")=0,"",SUMIFS(잔액_2025[결의금액],잔액_2025[통계목],$C12,잔액_2025[분류 항목],"유량")) | N12: 8860000
C13: 피복비 | G13: =IF(SUMIFS(잔액_2022[결의금액],잔액_2022[통계목],$C13,잔액_2022[분류 항목],"유량")=0,"",SUMIFS(잔액_2022[결의금액],잔액_2022[통계목],$C13,잔액_2022[분류 항목],"유량")) | I13: =IF(SUMIFS(잔액_2023[결의금액],잔액_2023[통계목],$C13,잔액_2023[분류 항목],"유량")=0,"",SUMIFS(잔액_2023[결의금액],잔액_2023[통계목],$C13,잔액_2023[분류 항목],"유량")) | K13: =IF(SUMIFS(잔액_2024[결의금액],잔액_2024[통계목],$C13,잔액_2024[분류 항목],"유량")=0,"",SUMIFS(잔액_2024[결의금액],잔액_2024[통계목],$C13,잔액_2024[분류 항목],"유량")) | M13: =IF(SUMIFS(잔액_2025[결의금액],잔액_2025[통계목],$C13,잔액_2025[분류 항목],"유량")=0,"",SUMIFS(잔액_2025[결의금액],잔액_2025[통계목],$C13,잔액_2025[분류 항목],"유량"))
C14: 특근매식비 | G14: =IF(SUMIFS(잔액_2022[결의금액],잔액_2022[통계목],$C14,잔액_2022[분류 항목],"유량")=0,"",SUMIFS(잔액_2022[결의금액],잔액_2022[통계목],$C14,잔액_2022[분류 항목],"유량")) | I14: =IF(SUMIFS(잔액_2023[결의금액],잔액_2023[통계목],$C14,잔액_2023[분류 항목],"유량")=0,"",SUMIFS(잔액_2023[결의금액],잔액_2023[통계목],$C14,잔액_2023[분류 항목],"유량")) | K14: =IF(SUMIFS(잔액_2024[결의금액],잔액_2024[통계목],$C14,잔액_2024[분류 항목],"유량")=0,"",SUMIFS(잔액_2024[결의금액],잔액_2024[통계목],$C14,잔액_2024[분류 항목],"유량")) | M14: =IF(SUMIFS(잔액_2025[결의금액],잔액_2025[통계목],$C14,잔액_2025[분류 항목],"유량")=0,"",SUMIFS(잔액_2025[결의금액],잔액_2025[통계목],$C14,잔액_2025[분류 항목],"유량"))
C15: 임차료 | F15: 388000000 | G15: =IF(SUMIFS(잔액_2022[결의금액],잔액_2022[통계목],$C15,잔액_2022[분류 항목],"유량")=0,"",SUMIFS(잔액_2022[결의금액],잔액_2022[통계목],$C15,잔액_2022[분류 항목],"유량")) | H15: 469311000 | I15: =IF(SUMIFS(잔액_2023[결의금액],잔액_2023[통계목],$C15,잔액_2023[분류 항목],"유량")=0,"",SUMIFS(잔액_2023[결의금액],잔액_2023[통계목],$C15,잔액_2023[분류 항목],"유량")) | J15: 567318105 | K15: =IF(SUMIFS(잔액_2024[결의금액],잔액_2024[통계목],$C15,잔액_2024[분류 항목],"유량")=0,"",SUMIFS(잔액_2024[결의금액],잔액_2024[통계목],$C15,잔액_2024[분류 항목],"유량")) | L15: 663210000 | M15: =IF(SUMIFS(잔액_2025[결의금액],잔액_2025[통계목],$C15,잔액_2025[분류 항목],"유량")=0,"",SUMIFS(잔액_2025[결의금액],잔액_2025[통계목],$C15,잔액_2025[분류 항목],"유량")) | N15: 553740000
C16: 유류비 | D16: 42772921 | F16: 95000000 | G16: =IF(SUMIFS(잔액_2022[결의금액],잔액_2022[통계목],$C16,잔액_2022[분류 항목],"유량")=0,"",SUMIFS(잔액_2022[결의금액],잔액_2022[통계목],$C16,잔액_2022[분류 항목],"유량")) | H16: 78866000 | I16: =IF(SUMIFS(잔액_2023[결의금액],잔액_2023[통계목],$C16,잔액_2023[분류 항목],"유량")=0,"",SUMIFS(잔액_2023[결의금액],잔액_2023[통계목],$C16,잔액_2023[분류 항목],"유량")) | J16: 78800000 | K16: =IF(SUMIFS(잔액_2024[결의금액],잔액_2024[통계목],$C16,잔액_2024[분류 항목],"유량")=0,"",SUMIFS(잔액_2024[결의금액],잔액_2024[통계목],$C16,잔액_2024[분류 항목],"유량")) | L16: 78800000 | M16: =IF(SUMIFS(잔액_2025[결의금액],잔액_2025[통계목],$C16,잔액_2025[분류 항목],"유량")=0,"",SUMIFS(잔액_2025[결의금액],잔액_2025[통계목],$C16,잔액_2025[분류 항목],"유량")) | N16: 33000000
C17: 시설장비유지비 | F17: 54000000 | G17: =IF(SUMIFS(잔액_2022[결의금액],잔액_2022[통계목],$C17,잔액_2022[분류 항목],"유량")=0,"",SUMIFS(잔액_2022[결의금액],잔액_2022[통계목],$C17,잔액_2022[분류 항목],"유량")) | H17: 30200000 | I17: =IF(SUMIFS(잔액_2023[결의금액],잔액_2023[통계목],$C17,잔액_2023[분류 항목],"유량")=0,"",SUMIFS(잔액_2023[결의금액],잔액_2023[통계목],$C17,잔액_2023[분류 항목],"유량")) | J17: 25000000 | K17: =IF(SUMIFS(잔액_2024[결의금액],잔액_2024[통계목],$C17,잔액_2024[분류 항목],"유량")=0,"",SUMIFS(잔액_2024[결의금액],잔액_2024[통계목],$C17,잔액_2024[분류 항목],"유량")) | L17: 93350000 | M17: =IF(SUMIFS(잔액_2025[결의금액],잔액_2025[통계목],$C17,잔액_2025[분류 항목],"유량")=0,"",SUMIFS(잔액_2025[결의금액],잔액_2025[통계목],$C17,잔액_2025[분류 항목],"유량")) | N17: 28000000
C18: 재료비 | F18: 9000000 | G18: =IF(SUMIFS(잔액_2022[결의금액],잔액_2022[통계목],$C18,잔액_2022[분류 항목],"유량")=0,"",SUMIFS(잔액_2022[결의금액],잔액_2022[통계목],$C18,잔액_2022[분류 항목],"유량")) | I18: =IF(SUMIFS(잔액_2023[결의금액],잔액_2023[통계목],$C18,잔액_2023[분류 항목],"유량")=0,"",SUMIFS(잔액_2023[결의금액],잔액_2023[통계목],$C18,잔액_2023[분류 항목],"유량")) | J18: 134972861 | K18: =IF(SUMIFS(잔액_2024[결의금액],잔액_2024[통계목],$C18,잔액_2024[분류 항목],"유량")=0,"",SUMIFS(잔액_2024[결의금액],잔액_2024[통계목],$C18,잔액_2024[분류 항목],"유량")) | L18: 108481560 | M18: =IF(SUMIFS(잔액_2025[결의금액],잔액_2025[통계목],$C18,잔액_2025[분류 항목],"유량")=0,"",SUMIFS(잔액_2025[결의금액],잔액_2025[통계목],$C18,잔액_2025[분류 항목],"유량")) | N18: 28000000
C19: 복리후생비 | G19: =IF(SUMIFS(잔액_2022[결의금액],잔액_2022[통계목],$C19,잔액_2022[분류 항목],"유량")=0,"",SUMIFS(잔액_2022[결의금액],잔액_2022[통계목],$C19,잔액_2022[분류 항목],"유량")) | I19: =IF(SUMIFS(잔액_2023[결의금액],잔액_2023[통계목],$C19,잔액_2023[분류 항목],"유량")=0,"",SUMIFS(잔액_2023[결의금액],잔액_2023[통계목],$C19,잔액_2023[분류 항목],"유량")) | K19: =IF(SUMIFS(잔액_2024[결의금액],잔액_2024[통계목],$C19,잔액_2024[분류 항목],"유량")=0,"",SUMIFS(잔액_2024[결의금액],잔액_2024[통계목],$C19,잔액_2024[분류 항목],"유량")) | M19: =IF(SUMIFS(잔액_2025[결의금액],잔액_2025[통계목],$C19,잔액_2025[분류 항목],"유량")=0,"",SUMIFS(잔액_2025[결의금액],잔액_2025[통계목],$C19,잔액_2025[분류 항목],"유량"))
C20: 일반용역비 | G20: =IF(SUMIFS(잔액_2022[결의금액],잔액_2022[통계목],$C20,잔액_2022[분류 항목],"유량")=0,"",SUMIFS(잔액_2022[결의금액],잔액_2022[통계목],$C20,잔액_2022[분류 항목],"유량")) | I20: =IF(SUMIFS(잔액_2023[결의금액],잔액_2023[통계목],$C20,잔액_2023[분류 항목],"유량")=0,"",SUMIFS(잔액_2023[결의금액],잔액_2023[통계목],$C20,잔액_2023[분류 항목],"유량")) | J20: 10000000 | K20: =IF(SUMIFS(잔액_2024[결의금액],잔액_2024[통계목],$C20,잔액_2024[분류 항목],"유량")=0,"",SUMIFS(잔액_2024[결의금액],잔액_2024[통계목],$C20,잔액_2024[분류 항목],"유량")) | L20: 78000000 | M20: =IF(SUMIFS(잔액_2025[결의금액],잔액_2025[통계목],$C20,잔액_2025[분류 항목],"유량")=0,"",SUMIFS(잔액_2025[결의금액],잔액_2025[통계목],$C20,잔액_2025[분류 항목],"유량")) | N20: 30000000
C21: 관리용역비 | G21: =IF(SUMIFS(잔액_2022[결의금액],잔액_2022[통계목],$C21,잔액_2022[분류 항목],"유량")=0,"",SUMIFS(잔액_2022[결의금액],잔액_2022[통계목],$C21,잔액_2022[분류 항목],"유량")) | I21: =IF(SUMIFS(잔액_2023[결의금액],잔액_2023[통계목],$C21,잔액_2023[분류 항목],"유량")=0,"",SUMIFS(잔액_2023[결의금액],잔액_2023[통계목],$C21,잔액_2023[분류 항목],"유량")) | K21: =IF(SUMIFS(잔액_2024[결의금액],잔액_2024[통계목],$C21,잔액_2024[분류 항목],"유량")=0,"",SUMIFS(잔액_2024[결의금액],잔액_2024[통계목],$C21,잔액_2024[분류 항목],"유량")) | L21: 175500000 | M21: =IF(SUMIFS(잔액_2025[결의금액],잔액_2025[통계목],$C21,잔액_2025[분류 항목],"유량")=0,"",SUMIFS(잔액_2025[결의금액],잔액_2025[통계목],$C21,잔액_2025[분류 항목],"유량"))
C22: 기타운영비 | G22: =IF(SUMIFS(잔액_2022[결의금액],잔액_2022[통계목],$C22,잔액_2022[분류 항목],"유량")=0,"",SUMIFS(잔액_2022[결의금액],잔액_2022[통계목],$C22,잔액_2022[분류 항목],"유량")) | I22: =IF(SUMIFS(잔액_2023[결의금액],잔액_2023[통계목],$C22,잔액_2023[분류 항목],"유량")=0,"",SUMIFS(잔액_2023[결의금액],잔액_2023[통계목],$C22,잔액_2023[분류 항목],"유량")) | K22: =IF(SUMIFS(잔액_2024[결의금액],잔액_2024[통계목],$C22,잔액_2024[분류 항목],"유량")=0,"",SUMIFS(잔액_2024[결의금액],잔액_2024[통계목],$C22,잔액_2024[분류 항목],"유량")) | M22: =IF(SUMIFS(잔액_2025[결의금액],잔액_2025[통계목],$C22,잔액_2025[분류 항목],"유량")=0,"",SUMIFS(잔액_2025[결의금액],잔액_2025[통계목],$C22,잔액_2025[분류 항목],"유량"))
B23: 여비 | C23: 소계 | D23: =SUM(D24:D25) -> 551584900 | E23: =SUM(E24:E25) -> 0 | F23: =SUM(F24:F25) -> 878000000 | G23: =SUM(G24:G25) -> 0 | H23: =SUM(H24:H25) -> 990470000 | I23: =SUM(I24:I25) -> 0 | J23: =SUM(J24:J25) -> 874270000 | K23: =SUM(K24:K25) -> 0 | ... O23: =SUM(O24:O25) -> 0
C24: 국내여비 | D24: 551584900 | F24: 878000000 | G24: =IF(SUMIFS(잔액_2022[결의금액],잔액_2022[통계목],$C24,잔액_2022[분류 항목],"유량")=0,"",SUMIFS(잔액_2022[결의금액],잔액_2022[통계목],$C24,잔액_2022[분류 항목],"유량")) | H24: 990470000 | I24: =IF(SUMIFS(잔액_2023[결의금액],잔액_2023[통계목],$C24,잔액_2023[분류 항목],"유량")=0,"",SUMIFS(잔액_2023[결의금액],잔액_2023[통계목],$C24,잔액_2023[분류 항목],"유량")) | J24: 874270000 | K24: =IF(SUMIFS(잔액_2024[결의금액],잔액_2024[통계목],$C24,잔액_2024[분류 항목],"유량")=0,"",SUMIFS(잔액_2024[결의금액],잔액_2024[통계목],$C24,잔액_2024[분류 항목],"유량")) | L24: 799020000 | M24: =IF(SUMIFS(잔액_2025[결의금액],잔액_2025[통계목],$C24,잔액_2025[분류 항목],"유량")=0,"",SUMIFS(잔액_2025[결의금액],잔액_2025[통계목],$C24,잔액_2025[분류 항목],"유량")) | N24: 622000000
C25: 국외업무여비 | G25: =IF(SUMIFS(잔액_2022[결의금액],잔액_2022[통계목],$C25,잔액_2022[분류 항목],"유량")=0,"",SUMIFS(잔액_2022[결의금액],잔액_2022[통계목],$C25,잔액_2022[분류 항목],"유량")) | I25: =IF(SUMIFS(잔액_2023[결의금액],잔액_2023[통계목],$C25,잔액_2023[분류 항목],"유량")=0,"",SUMIFS(잔액_2023[결의금액],잔액_2023[통계목],$C25,잔액_2023[분류 항목],"유량")) | K25: =IF(SUMIFS(잔액_2024[결의금액],잔액_2024[통계목],$C25,잔액_2024[분류 항목],"유량")=0,"",SUMIFS(잔액_2024[결의금액],잔액_2024[통계목],$C25,잔액_2024[분류 항목],"유량")) | M25: =IF(SUMIFS(잔액_2025[결의금액],잔액_2025[통계목],$C25,잔액_2025[분류 항목],"유량")=0,"",SUMIFS(잔액_2025[결의금액],잔액_2025[통계목],$C25,잔액_2025[분류 항목],"유량"))
B26: 업무추진비 | C26: 소계 | D26: =SUM(D27:D28) -> 0 | E26: =SUM(E27:E28) -> 0 | F26: =SUM(F27:F28) -> 0 | G26: =SUM(G27:G28) -> 0 | H26: =SUM(H27:H28) -> 23260000 | I26: =SUM(I27:I28) -> 0 | J26: =SUM(J27:J28) -> 74100000 | K26: =SUM(K27:K28) -> 0 | ... O26: =SUM(O27:O28) -> 0
C27: 사업추진비 | G27: =IF(SUMIFS(잔액_2022[결의금액],잔액_2022[통계목],$C27,잔액_2022[분류 항목],"유량")=0,"",SUMIFS(잔액_2022[결의금액],잔액_2022[통계목],$C27,잔액_2022[분류 항목],"유량")) | H27: 23260000 | I27: =IF(SUMIFS(잔액_2023[결의금액],잔액_2023[통계목],$C27,잔액_2023[분류 항목],"유량")=0,"",SUMIFS(잔액_2023[결의금액],잔액_2023[통계목],$C27,잔액_2023[분류 항목],"유량")) | J27: 74100000 | K27: =IF(SUMIFS(잔액_2024[결의금액],잔액_2024[통계목],$C27,잔액_2024[분류 항목],"유량")=0,"",SUMIFS(잔액_2024[결의금액],잔액_2024[통계목],$C27,잔액_2024[분류 항목],"유량")) | L27: 74100000 | M27: =IF(SUMIFS(잔액_2025[결의금액],잔액_2025[통계목],$C27,잔액_2025[분류 항목],"유량")=0,"",SUMIFS(잔액_2025[결의금액],잔액_2025[통계목],$C27,잔액_2025[분류 항목],"유량")) | N27: 60100000
C28: 관서업무추진비 | G28: =IF(SUMIFS(잔액_2022[결의금액],잔액_2022[통계목],$C28,잔액_2022[분류 항목],"유량")=0,"",SUMIFS(잔액_2022[결의금액],잔액_2022[통계목],$C28,잔액_2022[분류 항목],"유량")) | I28: =IF(SUMIFS(잔액_2023[결의금액],잔액_2023[통계목],$C28,잔액_2023[분류 항목],"유량")=0,"",SUMIFS(잔액_2023[결의금액],잔액_2023[통계목],$C28,잔액_2023[분류 항목],"유량")) | K28: =IF(SUMIFS(잔액_2024[결의금액],잔액_2024[통계목],$C28,잔액_2024[분류 항목],"유량")=0,"",SUMIFS(잔액_2024[결의금액],잔액_2024[통계목],$C28,잔액_2024[분류 항목],"유량")) | M28: =IF(SUMIFS(잔액_2025[결의금액],잔액_2025[통계목],$C28,잔액_2025[분류 항목],"유량")=0,"",SUMIFS(잔액_2025[결의금액],잔액_2025[통계목],$C28,잔액_2025[분류 항목],"유량"))
B29: 연구용역비 | C29: 소계 | D29: =SUM(D30:D31) -> 0 | E29: =SUM(E30:E31) -> 0 | F29: =SUM(F30:F31) -> 46000000 | G29: =SUM(G30:G31) -> 205195000 | H29: =SUM(H30:H31) -> 0 | I29: =SUM(I30:I31) -> 5940000 | J29: =SUM(J30:J31) -> 100000000 | K29: =SUM(K30:K31) -> 0 | ... O29: =SUM(O30:O31) -> 0
C30: 일반연구비 | F30: 46000000 | G30: =IF(SUMIFS(잔액_2022[결의금액],잔액_2022[통계목],$C30,잔액_2022[분류 항목],"유량")=0,"",SUMIFS(잔액_2022[결의금액],잔액_2022[통계목],$C30,잔액_2022[분류 항목],"유량")) -> 205195000 | I30: {=IFERROR(INDEX(잔액_2023[결의금액],MATCH(1,(잔액_2023[통계목]=$C30)*(잔액_2023[분류 항목]="유량"),0)),"")} -> 5940000 | J30: 100000000 | K30: =IF(SUMIFS(잔액_2024[결의금액],잔액_2024[통계목],$C30,잔액_2024[분류 항목],"유량")=0,"",SUMIFS(잔액_2024[결의금액],잔액_2024[통계목],$C30,잔액_2024[분류 항목],"유량")) | M30: =IF(SUMIFS(잔액_2025[결의금액],잔액_2025[통계목],$C30,잔액_2025[분류 항목],"유량")=0,"",SUMIFS(잔액_2025[결의금액],잔액_2025[통계목],$C30,잔액_2025[분류 항목],"유량"))
C31: 정책연구비 | G31: =IF(SUMIFS(잔액_2022[결의금액],잔액_2022[통계목],$C31,잔액_2022[분류 항목],"유량")=0,"",SUMIFS(잔액_2022[결의금액],잔액_2022[통계목],$C31,잔액_2022[분류 항목],"유량")) | I31: =IF(SUMIFS(잔액_2023[결의금액],잔액_2023[통계목],$C31,잔액_2023[분류 항목],"유량")=0,"",SUMIFS(잔액_2023[결의금액],잔액_2023[통계목],$C31,잔액_2023[분류 항목],"유량")) | K31: =IF(SUMIFS(잔액_2024[결의금액],잔액_2024[통계목],$C31,잔액_2024[분류 항목],"유량")=0,"",SUMIFS(잔액_2024[결의금액],잔액_2024[통계목],$C31,잔액_2024[분류 항목],"유량")) | M31: =IF(SUMIFS(잔액_2025[결의금액],잔액_2025[통계목],$C31,잔액_2025[분류 항목],"유량")=0,"",SUMIFS(잔액_2025[결의금액],잔액_2025[통계목],$C31,잔액_2025[분류 항목],"유량"))
B32: 민간이전 | C32: 소계 | D32: =D33 -> 0 | E32: =E33 -> 0 | F32: =F33 -> 0 | G32: =G33 | H32: =H33 -> 0 | I32: =I33 | J32: =J33 -> 92420395 | K32: =K33 | ... O32: =O33 -> 0
C33: 고용부담금 | G33: =IF(SUMIFS(잔액_2022[결의금액],잔액_2022[통계목],$C33,잔액_2022[분류 항목],"유량")=0,"",SUMIFS(잔액_2022[결의금액],잔액_2022[통계목],$C33,잔액_2022[분류 항목],"유량")) | I33: =IF(SUMIFS(잔액_2023[결의금액],잔액_2023[통계목],$C33,잔액_2023[분류 항목],"유량")=0,"",SUMIFS(잔액_2023[결의금액],잔액_2023[통계목],$C33,잔액_2023[분류 항목],"유량")) | J33: 92420395 | K33: =IF(SUMIFS(잔액_2024[결의금액],잔액_2024[통계목],$C33,잔액_2024[분류 항목],"유량")=0,"",SUMIFS(잔액_2024[결의금액],잔액_2024[통계목],$C33,잔액_2024[분류 항목],"유량")) | L33: 43268498 | M33: =IF(SUMIFS(잔액_2025[결의금액],잔액_2025[통계목],$C33,잔액_2025[분류 항목],"유량")=0,"",SUMIFS(잔액_2025[결의금액],잔액_2025[통계목],$C33,잔액_2025[분류 항목],"유량"))
B34: 건설비 | C34: 소계 | D34: =SUM(D35:D39) -> 0 | E34: =SUM(E35:E39) -> 0 | F34: =SUM(F35:F39) -> 0 | G34: =SUM(G35:G39) -> 0 | H34: =SUM(H35:H39) -> 0 | I34: =SUM(I35:I39) -> 0 | J34: =SUM(J35:J39) -> 691055018 | K34: =SUM(K35:K39) -> 0 | ... O34: =SUM(O35:O39) -> 0
C35: 기본조사설계비 | G35: =IF(SUMIFS(잔액_2022[결의금액],잔액_2022[통계목],$C35,잔액_2022[분류 항목],"유량")=0,"",SUMIFS(잔액_2022[결의금액],잔액_2022[통계목],$C35,잔액_2022[분류 항목],"유량")) | I35: =IF(SUMIFS(잔액_2023[결의금액],잔액_2023[통계목],$C35,잔액_2023[분류 항목],"유량")=0,"",SUMIFS(잔액_2023[결의금액],잔액_2023[통계목],$C35,잔액_2023[분류 항목],"유량")) | K35: =IF(SUMIFS(잔액_2024[결의금액],잔액_2024[통계목],$C35,잔액_2024[분류 항목],"유량")=0,"",SUMIFS(잔액_2024[결의금액],잔액_2024[통계목],$C35,잔액_2024[분류 항목],"유량")) | M35: =IF(SUMIFS(잔액_2025[결의금액],잔액_2025[통계목],$C35,잔액_2025[분류 항목],"유량")=0,"",SUMIFS(잔액_2025[결의금액],잔액_2025[통계목],$C35,잔액_2025[분류 항목],"유량"))
C36: 실시설계비 | G36: =IF(SUMIFS(잔액_2022[결의금액],잔액_2022[통계목],$C36,잔액_2022[분류 항목],"유량")=0,"",SUMIFS(잔액_2022[결의금액],잔액_2022[통계목],$C36,잔액_2022[분류 항목],"유량")) | I36: =IF(SUMIFS(잔액_2023[결의금액],잔액_2023[통계목],$C36,잔액_2023[분류 항목],"유량")=0,"",SUMIFS(잔액_2023[결의금액],잔액_2023[통계목],$C36,잔액_2023[분류 항목],"유량")) | K36: =IF(SUMIFS(잔액_2024[결의금액],잔액_2024[통계목],$C36,잔액_2024[분류 항목],"유량")=0,"",SUMIFS(잔액_2024[결의금액],잔액_2024[통계목],$C36,잔액_2024[분류 항목],"유량")) | M36: =IF(SUMIFS(잔액_2025[결의금액],잔액_2025[통계목],$C36,잔액_2025[분류 항목],"유량")=0,"",SUMIFS(잔액_2025[결의금액],잔액_2025[통계목],$C36,잔액_2025[분류 항목],"유량"))
C37: 공사비 | G37: =IF(SUMIFS(잔액_2022[결의금액],잔액_2022[통계목],$C37,잔액_2022[분류 항목],"유량")=0,"",SUMIFS(잔액_2022[결의금액],잔액_2022[통계목],$C37,잔액_2022[분류 항목],"유량")) | I37: =IF(SUMIFS(잔액_2023[결의금액],잔액_2023[통계목],$C37,잔액_2023[분류 항목],"유량")=0,"",SUMIFS(잔액_2023[결의금액],잔액_2023[통계목],$C37,잔액_2023[분류 항목],"유량")) | J37: 691055018 | K37: =IF(SUMIFS(잔액_2024[결의금액],잔액_2024[통계목],$C37,잔액_2024[분류 항목],"유량")=0,"",SUMIFS(잔액_2024[결의금액],잔액_2024[통계목],$C37,잔액_2024[분류 항목],"유량")) | L37: 10000000 | M37: =IF(SUMIFS(잔액_2025[결의금액],잔액_2025[통계목],$C37,잔액_2025[분류 항목],"유량")=0,"",SUMIFS(잔액_2025[결의금액],잔액_2025[통계목],$C37,잔액_2025[분류 항목],"유량"))
C38: 감리비 | G38: =IF(SUMIFS(잔액_2022[결의금액],잔액_2022[통계목],$C38,잔액_2022[분류 항목],"유량")=0,"",SUMIFS(잔액_2022[결의금액],잔액_2022[통계목],$C38,잔액_2022[분류 항목],"유량")) | I38: =IF(SUMIFS(잔액_2023[결의금액],잔액_2023[통계목],$C38,잔액_2023[분류 항목],"유량")=0,"",SUMIFS(잔액_2023[결의금액],잔액_2023[통계목],$C38,잔액_2023[분류 항목],"유량")) | K38: =IF(SUMIFS(잔액_2024[결의금액],잔액_2024[통계목],$C38,잔액_2024[분류 항목],"유량")=0,"",SUMIFS(잔액_2024[결의금액],잔액_2024[통계목],$C38,잔액_2024[분류 항목],"유량")) | M38: =IF(SUMIFS(잔액_2025[결의금액],잔액_2025[통계목],$C38,잔액_2025[분류 항목],"유량")=0,"",SUMIFS(잔액_2025[결의금액],잔액_2025[통계목],$C38,잔액_2025[분류 항목],"유량"))
C39: 시설부대비 | G39: =IF(SUMIFS(잔액_2022[결의금액],잔액_2022[통계목],$C39,잔액_2022[분류 항목],"유량")=0,"",SUMIFS(잔액_2022[결의금액],잔액_2022[통계목],$C39,잔액_2022[분류 항목],"유량")) | I39: =IF(SUMIFS(잔액_2023[결의금액],잔액_2023[통계목],$C39,잔액_2023[분류 항목],"유량")=0,"",SUMIFS(잔액_2023[결의금액],잔액_2023[통계목],$C39,잔액_2023[분류 항목],"유량")) | K39: =IF(SUMIFS(잔액_2024[결의금액],잔액_2024[통계목],$C39,잔액_2024[분류 항목],"유량")=0,"",SUMIFS(잔액_2024[결의금액],잔액_2024[통계목],$C39,잔액_2024[분류 항목],"유량")) | M39: =IF(SUMIFS(잔액_2025[결의금액],잔액_2025[통계목],$C39,잔액_2025[분류 항목],"유량")=0,"",SUMIFS(잔액_2025[결의금액],잔액_2025[통계목],$C39,잔액_2025[분류 항목],"유량"))
B40: 유형자산 | C40: 소계 | D40: =D41 -> 0 | E40: =E41 -> 0 | F40: =F41 -> 1249000000 | G40: =G41 -> 74944873 | H40: =H41 -> 0 | I40: =I41 | J40: =J41 -> 428867185 | K40: =K41 -> 158572855 | ... O40: =O41 -> 0
C41: 자산취득비 | F41: 1249000000 | G41: =IF(SUMIFS(잔액_2022[결의금액],잔액_2022[통계목],$C41,잔액_2022[분류 항목],"유량")=0,"",SUMIFS(잔액_2022[결의금액],잔액_2022[통계목],$C41,잔액_2022[분류 항목],"유량")) -> 74944873 | I41: =IF(SUMIFS(잔액_2023[결의금액],잔액_2023[통계목],$C41,잔액_2023[분류 항목],"유량")=0,"",SUMIFS(잔액_2023[결의금액],잔액_2023[통계목],$C41,잔액_2023[분류 항목],"유량")) | J41: 428867185 | K41: =IF(SUMIFS(잔액_2024[결의금액],잔액_2024[통계목],$C41,잔액_2024[분류 항목],"유량")=0,"",SUMIFS(잔액_2024[결의금액],잔액_2024[통계목],$C41,잔액_2024[분류 항목],"유량")) -> 158572855 | M41: =IF(SUMIFS(잔액_2025[결의금액],잔액_2025[통계목],$C41,잔액_2025[분류 항목],"유량")=0,"",SUMIFS(잔액_2025[결의금액],잔액_2025[통계목],$C41,잔액_2025[분류 항목],"유량")) -> 469893500 | N41: 600000000
B42: 무형자산 | C42: 소계 | D42: =D43 -> 0 | E42: =E43 -> 0 | F42: =F43 -> 0 | G42: =G43 | H42: =H43 -> 0 | I42: =I43 | J42: =J43 -> 12500000 | K42: =K43 | ... O42: =O43 -> 0
C43: 무형자산 | G43: =IF(SUMIFS(잔액_2022[결의금액],잔액_2022[통계목],$C43,잔액_2022[분류 항목],"유량")=0,"",SUMIFS(잔액_2022[결의금액],잔액_2022[통계목],$C43,잔액_2022[분류 항목],"유량")) | I43: =IF(SUMIFS(잔액_2023[결의금액],잔액_2023[통계목],$C43,잔액_2023[분류 항목],"유량")=0,"",SUMIFS(잔액_2023[결의금액],잔액_2023[통계목],$C43,잔액_2023[분류 항목],"유량")) | J43: 12500000 | K43: =IF(SUMIFS(잔액_2024[결의금액],잔액_2024[통계목],$C43,잔액_2024[분류 항목],"유량")=0,"",SUMIFS(잔액_2024[결의금액],잔액_2024[통계목],$C43,잔액_2024[분류 항목],"유량")) | M43: =IF(SUMIFS(잔액_2025[결의금액],잔액_2025[통계목],$C43,잔액_2025[분류 항목],"유량")=0,"",SUMIFS(잔액_2025[결의금액],잔액_2025[통계목],$C43,잔액_2025[분류 항목],"유량"))
B44: 예비비 및 기타 | C44: 소계 | D44: =D45 -> 0 | E44: =E45 -> 0 | F44: =F45 -> 0 | G44: =G45 | H44: =H45 -> 0 | I44: =I45 | J44: =J45 -> 0 | K44: =K45 | ... O44: =O45 -> 0
C45: 예비비 | G45: =IF(SUMIFS(잔액_2022[결의금액],잔액_2022[통계목],$C45,잔액_2022[분류 항목],"유량")=0,"",SUMIFS(잔액_2022[결의금액],잔액_2022[통계목],$C45,잔액_2022[분류 항목],"유량")) | I45: =IF(SUMIFS(잔액_2023[결의금액],잔액_2023[통계목],$C45,잔액_2023[분류 항목],"유량")=0,"",SUMIFS(잔액_2023[결의금액],잔액_2023[통계목],$C45,잔액_2023[분류 항목],"유량")) | K45: =IF(SUMIFS(잔액_2024[결의금액],잔액_2024[통계목],$C45,잔액_2024[분류 항목],"유량")=0,"",SUMIFS(잔액_2024[결의금액],잔액_2024[통계목],$C45,잔액_2024[분류 항목],"유량")) | M45: =IF(SUMIFS(잔액_2025[결의금액],잔액_2025[통계목],$C45,잔액_2025[분류 항목],"유량")=0,"",SUMIFS(잔액_2025[결의금액],잔액_2025[통계목],$C45,잔액_2025[분류 항목],"유량"))
B46: 일반관리비 | C46: 소계 | D46: =D47 -> 0 | E46: =E47 -> 0 | F46: =F47 -> 0 | G46: =G47 | H46: =H47 -> 0 | I46: =I47 | J46: =J47 -> 0 | K46: =K47 | ... O46: =O47 -> 0
C47: 일반관리비 | G47: =IF(SUMIFS(잔액_2022[결의금액],잔액_2022[통계목],$C47,잔액_2022[분류 항목],"유량")=0,"",SUMIFS(잔액_2022[결의금액],잔액_2022[통계목],$C47,잔액_2022[분류 항목],"유량")) | I47: =IF(SUMIFS(잔액_2023[결의금액],잔액_2023[통계목],$C47,잔액_2023[분류 항목],"유량")=0,"",SUMIFS(잔액_2023[결의금액],잔액_2023[통계목],$C47,잔액_2023[분류 항목],"유량")) | K47: =IF(SUMIFS(잔액_2024[결의금액],잔액_2024[통계목],$C47,잔액_2024[분류 항목],"유량")=0,"",SUMIFS(잔액_2024[결의금액],잔액_2024[통계목],$C47,잔액_2024[분류 항목],"유량")) | M47: =IF(SUMIFS(잔액_2025[결의금액],잔액_2025[통계목],$C47,잔액_2025[분류 항목],"유량")=0,"",SUMIFS(잔액_2025[결의금액],잔액_2025[통계목],$C47,잔액_2025[분류 항목],"유량"))

Sheet 유사량
B1: 유사량
B2: 편성목 | C2: 통계목 | D2: 2021년 | F2: 2022년 | H2: 2023년 | J2: 2024년 | L2: 2025년 | N2: 2026년
D3: 실행예산 | E3: 잔액 예산 | F3: 실행예산 | G3: 잔액 예산 | H3: 실행예산 | I3: 잔액 예산 | J3: 실행예산 | K3: 잔액 예산 | L3: 실행예산 | M3: 잔액 예산 | N3: 실행예산 | O3: 잔액 예산
B4: 합계 | D4: =SUM(D5,D10,D23,D26,D29,D32,D34,D40,D42,D44,D46) -> 337965730 | E4: =SUM(E5,E10,E23,E26,E29,E32,E34,E40,E42,E44,E46) -> 0 | F4: =SUM(F5,F10,F23,F26,F29,F32,F34,F40,F42,F44,F46) -> 356000000 | G4: =SUM(G5,G10,G23,G26,G29,G32,G34,G40,G42,G44,G46) -> 19025280 | H4: =SUM(H5,H10,H23,H26,H29,H32,H34,H40,H42,H44,H46) -> 416083240 | I4: =SUM(I5,I10,I23,I26,I29,I32,I34,I40,I42,I44,I46) -> 109142000 | J4: =SUM(J5,J10,J23,J26,J29,J32,J34,J40,J42,J44,J46) -> 221000000 | K4: =SUM(K5,K10,K23,K26,K29,K32,K34,K40,K42,K44,K46) -> 0 | ... O4: =SUM(O5,O10,O23,O26,O29,O32,O34,O40,O42,O44,O46) -> 0
B5: 인건비 | C5: 소계 | D5: =SUM(D6:D9) -> 88000000 | E5: =SUM(E6:E9) -> 0 | F5: =SUM(F6:F9) -> 164000000 | G5: =SUM(G6:G9) -> 0 | H5: =SUM(H6:H9) -> 213508440 | I5: =SUM(I6:I9) -> 0 | J5: =SUM(J6:J9) -> 52067667 | K5: =SUM(K6:K9) -> 0 | ... O5: =SUM(O6:O9) -> 0
C6: 보수 | G6: =IF(SUMIFS(잔액_2022[결의금액],잔액_2022[통계목],$C6,잔액_2022[분류 항목],"유사량")=0,"",SUMIFS(잔액_2022[결의금액],잔액_2022[통계목],$C6,잔액_2022[분류 항목],"유사량")) | I6: =IF(SUMIFS(잔액_2023[결의금액],잔액_2023[통계목],$C6,잔액_2023[분류 항목],"유사량")=0,"",SUMIFS(잔액_2023[결의금액],잔액_2023[통계목],$C6,잔액_2023[분류 항목],"유사량")) | K6: =IF(SUMIFS(잔액_2024[결의금액],잔액_2024[통계목],$C6,잔액_2024[분류 항목],"유사량")=0,"",SUMIFS(잔액_2024[결의금액],잔액_2024[통계목],$C6,잔액_2024[분류 항목],"유사량")) | M6: =IF(SUMIFS(잔액_2025[결의금액],잔액_2025[통계목],$C6,잔액_2025[분류 항목],"유사량")=0,"",SUMIFS(잔액_2025[결의금액],잔액_2025[통계목],$C6,잔액_2025[분류 항목],"유사량"))
C7: 기타직보수 | G7: =IF(SUMIFS(잔액_2022[결의금액],잔액_2022[통계목],$C7,잔액_2022[분류 항목],"유사량")=0,"",SUMIFS(잔액_2022[결의금액],잔액_2022[통계목],$C7,잔액_2022[분류 항목],"유사량")) | I7: =IF(SUMIFS(잔액_2023[결의금액],잔액_2023[통계목],$C7,잔액_2023[분류 항목],"유사량")=0,"",SUMIFS(잔액_2023[결의금액],잔액_2023[통계목],$C7,잔액_2023[분류 항목],"유사량")) | K7: =IF(SUMIFS(잔액_2024[결의금액],잔액_2024[통계목],$C7,잔액_2024[분류 항목],"유사량")=0,"",SUMIFS(잔액_2024[결의금액],잔액_2024[통계목],$C7,잔액_2024[분류 항목],"유사량")) | M7: =IF(SUMIFS(잔액_2025[결의금액],잔액_2025[통계목],$C7,잔액_2025[분류 항목],"유사량")=0,"",SUMIFS(잔액_2025[결의금액],잔액_2025[통계목],$C7,잔액_2025[분류 항목],"유사량"))
C8: 상용임금 | F8: 164000000 | G8: =IF(SUMIFS(잔액_2022[결의금액],잔액_2022[통계목],$C8,잔액_2022[분류 항목],"유사량")=0,"",SUMIFS(잔액_2022[결의금액],잔액_2022[통계목],$C8,잔액_2022[분류 항목],"유사량")) | H8: 213508440 | I8: =IF(SUMIFS(잔액_2023[결의금액],잔액_2023[통계목],$C8,잔액_2023[분류 항목],"유사량")=0,"",SUMIFS(잔액_2023[결의금액],잔액_2023[통계목],$C8,잔액_2023[분류 항목],"유사량")) | J8: 52067667 | K8: =IF(SUMIFS(잔액_2024[결의금액],잔액_2024[통계목],$C8,잔액_2024[분류 항목],"유사량")=0,"",SUMIFS(잔액_2024[결의금액],잔액_2024[통계목],$C8,잔액_2024[분류 항목],"유사량")) | L8: 70200000 | M8: =IF(SUMIFS(잔액_2025[결의금액],잔액_2025[통계목],$C8,잔액_2025[분류 항목],"유사량")=0,"",SUMIFS(잔액_2025[결의금액],잔액_2025[통계목],$C8,잔액_2025[분류 항목],"유사량")) | N8: 79015500
C9: 일용임금 | D9: 88000000 | G9: =IF(SUMIFS(잔액_2022[결의금액],잔액_2022[통계목],$C9,잔액_2022[분류 항목],"유사량")=0,"",SUMIFS(잔액_2022[결의금액],잔액_2022[통계목],$C9,잔액_2022[분류 항목],"유사량")) | I9: =IF(SUMIFS(잔액_2023[결의금액],잔액_2023[통계목],$C9,잔액_2023[분류 항목],"유사량")=0,"",SUMIFS(잔액_2023[결의금액],잔액_2023[통계목],$C9,잔액_2023[분류 항목],"유사량")) | K9: =IF(SUMIFS(잔액_2024[결의금액],잔액_2024[통계목],$C9,잔액_2024[분류 항목],"유사량")=0,"",SUMIFS(잔액_2024[결의금액],잔액_2024[통계목],$C9,잔액_2024[분류 항목],"유사량")) | M9: =IF(SUMIFS(잔액_2025[결의금액],잔액_2025[통계목],$C9,잔액_2025[분류 항목],"유사량")=0,"",SUMIFS(잔액_2025[결의금액],잔액_2025[통계목],$C9,잔액_2025[분류 항목],"유사량"))
B10: 운영비 | C10: 소계 | D10: =SUM(D11:D22) -> 215513530 | E10: =SUM(E11:E22) -> 0 | F10: =SUM(F11:F22) -> 139000000 | G10: =SUM(G11:G22) -> 0 | H10: =SUM(H11:H22) -> 150414800 | I10: =SUM(I11:I22) -> 0 | J10: =SUM(J11:J22) -> 81296743 | K10: =SUM(K11:K22) -> 0 | ... O10: =SUM(O11:O22) -> 0
C11: 일반수용비 | D11: 211694530 | F11: 32000000 | G11: =IF(SUMIFS(잔액_2022[결의금액],잔액_2022[통계목],$C11,잔액_2022[분류 항목],"유사량")=0,"",SUMIFS(잔액_2022[결의금액],잔액_2022[통계목],$C11,잔액_2022[분류 항목],"유사량")) | H11: 29160000 | I11: =IF(SUMIFS(잔액_2023[결의금액],잔액_2023[통계목],$C11,잔액_2023[분류 항목],"유사량")=0,"",SUMIFS(잔액_2023[결의금액],잔액_2023[통계목],$C11,잔액_2023[분류 항목],"유사량")) | J11: 38800000 | K11: =IF(SUMIFS(잔액_2024[결의금액],잔액_2024[통계목],$C11,잔액_2024[분류 항목],"유사량")=0,"",SUMIFS(잔액_2024[결의금액],잔액_2024[통계목],$C11,잔액_2024[분류 항목],"유사량")) | L11: 41660000 | M11: =IF(SUMIFS(잔액_2025[결의금액],잔액_2025[통계목],$C11,잔액_2025[분류 항목],"유사량")=0,"",SUMIFS(잔액_2025[결의금액],잔액_2025[통계목],$C11,잔액_2025[분류 항목],"유사량")) | N11: 25853570
C12: 공공요금 및 제세 | G12: =IF(SUMIFS(잔액_2022[결의금액],잔액_2022[통계목],$C12,잔액_2022[분류 항목],"유사량")=0,"",SUMIFS(잔액_2022[결의금액],잔액_2022[통계목],$C12,잔액_2022[분류 항목],"유사량")) | H12: 100000 | I12: =IF(SUMIFS(잔액_2023[결의금액],잔액_2023[통계목],$C12,잔액_2023[분류 항목],"유사량")=0,"",SUMIFS(잔액_2023[결의금액],잔액_2023[통계목],$C12,잔액_2023[분류 항목],"유사량")) | K12: =IF(SUMIFS(잔액_2024[결의금액],잔액_2024[통계목],$C12,잔액_2024[분류 항목],"유사량")=0,"",SUMIFS(잔액_2024[결의금액],잔액_2024[통계목],$C12,잔액_2024[분류 항목],"유사량")) | L12: 100000 | M12: =IF(SUMIFS(잔액_2025[결의금액],잔액_2025[통계목],$C12,잔액_2025[분류 항목],"유사량")=0,"",SUMIFS(잔액_2025[결의금액],잔액_2025[통계목],$C12,잔액_2025[분류 항목],"유사량"))
C13: 피복비 | G13: =IF(SUMIFS(잔액_2022[결의금액],잔액_2022[통계목],$C13,잔액_2022[분류 항목],"유사량")=0,"",SUMIFS(잔액_2022[결의금액],잔액_2022[통계목],$C13,잔액_2022[분류 항목],"유사량")) | I13: =IF(SUMIFS(잔액_2023[결의금액],잔액_2023[통계목],$C13,잔액_2023[분류 항목],"유사량")=0,"",SUMIFS(잔액_2023[결의금액],잔액_2023[통계목],$C13,잔액_2023[분류 항목],"유사량")) | K13: =IF(SUMIFS(잔액_2024[결의금액],잔액_2024[통계목],$C13,잔액_2024[분류 항목],"유사량")=0,"",SUMIFS(잔액_2024[결의금액],잔액_2024[통계목],$C13,잔액_2024[분류 항목],"유사량")) | M13: =IF(SUMIFS(잔액_2025[결의금액],잔액_2025[통계목],$C13,잔액_2025[분류 항목],"유사량")=0,"",SUMIFS(잔액_2025[결의금액],잔액_2025[통계목],$C13,잔액_2025[분류 항목],"유사량"))
C14: 특근매식비 | G14: =IF(SUMIFS(잔액_2022[결의금액],잔액_2022[통계목],$C14,잔액_2022[분류 항목],"유사량")=0,"",SUMIFS(잔액_2022[결의금액],잔액_2022[통계목],$C14,잔액_2022[분류 항목],"유사량")) | I14: =IF(SUMIFS(잔액_2023[결의금액],잔액_2023[통계목],$C14,잔액_2023[분류 항목],"유사량")=0,"",SUMIFS(잔액_2023[결의금액],잔액_2023[통계목],$C14,잔액_2023[분류 항목],"유사량")) | K14: =IF(SUMIFS(잔액_2024[결의금액],잔액_2024[통계목],$C14,잔액_2024[분류 항목],"유사량")=0,"",SUMIFS(잔액_2024[결의금액],잔액_2024[통계목],$C14,잔액_2024[분류 항목],"유사량")) | M14: =IF(SUMIFS(잔액_2025[결의금액],잔액_2025[통계목],$C14,잔액_2025[분류 항목],"유사량")=0,"",SUMIFS(잔액_2025[결의금액],잔액_2025[통계목],$C14,잔액_2025[분류 항목],"유사량"))
C15: 임차료 | F15: 87000000 | G15: =IF(SUMIFS(잔액_2022[결의금액],잔액_2022[통계목],$C15,잔액_2022[분류 항목],"유사량")=0,"",SUMIFS(잔액_2022[결의금액],잔액_2022[통계목],$C15,잔액_2022[분류 항목],"유사량")) | H15: 67354800 | I15: =IF(SUMIFS(잔액_2023[결의금액],잔액_2023[통계목],$C15,잔액_2023[분류 항목],"유사량")=0,"",SUMIFS(잔액_2023[결의금액],잔액_2023[통계목],$C15,잔액_2023[분류 항목],"유사량")) | J15: 31000000 | K15: =IF(SUMIFS(잔액_2024[결의금액],잔액_2024[통계목],$C15,잔액_2024[분류 항목],"유사량")=0,"",SUMIFS(잔액_2024[결의금액],잔액_2024[통계목],$C15,잔액_2024[분류 항목],"유사량")) | L15: 21600000 | M15: =IF(SUMIFS(잔액_2025[결의금액],잔액_2025[통계목],$C15,잔액_2025[분류 항목],"유사량")=0,"",SUMIFS(잔액_2025[결의금액],잔액_2025[통계목],$C15,잔액_2025[분류 항목],"유사량")) | N15: 18000000
C16: 유류비 | D16: 3819000 | F16: 7000000 | G16: =IF(SUMIFS(잔액_2022[결의금액],잔액_2022[통계목],$C16,잔액_2022[분류 항목],"유사량")=0,"",SUMIFS(잔액_2022[결의금액],잔액_2022[통계목],$C16,잔액_2022[분류 항목],"유사량")) | H16: 6000000 | I16: =IF(SUMIFS(잔액_2023[결의금액],잔액_2023[통계목],$C16,잔액_2023[분류 항목],"유사량")=0,"",SUMIFS(잔액_2023[결의금액],잔액_2023[통계목],$C16,잔액_2023[분류 항목],"유사량")) | J16: 10000000 | K16: =IF(SUMIFS(잔액_2024[결의금액],잔액_2024[통계목],$C16,잔액_2024[분류 항목],"유사량")=0,"",SUMIFS(잔액_2024[결의금액],잔액_2024[통계목],$C16,잔액_2024[분류 항목],"유사량")) | L16: 3000000 | M16: =IF(SUMIFS(잔액_2025[결의금액],잔액_2025[통계목],$C16,잔액_2025[분류 항목],"유사량")=0,"",SUMIFS(잔액_2025[결의금액],잔액_2025[통계목],$C16,잔액_2025[분류 항목],"유사량")) | N16: 1500000
C17: 시설장비유지비 | G17: =IF(SUMIFS(잔액_2022[결의금액],잔액_2022[통계목],$C17,잔액_2022[분류 항목],"유사량")=0,"",SUMIFS(잔액_2022[결의금액],잔액_2022[통계목],$C17,잔액_2022[분류 항목],"유사량")) | I17: =IF(SUMIFS(잔액_2023[결의금액],잔액_2023[통계목],$C17,잔액_2023[분류 항목],"유사량")=0,"",SUMIFS(잔액_2023[결의금액],잔액_2023[통계목],$C17,잔액_2023[분류 항목],"유사량")) | K17: =IF(SUMIFS(잔액_2024[결의금액],잔액_2024[통계목],$C17,잔액_2024[분류 항목],"유사량")=0,"",SUMIFS(잔액_2024[결의금액],잔액_2024[통계목],$C17,잔액_2024[분류 항목],"유사량")) | M17: =IF(SUMIFS(잔액_2025[결의금액],잔액_2025[통계목],$C17,잔액_2025[분류 항목],"유사량")=0,"",SUMIFS(잔액_2025[결의금액],잔액_2025[통계목],$C17,잔액_2025[분류 항목],"유사량")) | N17: 8000000
C18: 재료비 | F18: 13000000 | G18: =IF(SUMIFS(잔액_2022[결의금액],잔액_2022[통계목],$C18,잔액_2022[분류 항목],"유사량")=0,"",SUMIFS(잔액_2022[결의금액],잔액_2022[통계목],$C18,잔액_2022[분류 항목],"유사량")) | H18: 47800000 | I18: =IF(SUMIFS(잔액_2023[결의금액],잔액_2023[통계목],$C18,잔액_2023[분류 항목],"유사량")=0,"",SUMIFS(잔액_2023[결의금액],잔액_2023[통계목],$C18,잔액_2023[분류 항목],"유사량")) | J18: 1496743 | K18: =IF(SUMIFS(잔액_2024[결의금액],잔액_2024[통계목],$C18,잔액_2024[분류 항목],"유사량")=0,"",SUMIFS(잔액_2024[결의금액],잔액_2024[통계목],$C18,잔액_2024[분류 항목],"유사량")) | L18: 7000000 | M18: =IF(SUMIFS(잔액_2025[결의금액],잔액_2025[통계목],$C18,잔액_2025[분류 항목],"유사량")=0,"",SUMIFS(잔액_2025[결의금액],잔액_2025[통계목],$C18,잔액_2025[분류 항목],"유사량")) | N18: 3628000
C19: 복리후생비 | G19: =IF(SUMIFS(잔액_2022[결의금액],잔액_2022[통계목],$C19,잔액_2022[분류 항목],"유사량")=0,"",SUMIFS(잔액_2022[결의금액],잔액_2022[통계목],$C19,잔액_2022[분류 항목],"유사량")) | I19: =IF(SUMIFS(잔액_2023[결의금액],잔액_2023[통계목],$C19,잔액_2023[분류 항목],"유사량")=0,"",SUMIFS(잔액_2023[결의금액],잔액_2023[통계목],$C19,잔액_2023[분류 항목],"유사량")) | K19: =IF(SUMIFS(잔액_2024[결의금액],잔액_2024[통계목],$C19,잔액_2024[분류 항목],"유사량")=0,"",SUMIFS(잔액_2024[결의금액],잔액_2024[통계목],$C19,잔액_2024[분류 항목],"유사량")) | M19: =IF(SUMIFS(잔액_2025[결의금액],잔액_2025[통계목],$C19,잔액_2025[분류 항목],"유사량")=0,"",SUMIFS(잔액_2025[결의금액],잔액_2025[통계목],$C19,잔액_2025[분류 항목],"유사량"))
C20: 일반용역비 | G20: =IF(SUMIFS(잔액_2022[결의금액],잔액_2022[통계목],$C20,잔액_2022[분류 항목],"유사량")=0,"",SUMIFS(잔액_2022[결의금액],잔액_2022[통계목],$C20,잔액_2022[분류 항목],"유사량")) | I20: =IF(SUMIFS(잔액_2023[결의금액],잔액_2023[통계목],$C20,잔액_2023[분류 항목],"유사량")=0,"",SUMIFS(잔액_2023[결의금액],잔액_2023[통계목],$C20,잔액_2023[분류 항목],"유사량")) | K20: =IF(SUMIFS(잔액_2024[결의금액],잔액_2024[통계목],$C20,잔액_2024[분류 항목],"유사량")=0,"",SUMIFS(잔액_2024[결의금액],잔액_2024[통계목],$C20,잔액_2024[분류 항목],"유사량")) | M20: =IF(SUMIFS(잔액_2025[결의금액],잔액_2025[통계목],$C20,잔액_2025[분류 항목],"유사량")=0,"",SUMIFS(잔액_2025[결의금액],잔액_2025[통계목],$C20,잔액_2025[분류 항목],"유사량"))
C21: 관리용역비 | G21: =IF(SUMIFS(잔액_2022[결의금액],잔액_2022[통계목],$C21,잔액_2022[분류 항목],"유사량")=0,"",SUMIFS(잔액_2022[결의금액],잔액_2022[통계목],$C21,잔액_2022[분류 항목],"유사량")) | I21: =IF(SUMIFS(잔액_2023[결의금액],잔액_2023[통계목],$C21,잔액_2023[분류 항목],"유사량")=0,"",SUMIFS(잔액_2023[결의금액],잔액_2023[통계목],$C21,잔액_2023[분류 항목],"유사량")) | K21: =IF(SUMIFS(잔액_2024[결의금액],잔액_2024[통계목],$C21,잔액_2024[분류 항목],"유사량")=0,"",SUMIFS(잔액_2024[결의금액],잔액_2024[통계목],$C21,잔액_2024[분류 항목],"유사량")) | M21: =IF(SUMIFS(잔액_2025[결의금액],잔액_2025[통계목],$C21,잔액_2025[분류 항목],"유사량")=0,"",SUMIFS(잔액_2025[결의금액],잔액_2025[통계목],$C21,잔액_2025[분류 항목],"유사량")) | N21: 7392000
C22: 기타운영비 | G22: =IF(SUMIFS(잔액_2022[결의금액],잔액_2022[통계목],$C22,잔액_2022[분류 항목],"유사량")=0,"",SUMIFS(잔액_2022[결의금액],잔액_2022[통계목],$C22,잔액_2022[분류 항목],"유사량")) | I22: =IF(SUMIFS(잔액_2023[결의금액],잔액_2023[통계목],$C22,잔액_2023[분류 항목],"유사량")=0,"",SUMIFS(잔액_2023[결의금액],잔액_2023[통계목],$C22,잔액_2023[분류 항목],"유사량")) | K22: =IF(SUMIFS(잔액_2024[결의금액],잔액_2024[통계목],$C22,잔액_2024[분류 항목],"유사량")=0,"",SUMIFS(잔액_2024[결의금액],잔액_2024[통계목],$C22,잔액_2024[분류 항목],"유사량")) | M22: =IF(SUMIFS(잔액_2025[결의금액],잔액_2025[통계목],$C22,잔액_2025[분류 항목],"유사량")=0,"",SUMIFS(잔액_2025[결의금액],잔액_2025[통계목],$C22,잔액_2025[분류 항목],"유사량"))
B23: 여비 | C23: 소계 | D23: =SUM(D24:D25) -> 34452200 | E23: =SUM(E24:E25) -> 0 | F23: =SUM(F24:F25) -> 45000000 | G23: =SUM(G24:G25) -> 0 | H23: =SUM(H24:H25) -> 52160000 | I23: =SUM(I24:I25) -> 0 | J23: =SUM(J24:J25) -> 33160000 | K23: =SUM(K24:K25) -> 0 | ... O23: =SUM(O24:O25) -> 0
C24: 국내여비 | D24: 34452200 | F24: 45000000 | G24: =IF(SUMIFS(잔액_2022[결의금액],잔액_2022[통계목],$C24,잔액_2022[분류 항목],"유사량")=0,"",SUMIFS(잔액_2022[결의금액],잔액_2022[통계목],$C24,잔액_2022[분류 항목],"유사량")) | H24: 52160000 | I24: =IF(SUMIFS(잔액_2023[결의금액],잔액_2023[통계목],$C24,잔액_2023[분류 항목],"유사량")=0,"",SUMIFS(잔액_2023[결의금액],잔액_2023[통계목],$C24,잔액_2023[분류 항목],"유사량")) | J24: 33160000 | K24: =IF(SUMIFS(잔액_2024[결의금액],잔액_2024[통계목],$C24,잔액_2024[분류 항목],"유사량")=0,"",SUMIFS(잔액_2024[결의금액],잔액_2024[통계목],$C24,잔액_2024[분류 항목],"유사량")) | L24: 24630600 | M24: =IF(SUMIFS(잔액_2025[결의금액],잔액_2025[통계목],$C24,잔액_2025[분류 항목],"유사량")=0,"",SUMIFS(잔액_2025[결의금액],잔액_2025[통계목],$C24,잔액_2025[분류 항목],"유사량")) | N24: 10870000
C25: 국외업무여비 | G25: =IF(SUMIFS(잔액_2022[결의금액],잔액_2022[통계목],$C25,잔액_2022[분류 항목],"유사량")=0,"",SUMIFS(잔액_2022[결의금액],잔액_2022[통계목],$C25,잔액_2022[분류 항목],"유사량")) | I25: =IF(SUMIFS(잔액_2023[결의금액],잔액_2023[통계목],$C25,잔액_2023[분류 항목],"유사량")=0,"",SUMIFS(잔액_2023[결의금액],잔액_2023[통계목],$C25,잔액_2023[분류 항목],"유사량")) | K25: =IF(SUMIFS(잔액_2024[결의금액],잔액_2024[통계목],$C25,잔액_2024[분류 항목],"유사량")=0,"",SUMIFS(잔액_2024[결의금액],잔액_2024[통계목],$C25,잔액_2024[분류 항목],"유사량")) | M25: =IF(SUMIFS(잔액_2025[결의금액],잔액_2025[통계목],$C25,잔액_2025[분류 항목],"유사량")=0,"",SUMIFS(잔액_2025[결의금액],잔액_2025[통계목],$C25,잔액_2025[분류 항목],"유사량"))
B26: 업무추진비 | C26: 소계 | D26: =SUM(D27:D28) -> 0 | E26: =SUM(E27:E28) -> 0 | F26: =SUM(F27:F28) -> 0 | G26: =SUM(G27:G28) -> 0 | H26: =SUM(H27:H28) -> 0 | I26: =SUM(I27:I28) -> 0 | J26: =SUM(J27:J28) -> 0 | K26: =SUM(K27:K28) -> 0 | ... O26: =SUM(O27:O28) -> 0
C27: 사업추진비 | G27: =IF(SUMIFS(잔액_2022[결의금액],잔액_2022[통계목],$C27,잔액_2022[분류 항목],"유사량")=0,"",SUMIFS(잔액_2022[결의금액],잔액_2022[통계목],$C27,잔액_2022[분류 항목],"유사량")) | I27: =IF(SUMIFS(잔액_2023[결의금액],잔액_2023[통계목],$C27,잔액_2023[분류 항목],"유사량")=0,"",SUMIFS(잔액_2023[결의금액],잔액_2023[통계목],$C27,잔액_2023[분류 항목],"유사량")) | K27: =IF(SUMIFS(잔액_2024[결의금액],잔액_2024[통계목],$C27,잔액_2024[분류 항목],"유사량")=0,"",SUMIFS(잔액_2024[결의금액],잔액_2024[통계목],$C27,잔액_2024[분류 항목],"유사량")) | M27: =IF(SUMIFS(잔액_2025[결의금액],잔액_2025[통계목],$C27,잔액_2025[분류 항목],"유사량")=0,"",SUMIFS(잔액_2025[결의금액],잔액_2025[통계목],$C27,잔액_2025[분류 항목],"유사량"))
C28: 관서업무추진비 | G28: =IF(SUMIFS(잔액_2022[결의금액],잔액_2022[통계목],$C28,잔액_2022[분류 항목],"유사량")=0,"",SUMIFS(잔액_2022[결의금액],잔액_2022[통계목],$C28,잔액_2022[분류 항목],"유사량")) | I28: =IF(SUMIFS(잔액_2023[결의금액],잔액_2023[통계목],$C28,잔액_2023[분류 항목],"유사량")=0,"",SUMIFS(잔액_2023[결의금액],잔액_2023[통계목],$C28,잔액_2023[분류 항목],"유사량")) | K28: =IF(SUMIFS(잔액_2024[결의금액],잔액_2024[통계목],$C28,잔액_2024[분류 항목],"유사량")=0,"",SUMIFS(잔액_2024[결의금액],잔액_2024[통계목],$C28,잔액_2024[분류 항목],"유사량")) | M28: =IF(SUMIFS(잔액_2025[결의금액],잔액_2025[통계목],$C28,잔액_2025[분류 항목],"유사량")=0,"",SUMIFS(잔액_2025[결의금액],잔액_2025[통계목],$C28,잔액_2025[분류 항목],"유사량"))
B29: 연구용역비 | C29: 소계 | D29: =SUM(D30:D31) -> 0 | E29: =SUM(E30:E31) -> 0 | F29: =SUM(F30:F31) -> 0 | G29: =SUM(G30:G31) -> 0 | H29: =SUM(H30:H31) -> 0 | I29: =SUM(I30:I31) -> 0 | J29: =SUM(J30:J31) -> 10000000 | K29: =SUM(K30:K31) -> 0 | ... O29: =SUM(O30:O31) -> 0
C30: 일반연구비 | G30: =IF(SUMIFS(잔액_2022[결의금액],잔액_2022[통계목],$C30,잔액_2022[분류 항목],"유사량")=0,"",SUMIFS(잔액_2022[결의금액],잔액_2022[통계목],$C30,잔액_2022[분류 항목],"유사량")) | I30: {=IFERROR(INDEX(잔액_2023[결의금액],MATCH(1,(잔액_2023[통계목]=$C30)*(잔액_2023[분류 항목]="유사량"),0)),"")} | J30: 10000000 | K30: =IF(SUMIFS(잔액_2024[결의금액],잔액_2024[통계목],$C30,잔액_2024[분류 항목],"유사량")=0,"",SUMIFS(잔액_2024[결의금액],잔액_2024[통계목],$C30,잔액_2024[분류 항목],"유사량")) | M30: =IF(SUMIFS(잔액_2025[결의금액],잔액_2025[통계목],$C30,잔액_2025[분류 항목],"유사량")=0,"",SUMIFS(잔액_2025[결의금액],잔액_2025[통계목],$C30,잔액_2025[분류 항목],"유사량"))
C31: 정책연구비 | G31: =IF(SUMIFS(잔액_2022[결의금액],잔액_2022[통계목],$C31,잔액_2022[분류 항목],"유사량")=0,"",SUMIFS(잔액_2022[결의금액],잔액_2022[통계목],$C31,잔액_2022[분류 항목],"유사량")) | I31: =IF(SUMIFS(잔액_2023[결의금액],잔액_2023[통계목],$C31,잔액_2023[분류 항목],"유사량")=0,"",SUMIFS(잔액_2023[결의금액],잔액_2023[통계목],$C31,잔액_2023[분류 항목],"유사량")) | K31: =IF(SUMIFS(잔액_2024[결의금액],잔액_2024[통계목],$C31,잔액_2024[분류 항목],"유사량")=0,"",SUMIFS(잔액_2024[결의금액],잔액_2024[통계목],$C31,잔액_2024[분류 항목],"유사량")) | M31: =IF(SUMIFS(잔액_2025[결의금액],잔액_2025[통계목],$C31,잔액_2025[분류 항목],"유사량")=0,"",SUMIFS(잔액_2025[결의금액],잔액_2025[통계목],$C31,잔액_2025[분류 항목],"유사량"))
B32: 민간이전 | C32: 소계 | D32: =D33 -> 0 | E32: =E33 -> 0 | F32: =F33 -> 0 | G32: =G33 | H32: =H33 -> 0 | I32: =I33 | J32: =J33 -> 6975590 | K32: =K33 | ... O32: =O33 -> 0
C33: 고용부담금 | G33: =IF(SUMIFS(잔액_2022[결의금액],잔액_2022[통계목],$C33,잔액_2022[분류 항목],"유사량")=0,"",SUMIFS(잔액_2022[결의금액],잔액_2022[통계목],$C33,잔액_2022[분류 항목],"유사량")) | I33: =IF(SUMIFS(잔액_2023[결의금액],잔액_2023[통계목],$C33,잔액_2023[분류 항목],"유사량")=0,"",SUMIFS(잔액_2023[결의금액],잔액_2023[통계목],$C33,잔액_2023[분류 항목],"유사량")) | J33: 6975590 | K33: =IF(SUMIFS(잔액_2024[결의금액],잔액_2024[통계목],$C33,잔액_2024[분류 항목],"유사량")=0,"",SUMIFS(잔액_2024[결의금액],잔액_2024[통계목],$C33,잔액_2024[분류 항목],"유사량")) | L33: 6809400 | M33: =IF(SUMIFS(잔액_2025[결의금액],잔액_2025[통계목],$C33,잔액_2025[분류 항목],"유사량")=0,"",SUMIFS(잔액_2025[결의금액],잔액_2025[통계목],$C33,잔액_2025[분류 항목],"유사량")) | N33: 4740930
B34: 건설비 | C34: 소계 | D34: =SUM(D35:D39) -> 0 | E34: =SUM(E35:E39) -> 0 | F34: =SUM(F35:F39) -> 6000000 | G34: =SUM(G35:G39) -> 0 | H34: =SUM(H35:H39) -> 0 | I34: =SUM(I35:I39) -> 0 | J34: =SUM(J35:J39) -> 0 | K34: =SUM(K35:K39) -> 0 | ... O34: =SUM(O35:O39) -> 0
C35: 기본조사설계비 | G35: =IF(SUMIFS(잔액_2022[결의금액],잔액_2022[통계목],$C35,잔액_2022[분류 항목],"유사량")=0,"",SUMIFS(잔액_2022[결의금액],잔액_2022[통계목],$C35,잔액_2022[분류 항목],"유사량")) | I35: =IF(SUMIFS(잔액_2023[결의금액],잔액_2023[통계목],$C35,잔액_2023[분류 항목],"유사량")=0,"",SUMIFS(잔액_2023[결의금액],잔액_2023[통계목],$C35,잔액_2023[분류 항목],"유사량")) | K35: =IF(SUMIFS(잔액_2024[결의금액],잔액_2024[통계목],$C35,잔액_2024[분류 항목],"유사량")=0,"",SUMIFS(잔액_2024[결의금액],잔액_2024[통계목],$C35,잔액_2024[분류 항목],"유사량")) | M35: =IF(SUMIFS(잔액_2025[결의금액],잔액_2025[통계목],$C35,잔액_2025[분류 항목],"유사량")=0,"",SUMIFS(잔액_2025[결의금액],잔액_2025[통계목],$C35,잔액_2025[분류 항목],"유사량"))
C36: 실시설계비 | G36: =IF(SUMIFS(잔액_2022[결의금액],잔액_2022[통계목],$C36,잔액_2022[분류 항목],"유사량")=0,"",SUMIFS(잔액_2022[결의금액],잔액_2022[통계목],$C36,잔액_2022[분류 항목],"유사량")) | I36: =IF(SUMIFS(잔액_2023[결의금액],잔액_2023[통계목],$C36,잔액_2023[분류 항목],"유사량")=0,"",SUMIFS(잔액_2023[결의금액],잔액_2023[통계목],$C36,잔액_2023[분류 항목],"유사량")) | K36: =IF(SUMIFS(잔액_2024[결의금액],잔액_2024[통계목],$C36,잔액_2024[분류 항목],"유사량")=0,"",SUMIFS(잔액_2024[결의금액],잔액_2024[통계목],$C36,잔액_2024[분류 항목],"유사량")) | M36: =IF(SUMIFS(잔액_2025[결의금액],잔액_2025[통계목],$C36,잔액_2025[분류 항목],"유사량")=0,"",SUMIFS(잔액_2025[결의금액],잔액_2025[통계목],$C36,잔액_2025[분류 항목],"유사량"))
C37: 공사비 | F37: 6000000 | G37: =IF(SUMIFS(잔액_2022[결의금액],잔액_2022[통계목],$C37,잔액_2022[분류 항목],"유사량")=0,"",SUMIFS(잔액_2022[결의금액],잔액_2022[통계목],$C37,잔액_2022[분류 항목],"유사량")) | I37: =IF(SUMIFS(잔액_2023[결의금액],잔액_2023[통계목],$C37,잔액_2023[분류 항목],"유사량")=0,"",SUMIFS(잔액_2023[결의금액],잔액_2023[통계목],$C37,잔액_2023[분류 항목],"유사량")) | K37: =IF(SUMIFS(잔액_2024[결의금액],잔액_2024[통계목],$C37,잔액_2024[분류 항목],"유사량")=0,"",SUMIFS(잔액_2024[결의금액],잔액_2024[통계목],$C37,잔액_2024[분류 항목],"유사량")) | M37: =IF(SUMIFS(잔액_2025[결의금액],잔액_2025[통계목],$C37,잔액_2025[분류 항목],"유사량")=0,"",SUMIFS(잔액_2025[결의금액],잔액_2025[통계목],$C37,잔액_2025[분류 항목],"유사량"))
C38: 감리비 | G38: =IF(SUMIFS(잔액_2022[결의금액],잔액_2022[통계목],$C38,잔액_2022[분류 항목],"유사량")=0,"",SUMIFS(잔액_2022[결의금액],잔액_2022[통계목],$C38,잔액_2022[분류 항목],"유사량")) | I38: =IF(SUMIFS(잔액_2023[결의금액],잔액_2023[통계목],$C38,잔액_2023[분류 항목],"유사량")=0,"",SUMIFS(잔액_2023[결의금액],잔액_2023[통계목],$C38,잔액_2023[분류 항목],"유사량")) | K38: =IF(SUMIFS(잔액_2024[결의금액],잔액_2024[통계목],$C38,잔액_2024[분류 항목],"유사량")=0,"",SUMIFS(잔액_2024[결의금액],잔액_2024[통계목],$C38,잔액_2024[분류 항목],"유사량")) | M38: =IF(SUMIFS(잔액_2025[결의금액],잔액_2025[통계목],$C38,잔액_2025[분류 항목],"유사량")=0,"",SUMIFS(잔액_2025[결의금액],잔액_2025[통계목],$C38,잔액_2025[분류 항목],"유사량"))
C39: 시설부대비 | G39: =IF(SUMIFS(잔액_2022[결의금액],잔액_2022[통계목],$C39,잔액_2022[분류 항목],"유사량")=0,"",SUMIFS(잔액_2022[결의금액],잔액_2022[통계목],$C39,잔액_2022[분류 항목],"유사량")) | I39: =IF(SUMIFS(잔액_2023[결의금액],잔액_2023[통계목],$C39,잔액_2023[분류 항목],"유사량")=0,"",SUMIFS(잔액_2023[결의금액],잔액_2023[통계목],$C39,잔액_2023[분류 항목],"유사량")) | K39: =IF(SUMIFS(잔액_2024[결의금액],잔액_2024[통계목],$C39,잔액_2024[분류 항목],"유사량")=0,"",SUMIFS(잔액_2024[결의금액],잔액_2024[통계목],$C39,잔액_2024[분류 항목],"유사량")) | M39: =IF(SUMIFS(잔액_2025[결의금액],잔액_2025[통계목],$C39,잔액_2025[분류 항목],"유사량")=0,"",SUMIFS(잔액_2025[결의금액],잔액_2025[통계목],$C39,잔액_2025[분류 항목],"유사량"))
B40: 유형자산 | C40: 소계 | D40: =D41 -> 0 | E40: =E41 -> 0 | F40: =F41 -> 2000000 | G40: =G41 -> 19025280 | H40: =H41 -> 0 | I40: =I41 -> 109142000 | J40: =J41 -> 37500000 | K40: =K41 | ... O40: =O41 -> 0
C41: 자산취득비 | F41: 2000000 | G41: =IF(SUMIFS(잔액_2022[결의금액],잔액_2022[통계목],$C41,잔액_2022[분류 항목],"유사량")=0,"",SUMIFS(잔액_2022[결의금액],잔액_2022[통계목],$C41,잔액_2022[분류 항목],"유사량")) -> 19025280 | I41: =IF(SUMIFS(잔액_2023[결의금액],잔액_2023[통계목],$C41,잔액_2023[분류 항목],"유사량")=0,"",SUMIFS(잔액_2023[결의금액],잔액_2023[통계목],$C41,잔액_2023[분류 항목],"유사량")) -> 109142000 | J41: 37500000 | K41: =IF(SUMIFS(잔액_2024[결의금액],잔액_2024[통계목],$C41,잔액_2024[분류 항목],"유사량")=0,"",SUMIFS(잔액_2024[결의금액],잔액_2024[통계목],$C41,잔액_2024[분류 항목],"유사량")) | M41: =IF(SUMIFS(잔액_2025[결의금액],잔액_2025[통계목],$C41,잔액_2025[분류 항목],"유사량")=0,"",SUMIFS(잔액_2025[결의금액],잔액_2025[통계목],$C41,잔액_2025[분류 항목],"유사량")) -> 301246410
B42: 무형자산 | C42: 소계 | D42: =D43 -> 0 | E42: =E43 -> 0 | F42: =F43 -> 0 | G42: =G43 | H42: =H43 -> 0 | I42: =I43 | J42: =J43 -> 0 | K42: =K43 | ... O42: =O43 -> 0
C43: 무형자산 | G43: =IF(SUMIFS(잔액_2022[결의금액],잔액_2022[통계목],$C43,잔액_2022[분류 항목],"유사량")=0,"",SUMIFS(잔액_2022[결의금액],잔액_2022[통계목],$C43,잔액_2022[분류 항목],"유사량")) | I43: =IF(SUMIFS(잔액_2023[결의금액],잔액_2023[통계목],$C43,잔액_2023[분류 항목],"유사량")=0,"",SUMIFS(잔액_2023[결의금액],잔액_2023[통계목],$C43,잔액_2023[분류 항목],"유사량")) | K43: =IF(SUMIFS(잔액_2024[결의금액],잔액_2024[통계목],$C43,잔액_2024[분류 항목],"유사량")=0,"",SUMIFS(잔액_2024[결의금액],잔액_2024[통계목],$C43,잔액_2024[분류 항목],"유사량")) | M43: =IF(SUMIFS(잔액_2025[결의금액],잔액_2025[통계목],$C43,잔액_2025[분류 항목],"유사량")=0,"",SUMIFS(잔액_2025[결의금액],잔액_2025[통계목],$C43,잔액_2025[분류 항목],"유사량"))
B44: 예비비 및 기타 | C44: 소계 | D44: =D45 -> 0 | E44: =E45 -> 0 | F44: =F45 -> 0 | G44: =G45 | H44: =H45 -> 0 | I44: =I45 | J44: =J45 -> 0 | K44: =K45 | ... O44: =O45 -> 0
C45: 예비비 | G45: =IF(SUMIFS(잔액_2022[결의금액],잔액_2022[통계목],$C45,잔액_2022[분류 항목],"유사량")=0,"",SUMIFS(잔액_2022[결의금액],잔액_2022[통계목],$C45,잔액_2022[분류 항목],"유사량")) | I45: =IF(SUMIFS(잔액_2023[결의금액],잔액_2023[통계목],$C45,잔액_2023[분류 항목],"유사량")=0,"",SUMIFS(잔액_2023[결의금액],잔액_2023[통계목],$C45,잔액_2023[분류 항목],"유사량")) | K45: =IF(SUMIFS(잔액_2024[결의금액],잔액_2024[통계목],$C45,잔액_2024[분류 항목],"유사량")=0,"",SUMIFS(잔액_2024[결의금액],잔액_2024[통계목],$C45,잔액_2024[분류 항목],"유사량")) | M45: =IF(SUMIFS(잔액_2025[결의금액],잔액_2025[통계목],$C45,잔액_2025[분류 항목],"유사량")=0,"",SUMIFS(잔액_2025[결의금액],잔액_2025[통계목],$C45,잔액_2025[분류 항목],"유사량"))
B46: 일반관리비 | C46: 소계 | D46: =D47 -> 0 | E46: =E47 -> 0 | F46: =F47 -> 0 | G46: =G47 | H46: =H47 -> 0 | I46: =I47 | J46: =J47 -> 0 | K46: =K47 | ... O46: =O47 -> 0
C47: 일반관리비 | G47: =IF(SUMIFS(잔액_2022[결의금액],잔액_2022[통계목],$C47,잔액_2022[분류 항목],"유사량")=0,"",SUMIFS(잔액_2022[결의금액],잔액_2022[통계목],$C47,잔액_2022[분류 항목],"유사량")) | I47: =IF(SUMIFS(잔액_2023[결의금액],잔액_2023[통계목],$C47,잔액_2023[분류 항목],"유사량")=0,"",SUMIFS(잔액_2023[결의금액],잔액_2023[통계목],$C47,잔액_2023[분류 항목],"유사량")) | K47: =IF(SUMIFS(잔액_2024[결의금액],잔액_2024[통계목],$C47,잔액_2024[분류 항목],"유사량")=0,"",SUMIFS(잔액_2024[결의금액],잔액_2024[통계목],$C47,잔액_2024[분류 항목],"유사량")) | M47: =IF(SUMIFS(잔액_2025[결의금액],잔액_2025[통계목],$C47,잔액_2025[분류 항목],"유사량")=0,"",SUMIFS(잔액_2025[결의금액],잔액_2025[통계목],$C47,잔액_2025[분류 항목],"유사량"))

Sheet 토양수분량
B1: 토양수분량
B2: 편성목 | C2: 통계목 | D2: 2021년 | F2: 2022년 | H2: 2023년 | J2: 2024년 | L2: 2025년 | N2: 2026년
D3: 실행예산 | E3: 잔액 예산 | F3: 실행예산 | G3: 잔액 예산 | H3: 실행예산 | I3: 잔액 예산 | J3: 실행예산 | K3: 잔액 예산 | L3: 실행예산 | M3: 잔액 예산 | N3: 실행예산 | O3: 잔액 예산
B4: 합계 | D4: =SUM(D5,D10,D23,D26,D29,D32,D34,D40,D42,D44,D46) -> 20453200 | E4: =SUM(E5,E10,E23,E26,E29,E32,E34,E40,E42,E44,E46) -> 0 | F4: =SUM(F5,F10,F23,F26,F29,F32,F34,F40,F42,F44,F46) -> 26700000 | G4: =SUM(G5,G10,G23,G26,G29,G32,G34,G40,G42,G44,G46) -> 41525000 | H4: =SUM(H5,H10,H23,H26,H29,H32,H34,H40,H42,H44,H46) -> 55206400 | I4: =SUM(I5,I10,I23,I26,I29,I32,I34,I40,I42,I44,I46) -> 0 | J4: =SUM(J5,J10,J23,J26,J29,J32,J34,J40,J42,J44,J46) -> 30000000 | K4: =SUM(K5,K10,K23,K26,K29,K32,K34,K40,K42,K44,K46) -> 17392120 | ... O4: =SUM(O5,O10,O23,O26,O29,O32,O34,O40,O42,O44,O46) -> 0
B5: 인건비 | C5: 소계 | D5: =SUM(D6:D9) -> 0 | E5: =SUM(E6:E9) -> 0 | F5: =SUM(F6:F9) -> 0 | G5: =SUM(G6:G9) -> 0 | H5: =SUM(H6:H9) -> 11196400 | I5: =SUM(I6:I9) -> 0 | J5: =SUM(J6:J9) -> 0 | K5: =SUM(K6:K9) -> 0 | ... O5: =SUM(O6:O9) -> 0
C6: 보수 | G6: =IF(SUMIFS(잔액_2022[결의금액],잔액_2022[통계목],$C6,잔액_2022[분류 항목],"토양수분량")=0,"",SUMIFS(잔액_2022[결의금액],잔액_2022[통계목],$C6,잔액_2022[분류 항목],"토양수분량")) | I6: =IF(SUMIFS(잔액_2023[결의금액],잔액_2023[통계목],$C6,잔액_2023[분류 항목],"토양수분량")=0,"",SUMIFS(잔액_2023[결의금액],잔액_2023[통계목],$C6,잔액_2023[분류 항목],"토양수분량")) | K6: =IF(SUMIFS(잔액_2024[결의금액],잔액_2024[통계목],$C6,잔액_2024[분류 항목],"토양수분량")=0,"",SUMIFS(잔액_2024[결의금액],잔액_2024[통계목],$C6,잔액_2024[분류 항목],"토양수분량")) | M6: =IF(SUMIFS(잔액_2025[결의금액],잔액_2025[통계목],$C6,잔액_2025[분류 항목],"토양수분량")=0,"",SUMIFS(잔액_2025[결의금액],잔액_2025[통계목],$C6,잔액_2025[분류 항목],"토양수분량"))
C7: 기타직보수 | G7: =IF(SUMIFS(잔액_2022[결의금액],잔액_2022[통계목],$C7,잔액_2022[분류 항목],"토양수분량")=0,"",SUMIFS(잔액_2022[결의금액],잔액_2022[통계목],$C7,잔액_2022[분류 항목],"토양수분량")) | I7: =IF(SUMIFS(잔액_2023[결의금액],잔액_2023[통계목],$C7,잔액_2023[분류 항목],"토양수분량")=0,"",SUMIFS(잔액_2023[결의금액],잔액_2023[통계목],$C7,잔액_2023[분류 항목],"토양수분량")) | K7: =IF(SUMIFS(잔액_2024[결의금액],잔액_2024[통계목],$C7,잔액_2024[분류 항목],"토양수분량")=0,"",SUMIFS(잔액_2024[결의금액],잔액_2024[통계목],$C7,잔액_2024[분류 항목],"토양수분량")) | M7: =IF(SUMIFS(잔액_2025[결의금액],잔액_2025[통계목],$C7,잔액_2025[분류 항목],"토양수분량")=0,"",SUMIFS(잔액_2025[결의금액],잔액_2025[통계목],$C7,잔액_2025[분류 항목],"토양수분량"))
C8: 상용임금 | G8: =IF(SUMIFS(잔액_2022[결의금액],잔액_2022[통계목],$C8,잔액_2022[분류 항목],"토양수분량")=0,"",SUMIFS(잔액_2022[결의금액],잔액_2022[통계목],$C8,잔액_2022[분류 항목],"토양수분량")) | H8: 11196400 | I8: =IF(SUMIFS(잔액_2023[결의금액],잔액_2023[통계목],$C8,잔액_2023[분류 항목],"토양수분량")=0,"",SUMIFS(잔액_2023[결의금액],잔액_2023[통계목],$C8,잔액_2023[분류 항목],"토양수분량")) | K8: =IF(SUMIFS(잔액_2024[결의금액],잔액_2024[통계목],$C8,잔액_2024[분류 항목],"토양수분량")=0,"",SUMIFS(잔액_2024[결의금액],잔액_2024[통계목],$C8,잔액_2024[분류 항목],"토양수분량")) | M8: =IF(SUMIFS(잔액_2025[결의금액],잔액_2025[통계목],$C8,잔액_2025[분류 항목],"토양수분량")=0,"",SUMIFS(잔액_2025[결의금액],잔액_2025[통계목],$C8,잔액_2025[분류 항목],"토양수분량"))
C9: 일용임금 | G9: =IF(SUMIFS(잔액_2022[결의금액],잔액_2022[통계목],$C9,잔액_2022[분류 항목],"토양수분량")=0,"",SUMIFS(잔액_2022[결의금액],잔액_2022[통계목],$C9,잔액_2022[분류 항목],"토양수분량")) | I9: =IF(SUMIFS(잔액_2023[결의금액],잔액_2023[통계목],$C9,잔액_2023[분류 항목],"토양수분량")=0,"",SUMIFS(잔액_2023[결의금액],잔액_2023[통계목],$C9,잔액_2023[분류 항목],"토양수분량")) | K9: =IF(SUMIFS(잔액_2024[결의금액],잔액_2024[통계목],$C9,잔액_2024[분류 항목],"토양수분량")=0,"",SUMIFS(잔액_2024[결의금액],잔액_2024[통계목],$C9,잔액_2024[분류 항목],"토양수분량")) | M9: =IF(SUMIFS(잔액_2025[결의금액],잔액_2025[통계목],$C9,잔액_2025[분류 항목],"토양수분량")=0,"",SUMIFS(잔액_2025[결의금액],잔액_2025[통계목],$C9,잔액_2025[분류 항목],"토양수분량"))
B10: 운영비 | C10: 소계 | D10: =SUM(D11:D22) -> 17184700 | E10: =SUM(E11:E22) -> 0 | F10: =SUM(F11:F22) -> 20700000 | G10: =SUM(G11:G22) -> 0 | H10: =SUM(H11:H22) -> 38050000 | I10: =SUM(I11:I22) -> 0 | J10: =SUM(J11:J22) -> 21560000 | K10: =SUM(K11:K22) -> 0 | ... O10: =SUM(O11:O22) -> 0
C11: 일반수용비 | D11: 16814700 | F11: 6000000 | G11: =IF(SUMIFS(잔액_2022[결의금액],잔액_2022[통계목],$C11,잔액_2022[분류 항목],"토양수분량")=0,"",SUMIFS(잔액_2022[결의금액],잔액_2022[통계목],$C11,잔액_2022[분류 항목],"토양수분량")) | H11: 400000 | I11: =IF(SUMIFS(잔액_2023[결의금액],잔액_2023[통계목],$C11,잔액_2023[분류 항목],"토양수분량")=0,"",SUMIFS(잔액_2023[결의금액],잔액_2023[통계목],$C11,잔액_2023[분류 항목],"토양수분량")) | J11: 500000 | K11: =IF(SUMIFS(잔액_2024[결의금액],잔액_2024[통계목],$C11,잔액_2024[분류 항목],"토양수분량")=0,"",SUMIFS(잔액_2024[결의금액],잔액_2024[통계목],$C11,잔액_2024[분류 항목],"토양수분량")) | M11: =IF(SUMIFS(잔액_2025[결의금액],잔액_2025[통계목],$C11,잔액_2025[분류 항목],"토양수분량")=0,"",SUMIFS(잔액_2025[결의금액],잔액_2025[통계목],$C11,잔액_2025[분류 항목],"토양수분량"))
C12: 공공요금 및 제세 | F12: 4600000 | G12: =IF(SUMIFS(잔액_2022[결의금액],잔액_2022[통계목],$C12,잔액_2022[분류 항목],"토양수분량")=0,"",SUMIFS(잔액_2022[결의금액],잔액_2022[통계목],$C12,잔액_2022[분류 항목],"토양수분량")) | H12: 9550000 | I12: =IF(SUMIFS(잔액_2023[결의금액],잔액_2023[통계목],$C12,잔액_2023[분류 항목],"토양수분량")=0,"",SUMIFS(잔액_2023[결의금액],잔액_2023[통계목],$C12,잔액_2023[분류 항목],"토양수분량")) | J12: 8125000 | K12: =IF(SUMIFS(잔액_2024[결의금액],잔액_2024[통계목],$C12,잔액_2024[분류 항목],"토양수분량")=0,"",SUMIFS(잔액_2024[결의금액],잔액_2024[통계목],$C12,잔액_2024[분류 항목],"토양수분량")) | M12: =IF(SUMIFS(잔액_2025[결의금액],잔액_2025[통계목],$C12,잔액_2025[분류 항목],"토양수분량")=0,"",SUMIFS(잔액_2025[결의금액],잔액_2025[통계목],$C12,잔액_2025[분류 항목],"토양수분량")) | N12: 8000000
C13: 피복비 | G13: =IF(SUMIFS(잔액_2022[결의금액],잔액_2022[통계목],$C13,잔액_2022[분류 항목],"토양수분량")=0,"",SUMIFS(잔액_2022[결의금액],잔액_2022[통계목],$C13,잔액_2022[분류 항목],"토양수분량")) | I13: =IF(SUMIFS(잔액_2023[결의금액],잔액_2023[통계목],$C13,잔액_2023[분류 항목],"토양수분량")=0,"",SUMIFS(잔액_2023[결의금액],잔액_2023[통계목],$C13,잔액_2023[분류 항목],"토양수분량")) | K13: =IF(SUMIFS(잔액_2024[결의금액],잔액_2024[통계목],$C13,잔액_2024[분류 항목],"토양수분량")=0,"",SUMIFS(잔액_2024[결의금액],잔액_2024[통계목],$C13,잔액_2024[분류 항목],"토양수분량")) | M13: =IF(SUMIFS(잔액_2025[결의금액],잔액_2025[통계목],$C13,잔액_2025[분류 항목],"토양수분량")=0,"",SUMIFS(잔액_2025[결의금액],잔액_2025[통계목],$C13,잔액_2025[분류 항목],"토양수분량"))
C14: 특근매식비 | G14: =IF(SUMIFS(잔액_2022[결의금액],잔액_2022[통계목],$C14,잔액_2022[분류 항목],"토양수분량")=0,"",SUMIFS(잔액_2022[결의금액],잔액_2022[통계목],$C14,잔액_2022[분류 항목],"토양수분량")) | I14: =IF(SUMIFS(잔액_2023[결의금액],잔액_2023[통계목],$C14,잔액_2023[분류 항목],"토양수분량")=0,"",SUMIFS(잔액_2023[결의금액],잔액_2023[통계목],$C14,잔액_2023[분류 항목],"토양수분량")) | K14: =IF(SUMIFS(잔액_2024[결의금액],잔액_2024[통계목],$C14,잔액_2024[분류 항목],"토양수분량")=0,"",SUMIFS(잔액_2024[결의금액],잔액_2024[통계목],$C14,잔액_2024[분류 항목],"토양수분량")) | M14: =IF(SUMIFS(잔액_2025[결의금액],잔액_2025[통계목],$C14,잔액_2025[분류 항목],"토양수분량")=0,"",SUMIFS(잔액_2025[결의금액],잔액_2025[통계목],$C14,잔액_2025[분류 항목],"토양수분량"))
C15: 임차료 | F15: 5000000 | G15: =IF(SUMIFS(잔액_2022[결의금액],잔액_2022[통계목],$C15,잔액_2022[분류 항목],"토양수분량")=0,"",SUMIFS(잔액_2022[결의금액],잔액_2022[통계목],$C15,잔액_2022[분류 항목],"토양수분량")) | H15: 4300000 | I15: =IF(SUMIFS(잔액_2023[결의금액],잔액_2023[통계목],$C15,잔액_2023[분류 항목],"토양수분량")=0,"",SUMIFS(잔액_2023[결의금액],잔액_2023[통계목],$C15,잔액_2023[분류 항목],"토양수분량")) | K15: =IF(SUMIFS(잔액_2024[결의금액],잔액_2024[통계목],$C15,잔액_2024[분류 항목],"토양수분량")=0,"",SUMIFS(잔액_2024[결의금액],잔액_2024[통계목],$C15,잔액_2024[분류 항목],"토양수분량")) | M15: =IF(SUMIFS(잔액_2025[결의금액],잔액_2025[통계목],$C15,잔액_2025[분류 항목],"토양수분량")=0,"",SUMIFS(잔액_2025[결의금액],잔액_2025[통계목],$C15,잔액_2025[분류 항목],"토양수분량"))
C16: 유류비 | D16: 370000 | F16: 1000000 | G16: =IF(SUMIFS(잔액_2022[결의금액],잔액_2022[통계목],$C16,잔액_2022[분류 항목],"토양수분량")=0,"",SUMIFS(잔액_2022[결의금액],잔액_2022[통계목],$C16,잔액_2022[분류 항목],"토양수분량")) | H16: 1000000 | I16: =IF(SUMIFS(잔액_2023[결의금액],잔액_2023[통계목],$C16,잔액_2023[분류 항목],"토양수분량")=0,"",SUMIFS(잔액_2023[결의금액],잔액_2023[통계목],$C16,잔액_2023[분류 항목],"토양수분량")) | J16: 960000 | K16: =IF(SUMIFS(잔액_2024[결의금액],잔액_2024[통계목],$C16,잔액_2024[분류 항목],"토양수분량")=0,"",SUMIFS(잔액_2024[결의금액],잔액_2024[통계목],$C16,잔액_2024[분류 항목],"토양수분량")) | M16: =IF(SUMIFS(잔액_2025[결의금액],잔액_2025[통계목],$C16,잔액_2025[분류 항목],"토양수분량")=0,"",SUMIFS(잔액_2025[결의금액],잔액_2025[통계목],$C16,잔액_2025[분류 항목],"토양수분량"))
C17: 시설장비유지비 | F17: 4100000 | G17: =IF(SUMIFS(잔액_2022[결의금액],잔액_2022[통계목],$C17,잔액_2022[분류 항목],"토양수분량")=0,"",SUMIFS(잔액_2022[결의금액],잔액_2022[통계목],$C17,잔액_2022[분류 항목],"토양수분량")) | H17: 22800000 | I17: =IF(SUMIFS(잔액_2023[결의금액],잔액_2023[통계목],$C17,잔액_2023[분류 항목],"토양수분량")=0,"",SUMIFS(잔액_2023[결의금액],잔액_2023[통계목],$C17,잔액_2023[분류 항목],"토양수분량")) | J17: 11975000 | K17: =IF(SUMIFS(잔액_2024[결의금액],잔액_2024[통계목],$C17,잔액_2024[분류 항목],"토양수분량")=0,"",SUMIFS(잔액_2024[결의금액],잔액_2024[통계목],$C17,잔액_2024[분류 항목],"토양수분량")) | L17: 8000000 | M17: =IF(SUMIFS(잔액_2025[결의금액],잔액_2025[통계목],$C17,잔액_2025[분류 항목],"토양수분량")=0,"",SUMIFS(잔액_2025[결의금액],잔액_2025[통계목],$C17,잔액_2025[분류 항목],"토양수분량")) | N17: 3000000
C18: 재료비 | G18: =IF(SUMIFS(잔액_2022[결의금액],잔액_2022[통계목],$C18,잔액_2022[분류 항목],"토양수분량")=0,"",SUMIFS(잔액_2022[결의금액],잔액_2022[통계목],$C18,잔액_2022[분류 항목],"토양수분량")) | I18: =IF(SUMIFS(잔액_2023[결의금액],잔액_2023[통계목],$C18,잔액_2023[분류 항목],"토양수분량")=0,"",SUMIFS(잔액_2023[결의금액],잔액_2023[통계목],$C18,잔액_2023[분류 항목],"토양수분량")) | K18: =IF(SUMIFS(잔액_2024[결의금액],잔액_2024[통계목],$C18,잔액_2024[분류 항목],"토양수분량")=0,"",SUMIFS(잔액_2024[결의금액],잔액_2024[통계목],$C18,잔액_2024[분류 항목],"토양수분량")) | L18: 2000000 | M18: =IF(SUMIFS(잔액_2025[결의금액],잔액_2025[통계목],$C18,잔액_2025[분류 항목],"토양수분량")=0,"",SUMIFS(잔액_2025[결의금액],잔액_2025[통계목],$C18,잔액_2025[분류 항목],"토양수분량"))
C19: 복리후생비 | G19: =IF(SUMIFS(잔액_2022[결의금액],잔액_2022[통계목],$C19,잔액_2022[분류 항목],"토양수분량")=0,"",SUMIFS(잔액_2022[결의금액],잔액_2022[통계목],$C19,잔액_2022[분류 항목],"토양수분량")) | I19: =IF(SUMIFS(잔액_2023[결의금액],잔액_2023[통계목],$C19,잔액_2023[분류 항목],"토양수분량")=0,"",SUMIFS(잔액_2023[결의금액],잔액_2023[통계목],$C19,잔액_2023[분류 항목],"토양수분량")) | K19: =IF(SUMIFS(잔액_2024[결의금액],잔액_2024[통계목],$C19,잔액_2024[분류 항목],"토양수분량")=0,"",SUMIFS(잔액_2024[결의금액],잔액_2024[통계목],$C19,잔액_2024[분류 항목],"토양수분량")) | M19: =IF(SUMIFS(잔액_2025[결의금액],잔액_2025[통계목],$C19,잔액_2025[분류 항목],"토양수분량")=0,"",SUMIFS(잔액_2025[결의금액],잔액_2025[통계목],$C19,잔액_2025[분류 항목],"토양수분량"))
C20: 일반용역비 | G20: =IF(SUMIFS(잔액_2022[결의금액],잔액_2022[통계목],$C20,잔액_2022[분류 항목],"토양수분량")=0,"",SUMIFS(잔액_2022[결의금액],잔액_2022[통계목],$C20,잔액_2022[분류 항목],"토양수분량")) | I20: =IF(SUMIFS(잔액_2023[결의금액],잔액_2023[통계목],$C20,잔액_2023[분류 항목],"토양수분량")=0,"",SUMIFS(잔액_2023[결의금액],잔액_2023[통계목],$C20,잔액_2023[분류 항목],"토양수분량")) | K20: =IF(SUMIFS(잔액_2024[결의금액],잔액_2024[통계목],$C20,잔액_2024[분류 항목],"토양수분량")=0,"",SUMIFS(잔액_2024[결의금액],잔액_2024[통계목],$C20,잔액_2024[분류 항목],"토양수분량")) | M20: =IF(SUMIFS(잔액_2025[결의금액],잔액_2025[통계목],$C20,잔액_2025[분류 항목],"토양수분량")=0,"",SUMIFS(잔액_2025[결의금액],잔액_2025[통계목],$C20,잔액_2025[분류 항목],"토양수분량"))
C21: 관리용역비 | G21: =IF(SUMIFS(잔액_2022[결의금액],잔액_2022[통계목],$C21,잔액_2022[분류 항목],"토양수분량")=0,"",SUMIFS(잔액_2022[결의금액],잔액_2022[통계목],$C21,잔액_2022[분류 항목],"토양수분량")) | I21: =IF(SUMIFS(잔액_2023[결의금액],잔액_2023[통계목],$C21,잔액_2023[분류 항목],"토양수분량")=0,"",SUMIFS(잔액_2023[결의금액],잔액_2023[통계목],$C21,잔액_2023[분류 항목],"토양수분량")) | K21: =IF(SUMIFS(잔액_2024[결의금액],잔액_2024[통계목],$C21,잔액_2024[분류 항목],"토양수분량")=0,"",SUMIFS(잔액_2024[결의금액],잔액_2024[통계목],$C21,잔액_2024[분류 항목],"토양수분량")) | M21: =IF(SUMIFS(잔액_2025[결의금액],잔액_2025[통계목],$C21,잔액_2025[분류 항목],"토양수분량")=0,"",SUMIFS(잔액_2025[결의금액],잔액_2025[통계목],$C21,잔액_2025[분류 항목],"토양수분량"))
C22: 기타운영비 | G22: =IF(SUMIFS(잔액_2022[결의금액],잔액_2022[통계목],$C22,잔액_2022[분류 항목],"토양수분량")=0,"",SUMIFS(잔액_2022[결의금액],잔액_2022[통계목],$C22,잔액_2022[분류 항목],"토양수분량")) | I22: =IF(SUMIFS(잔액_2023[결의금액],잔액_2023[통계목],$C22,잔액_2023[분류 항목],"토양수분량")=0,"",SUMIFS(잔액_2023[결의금액],잔액_2023[통계목],$C22,잔액_2023[분류 항목],"토양수분량")) | K22: =IF(SUMIFS(잔액_2024[결의금액],잔액_2024[통계목],$C22,잔액_2024[분류 항목],"토양수분량")=0,"",SUMIFS(잔액_2024[결의금액],잔액_2024[통계목],$C22,잔액_2024[분류 항목],"토양수분량")) | M22: =IF(SUMIFS(잔액_2025[결의금액],잔액_2025[통계목],$C22,잔액_2025[분류 항목],"토양수분량")=0,"",SUMIFS(잔액_2025[결의금액],잔액_2025[통계목],$C22,잔액_2025[분류 항목],"토양수분량"))
B23: 여비 | C23: 소계 | D23: =SUM(D24:D25) -> 3268500 | E23: =SUM(E24:E25) -> 0 | F23: =SUM(F24:F25) -> 6000000 | G23: =SUM(G24:G25) -> 0 | H23: =SUM(H24:H25) -> 5960000 | I23: =SUM(I24:I25) -> 0 | J23: =SUM(J24:J25) -> 8440000 | K23: =SUM(K24:K25) -> 0 | ... O23: =SUM(O24:O25) -> 0
C24: 국내여비 | D24: 3268500 | F24: 6000000 | G24: =IF(SUMIFS(잔액_2022[결의금액],잔액_2022[통계목],$C24,잔액_2022[분류 항목],"토양수분량")=0,"",SUMIFS(잔액_2022[결의금액],잔액_2022[통계목],$C24,잔액_2022[분류 항목],"토양수분량")) | H24: 5960000 | I24: =IF(SUMIFS(잔액_2023[결의금액],잔액_2023[통계목],$C24,잔액_2023[분류 항목],"토양수분량")=0,"",SUMIFS(잔액_2023[결의금액],잔액_2023[통계목],$C24,잔액_2023[분류 항목],"토양수분량")) | J24: 8440000 | K24: =IF(SUMIFS(잔액_2024[결의금액],잔액_2024[통계목],$C24,잔액_2024[분류 항목],"토양수분량")=0,"",SUMIFS(잔액_2024[결의금액],잔액_2024[통계목],$C24,잔액_2024[분류 항목],"토양수분량")) | L24: 10000000 | M24: =IF(SUMIFS(잔액_2025[결의금액],잔액_2025[통계목],$C24,잔액_2025[분류 항목],"토양수분량")=0,"",SUMIFS(잔액_2025[결의금액],잔액_2025[통계목],$C24,잔액_2025[분류 항목],"토양수분량")) | N24: 9000000
C25: 국외업무여비 | G25: =IF(SUMIFS(잔액_2022[결의금액],잔액_2022[통계목],$C25,잔액_2022[분류 항목],"토양수분량")=0,"",SUMIFS(잔액_2022[결의금액],잔액_2022[통계목],$C25,잔액_2022[분류 항목],"토양수분량")) | I25: =IF(SUMIFS(잔액_2023[결의금액],잔액_2023[통계목],$C25,잔액_2023[분류 항목],"토양수분량")=0,"",SUMIFS(잔액_2023[결의금액],잔액_2023[통계목],$C25,잔액_2023[분류 항목],"토양수분량")) | K25: =IF(SUMIFS(잔액_2024[결의금액],잔액_2024[통계목],$C25,잔액_2024[분류 항목],"토양수분량")=0,"",SUMIFS(잔액_2024[결의금액],잔액_2024[통계목],$C25,잔액_2024[분류 항목],"토양수분량")) | M25: =IF(SUMIFS(잔액_2025[결의금액],잔액_2025[통계목],$C25,잔액_2025[분류 항목],"토양수분량")=0,"",SUMIFS(잔액_2025[결의금액],잔액_2025[통계목],$C25,잔액_2025[분류 항목],"토양수분량"))
B26: 업무추진비 | C26: 소계 | D26: =SUM(D27:D28) -> 0 | E26: =SUM(E27:E28) -> 0 | F26: =SUM(F27:F28) -> 0 | G26: =SUM(G27:G28) -> 0 | H26: =SUM(H27:H28) -> 0 | I26: =SUM(I27:I28) -> 0 | J26: =SUM(J27:J28) -> 0 | K26: =SUM(K27:K28) -> 0 | ... O26: =SUM(O27:O28) -> 0
C27: 사업추진비 | G27: =IF(SUMIFS(잔액_2022[결의금액],잔액_2022[통계목],$C27,잔액_2022[분류 항목],"토양수분량")=0,"",SUMIFS(잔액_2022[결의금액],잔액_2022[통계목],$C27,잔액_2022[분류 항목],"토양수분량")) | I27: =IF(SUMIFS(잔액_2023[결의금액],잔액_2023[통계목],$C27,잔액_2023[분류 항목],"토양수분량")=0,"",SUMIFS(잔액_2023[결의금액],잔액_2023[통계목],$C27,잔액_2023[분류 항목],"토양수분량")) | K27: =IF(SUMIFS(잔액_2024[결의금액],잔액_2024[통계목],$C27,잔액_2024[분류 항목],"토양수분량")=0,"",SUMIFS(잔액_2024[결의금액],잔액_2024[통계목],$C27,잔액_2024[분류 항목],"토양수분량")) | M27: =IF(SUMIFS(잔액_2025[결의금액],잔액_2025[통계목],$C27,잔액_2025[분류 항목],"토양수분량")=0,"",SUMIFS(잔액_2025[결의금액],잔액_2025[통계목],$C27,잔액_2025[분류 항목],"토양수분량"))
C28: 관서업무추진비 | G28: =IF(SUMIFS(잔액_2022[결의금액],잔액_2022[통계목],$C28,잔액_2022[분류 항목],"토양수분량")=0,"",SUMIFS(잔액_2022[결의금액],잔액_2022[통계목],$C28,잔액_2022[분류 항목],"토양수분량")) | I28: =IF(SUMIFS(잔액_2023[결의금액],잔액_2023[통계목],$C28,잔액_2023[분류 항목],"토양수분량")=0,"",SUMIFS(잔액_2023[결의금액],잔액_2023[통계목],$C28,잔액_2023[분류 항목],"토양수분량")) | K28: =IF(SUMIFS(잔액_2024[결의금액],잔액_2024[통계목],$C28,잔액_2024[분류 항목],"토양수분량")=0,"",SUMIFS(잔액_2024[결의금액],잔액_2024[통계목],$C28,잔액_2024[분류 항목],"토양수분량")) | M28: =IF(SUMIFS(잔액_2025[결의금액],잔액_2025[통계목],$C28,잔액_2025[분류 항목],"토양수분량")=0,"",SUMIFS(잔액_2025[결의금액],잔액_2025[통계목],$C28,잔액_2025[분류 항목],"토양수분량"))
B29: 연구용역비 | C29: 소계 | D29: =SUM(D30:D31) -> 0 | E29: =SUM(E30:E31) -> 0 | F29: =SUM(F30:F31) -> 0 | G29: =SUM(G30:G31) -> 0 | H29: =SUM(H30:H31) -> 0 | I29: =SUM(I30:I31) -> 0 | J29: =SUM(J30:J31) -> 0 | K29: =SUM(K30:K31) -> 17392120 | ... O29: =SUM(O30:O31) -> 0
C30: 일반연구비 | G30: =IF(SUMIFS(잔액_2022[결의금액],잔액_2022[통계목],$C30,잔액_2022[분류 항목],"토양수분량")=0,"",SUMIFS(잔액_2022[결의금액],잔액_2022[통계목],$C30,잔액_2022[분류 항목],"토양수분량")) | I30: {=IFERROR(INDEX(잔액_2023[결의금액],MATCH(1,(잔액_2023[통계목]=$C30)*(잔액_2023[분류 항목]="토양수분량"),0)),"")} | K30: =IF(SUMIFS(잔액_2024[결의금액],잔액_2024[통계목],$C30,잔액_2024[분류 항목],"토양수분량")=0,"",SUMIFS(잔액_2024[결의금액],잔액_2024[통계목],$C30,잔액_2024[분류 항목],"토양수분량")) -> 17392120 | M30: =IF(SUMIFS(잔액_2025[결의금액],잔액_2025[통계목],$C30,잔액_2025[분류 항목],"토양수분량")=0,"",SUMIFS(잔액_2025[결의금액],잔액_2025[통계목],$C30,잔액_2025[분류 항목],"토양수분량")) -> 28461330
C31: 정책연구비 | G31: =IF(SUMIFS(잔액_2022[결의금액],잔액_2022[통계목],$C31,잔액_2022[분류 항목],"토양수분량")=0,"",SUMIFS(잔액_2022[결의금액],잔액_2022[통계목],$C31,잔액_2022[분류 항목],"토양수분량")) | I31: =IF(SUMIFS(잔액_2023[결의금액],잔액_2023[통계목],$C31,잔액_2023[분류 항목],"토양수분량")=0,"",SUMIFS(잔액_2023[결의금액],잔액_2023[통계목],$C31,잔액_2023[분류 항목],"토양수분량")) | K31: =IF(SUMIFS(잔액_2024[결의금액],잔액_2024[통계목],$C31,잔액_2024[분류 항목],"토양수분량")=0,"",SUMIFS(잔액_2024[결의금액],잔액_2024[통계목],$C31,잔액_2024[분류 항목],"토양수분량")) | M31: =IF(SUMIFS(잔액_2025[결의금액],잔액_2025[통계목],$C31,잔액_2025[분류 항목],"토양수분량")=0,"",SUMIFS(잔액_2025[결의금액],잔액_2025[통계목],$C31,잔액_2025[분류 항목],"토양수분량"))
B32: 민간이전 | C32: 소계 | D32: =D33 -> 0 | E32: =E33 -> 0 | F32: =F33 -> 0 | G32: =G33 | H32: =H33 -> 0 | I32: =I33 | J32: =J33 -> 0 | K32: =K33 | ... O32: =O33 -> 0
C33: 고용부담금 | G33: =IF(SUMIFS(잔액_2022[결의금액],잔액_2022[통계목],$C33,잔액_2022[분류 항목],"토양수분량")=0,"",SUMIFS(잔액_2022[결의금액],잔액_2022[통계목],$C33,잔액_2022[분류 항목],"토양수분량")) | I33: =IF(SUMIFS(잔액_2023[결의금액],잔액_2023[통계목],$C33,잔액_2023[분류 항목],"토양수분량")=0,"",SUMIFS(잔액_2023[결의금액],잔액_2023[통계목],$C33,잔액_2023[분류 항목],"토양수분량")) | K33: =IF(SUMIFS(잔액_2024[결의금액],잔액_2024[통계목],$C33,잔액_2024[분류 항목],"토양수분량")=0,"",SUMIFS(잔액_2024[결의금액],잔액_2024[통계목],$C33,잔액_2024[분류 항목],"토양수분량")) | M33: =IF(SUMIFS(잔액_2025[결의금액],잔액_2025[통계목],$C33,잔액_2025[분류 항목],"토양수분량")=0,"",SUMIFS(잔액_2025[결의금액],잔액_2025[통계목],$C33,잔액_2025[분류 항목],"토양수분량"))
B34: 건설비 | C34: 소계 | D34: =SUM(D35:D39) -> 0 | E34: =SUM(E35:E39) -> 0 | F34: =SUM(F35:F39) -> 0 | G34: =SUM(G35:G39) -> 0 | H34: =SUM(H35:H39) -> 0 | I34: =SUM(I35:I39) -> 0 | J34: =SUM(J35:J39) -> 0 | K34: =SUM(K35:K39) -> 0 | ... O34: =SUM(O35:O39) -> 0
C35: 기본조사설계비 | G35: =IF(SUMIFS(잔액_2022[결의금액],잔액_2022[통계목],$C35,잔액_2022[분류 항목],"토양수분량")=0,"",SUMIFS(잔액_2022[결의금액],잔액_2022[통계목],$C35,잔액_2022[분류 항목],"토양수분량")) | I35: =IF(SUMIFS(잔액_2023[결의금액],잔액_2023[통계목],$C35,잔액_2023[분류 항목],"토양수분량")=0,"",SUMIFS(잔액_2023[결의금액],잔액_2023[통계목],$C35,잔액_2023[분류 항목],"토양수분량")) | K35: =IF(SUMIFS(잔액_2024[결의금액],잔액_2024[통계목],$C35,잔액_2024[분류 항목],"토양수분량")=0,"",SUMIFS(잔액_2024[결의금액],잔액_2024[통계목],$C35,잔액_2024[분류 항목],"토양수분량")) | M35: =IF(SUMIFS(잔액_2025[결의금액],잔액_2025[통계목],$C35,잔액_2025[분류 항목],"토양수분량")=0,"",SUMIFS(잔액_2025[결의금액],잔액_2025[통계목],$C35,잔액_2025[분류 항목],"토양수분량"))
C36: 실시설계비 | G36: =IF(SUMIFS(잔액_2022[결의금액],잔액_2022[통계목],$C36,잔액_2022[분류 항목],"토양수분량")=0,"",SUMIFS(잔액_2022[결의금액],잔액_2022[통계목],$C36,잔액_2022[분류 항목],"토양수분량")) | I36: =IF(SUMIFS(잔액_2023[결의금액],잔액_2023[통계목],$C36,잔액_2023[분류 항목],"토양수분량")=0,"",SUMIFS(잔액_2023[결의금액],잔액_2023[통계목],$C36,잔액_2023[분류 항목],"토양수분량")) | K36: =IF(SUMIFS(잔액_2024[결의금액],잔액_2024[통계목],$C36,잔액_2024[분류 항목],"토양수분량")=0,"",SUMIFS(잔액_2024[결의금액],잔액_2024[통계목],$C36,잔액_2024[분류 항목],"토양수분량")) | M36: =IF(SUMIFS(잔액_2025[결의금액],잔액_2025[통계목],$C36,잔액_2025[분류 항목],"토양수분량")=0,"",SUMIFS(잔액_2025[결의금액],잔액_2025[통계목],$C36,잔액_2025[분류 항목],"토양수분량"))
C37: 공사비 | G37: =IF(SUMIFS(잔액_2022[결의금액],잔액_2022[통계목],$C37,잔액_2022[분류 항목],"토양수분량")=0,"",SUMIFS(잔액_2022[결의금액],잔액_2022[통계목],$C37,잔액_2022[분류 항목],"토양수분량")) | I37: =IF(SUMIFS(잔액_2023[결의금액],잔액_2023[통계목],$C37,잔액_2023[분류 항목],"토양수분량")=0,"",SUMIFS(잔액_2023[결의금액],잔액_2023[통계목],$C37,잔액_2023[분류 항목],"토양수분량")) | K37: =IF(SUMIFS(잔액_2024[결의금액],잔액_2024[통계목],$C37,잔액_2024[분류 항목],"토양수분량")=0,"",SUMIFS(잔액_2024[결의금액],잔액_2024[통계목],$C37,잔액_2024[분류 항목],"토양수분량")) | M37: =IF(SUMIFS(잔액_2025[결의금액],잔액_2025[통계목],$C37,잔액_2025[분류 항목],"토양수분량")=0,"",SUMIFS(잔액_2025[결의금액],잔액_2025[통계목],$C37,잔액_2025[분류 항목],"토양수분량"))
C38: 감리비 | G38: =IF(SUMIFS(잔액_2022[결의금액],잔액_2022[통계목],$C38,잔액_2022[분류 항목],"토양수분량")=0,"",SUMIFS(잔액_2022[결의금액],잔액_2022[통계목],$C38,잔액_2022[분류 항목],"토양수분량")) | I38: =IF(SUMIFS(잔액_2023[결의금액],잔액_2023[통계목],$C38,잔액_2023[분류 항목],"토양수분량")=0,"",SUMIFS(잔액_2023[결의금액],잔액_2023[통계목],$C38,잔액_2023[분류 항목],"토양수분량")) | K38: =IF(SUMIFS(잔액_2024[결의금액],잔액_2024[통계목],$C38,잔액_2024[분류 항목],"토양수분량")=0,"",SUMIFS(잔액_2024[결의금액],잔액_2024[통계목],$C38,잔액_2024[분류 항목],"토양수분량")) | M38: =IF(SUMIFS(잔액_2025[결의금액],잔액_2025[통계목],$C38,잔액_2025[분류 항목],"토양수분량")=0,"",SUMIFS(잔액_2025[결의금액],잔액_2025[통계목],$C38,잔액_2025[분류 항목],"토양수분량"))
C39: 시설부대비 | G39: =IF(SUMIFS(잔액_2022[결의금액],잔액_2022[통계목],$C39,잔액_2022[분류 항목],"토양수분량")=0,"",SUMIFS(잔액_2022[결의금액],잔액_2022[통계목],$C39,잔액_2022[분류 항목],"토양수분량")) | I39: =IF(SUMIFS(잔액_2023[결의금액],잔액_2023[통계목],$C39,잔액_2023[분류 항목],"토양수분량")=0,"",SUMIFS(잔액_2023[결의금액],잔액_2023[통계목],$C39,잔액_2023[분류 항목],"토양수분량")) | K39: =IF(SUMIFS(잔액_2024[결의금액],잔액_2024[통계목],$C39,잔액_2024[분류 항목],"토양수분량")=0,"",SUMIFS(잔액_2024[결의금액],잔액_2024[통계목],$C39,잔액_2024[분류 항목],"토양수분량")) | M39: =IF(SUMIFS(잔액_2025[결의금액],잔액_2025[통계목],$C39,잔액_2025[분류 항목],"토양수분량")=0,"",SUMIFS(잔액_2025[결의금액],잔액_2025[통계목],$C39,잔액_2025[분류 항목],"토양수분량"))
B40: 유형자산 | C40: 소계 | D40: =D41 -> 0 | E40: =E41 -> 0 | F40: =F41 -> 0 | G40: =G41 -> 41525000 | H40: =H41 -> 0 | I40: =I41 | J40: =J41 -> 0 | K40: =K41 | ... O40: =O41 -> 0
C41: 자산취득비 | G41: =IF(SUMIFS(잔액_2022[결의금액],잔액_2022[통계목],$C41,잔액_2022[분류 항목],"토양수분량")=0,"",SUMIFS(잔액_2022[결의금액],잔액_2022[통계목],$C41,잔액_2022[분류 항목],"토양수분량")) -> 41525000 | I41: =IF(SUMIFS(잔액_2023[결의금액],잔액_2023[통계목],$C41,잔액_2023[분류 항목],"토양수분량")=0,"",SUMIFS(잔액_2023[결의금액],잔액_2023[통계목],$C41,잔액_2023[분류 항목],"토양수분량")) | K41: =IF(SUMIFS(잔액_2024[결의금액],잔액_2024[통계목],$C41,잔액_2024[분류 항목],"토양수분량")=0,"",SUMIFS(잔액_2024[결의금액],잔액_2024[통계목],$C41,잔액_2024[분류 항목],"토양수분량")) | M41: =IF(SUMIFS(잔액_2025[결의금액],잔액_2025[통계목],$C41,잔액_2025[분류 항목],"토양수분량")=0,"",SUMIFS(잔액_2025[결의금액],잔액_2025[통계목],$C41,잔액_2025[분류 항목],"토양수분량")) -> 15675000
B42: 무형자산 | C42: 소계 | D42: =D43 -> 0 | E42: =E43 -> 0 | F42: =F43 -> 0 | G42: =G43 | H42: =H43 -> 0 | I42: =I43 | J42: =J43 -> 0 | K42: =K43 | ... O42: =O43 -> 0
C43: 무형자산 | G43: =IF(SUMIFS(잔액_2022[결의금액],잔액_2022[통계목],$C43,잔액_2022[분류 항목],"토양수분량")=0,"",SUMIFS(잔액_2022[결의금액],잔액_2022[통계목],$C43,잔액_2022[분류 항목],"토양수분량")) | I43: =IF(SUMIFS(잔액_2023[결의금액],잔액_2023[통계목],$C43,잔액_2023[분류 항목],"토양수분량")=0,"",SUMIFS(잔액_2023[결의금액],잔액_2023[통계목],$C43,잔액_2023[분류 항목],"토양수분량")) | K43: =IF(SUMIFS(잔액_2024[결의금액],잔액_2024[통계목],$C43,잔액_2024[분류 항목],"토양수분량")=0,"",SUMIFS(잔액_2024[결의금액],잔액_2024[통계목],$C43,잔액_2024[분류 항목],"토양수분량")) | M43: =IF(SUMIFS(잔액_2025[결의금액],잔액_2025[통계목],$C43,잔액_2025[분류 항목],"토양수분량")=0,"",SUMIFS(잔액_2025[결의금액],잔액_2025[통계목],$C43,잔액_2025[분류 항목],"토양수분량"))
B44: 예비비 및 기타 | C44: 소계 | D44: =D45 -> 0 | E44: =E45 -> 0 | F44: =F45 -> 0 | G44: =G45 | H44: =H45 -> 0 | I44: =I45 | J44: =J45 -> 0 | K44: =K45 | ... O44: =O45 -> 0
C45: 예비비 | G45: =IF(SUMIFS(잔액_2022[결의금액],잔액_2022[통계목],$C45,잔액_2022[분류 항목],"토양수분량")=0,"",SUMIFS(잔액_2022[결의금액],잔액_2022[통계목],$C45,잔액_2022[분류 항목],"토양수분량")) | I45: =IF(SUMIFS(잔액_2023[결의금액],잔액_2023[통계목],$C45,잔액_2023[분류 항목],"토양수분량")=0,"",SUMIFS(잔액_2023[결의금액],잔액_2023[통계목],$C45,잔액_2023[분류 항목],"토양수분량")) | K45: =IF(SUMIFS(잔액_2024[결의금액],잔액_2024[통계목],$C45,잔액_2024[분류 항목],"토양수분량")=0,"",SUMIFS(잔액_2024[결의금액],잔액_2024[통계목],$C45,잔액_2024[분류 항목],"토양수분량")) | M45: =IF(SUMIFS(잔액_2025[결의금액],잔액_2025[통계목],$C45,잔액_2025[분류 항목],"토양수분량")=0,"",SUMIFS(잔액_2025[결의금액],잔액_2025[통계목],$C45,잔액_2025[분류 항목],"토양수분량"))
B46: 일반관리비 | C46: 소계 | D46: =D47 -> 0 | E46: =E47 -> 0 | F46: =F47 -> 0 | G46: =G47 | H46: =H47 -> 0 | I46: =I47 | J46: =J47 -> 0 | K46: =K47 | ... O46: =O47 -> 0
C47: 일반관리비 | G47: =IF(SUMIFS(잔액_2022[결의금액],잔액_2022[통계목],$C47,잔액_2022[분류 항목],"토양수분량")=0,"",SUMIFS(잔액_2022[결의금액],잔액_2022[통계목],$C47,잔액_2022[분류 항목],"토양수분량")) | I47: =IF(SUMIFS(잔액_2023[결의금액],잔액_2023[통계목],$C47,잔액_2023[분류 항목],"토양수분량")=0,"",SUMIFS(잔액_2023[결의금액],잔액_2023[통계목],$C47,잔액_2023[분류 항목],"토양수분량")) | K47: =IF(SUMIFS(잔액_2024[결의금액],잔액_2024[통계목],$C47,잔액_2024[분류 항목],"토양수분량")=0,"",SUMIFS(잔액_2024[결의금액],잔액_2024[통계목],$C47,잔액_2024[분류 항목],"토양수분량")) | M47: =IF(SUMIFS(잔액_2025[결의금액],잔액_2025[통계목],$C47,잔액_2025[분류 항목],"토양수분량")=0,"",SUMIFS(잔액_2025[결의금액],잔액_2025[통계목],$C47,잔액_2025[분류 항목],"토양수분량"))

Sheet 증발산량
B1: 증발산량
B2: 편성목 | C2: 통계목 | D2: 2021년 | F2: 2022년 | H2: 2023년 | J2: 2024년 | L2: 2025년 | N2: 2026년
D3: 실행예산 | E3: 잔액 예산 | F3: 실행예산 | G3: 잔액 예산 | H3: 실행예산 | I3: 잔액 예산 | J3: 실행예산 | K3: 잔액 예산 | L3: 실행예산 | M3: 잔액 예산 | N3: 실행예산 | O3: 잔액 예산
B4: 합계 | D4: =SUM(D5,D10,D23,D26,D29,D32,D34,D40,D42,D44,D46) -> 15943450 | E4: =SUM(E5,E10,E23,E26,E29,E32,E34,E40,E42,E44,E46) -> 0 | F4: =SUM(F5,F10,F23,F26,F29,F32,F34,F40,F42,F44,F46) -> 29300000 | G4: =SUM(G5,G10,G23,G26,G29,G32,G34,G40,G42,G44,G46) -> 41525000 | H4: =SUM(H5,H10,H23,H26,H29,H32,H34,H40,H42,H44,H46) -> 37708400 | I4: =SUM(I5,I10,I23,I26,I29,I32,I34,I40,I42,I44,I46) -> 0 | J4: =SUM(J5,J10,J23,J26,J29,J32,J34,J40,J42,J44,J46) -> 30000000 | K4: =SUM(K5,K10,K23,K26,K29,K32,K34,K40,K42,K44,K46) -> 17392120 | ... O4: =SUM(O5,O10,O23,O26,O29,O32,O34,O40,O42,O44,O46) -> 0
B5: 인건비 | C5: 소계 | D5: =SUM(D6:D9) -> 0 | E5: =SUM(E6:E9) -> 0 | F5: =SUM(F6:F9) -> 0 | G5: =SUM(G6:G9) -> 0 | H5: =SUM(H6:H9) -> 696400 | I5: =SUM(I6:I9) -> 0 | J5: =SUM(J6:J9) -> 0 | K5: =SUM(K6:K9) -> 0 | ... O5: =SUM(O6:O9) -> 0
C6: 보수 | G6: =IF(SUMIFS(잔액_2022[결의금액],잔액_2022[통계목],$C6,잔액_2022[분류 항목],"토양수분량")=0,"",SUMIFS(잔액_2022[결의금액],잔액_2022[통계목],$C6,잔액_2022[분류 항목],"토양수분량")) | I6: =IF(SUMIFS(잔액_2023[결의금액],잔액_2023[통계목],$C6,잔액_2023[분류 항목],"토양수분량")=0,"",SUMIFS(잔액_2023[결의금액],잔액_2023[통계목],$C6,잔액_2023[분류 항목],"토양수분량")) | K6: =IF(SUMIFS(잔액_2024[결의금액],잔액_2024[통계목],$C6,잔액_2024[분류 항목],"토양수분량")=0,"",SUMIFS(잔액_2024[결의금액],잔액_2024[통계목],$C6,잔액_2024[분류 항목],"토양수분량")) | M6: =IF(SUMIFS(잔액_2025[결의금액],잔액_2025[통계목],$C6,잔액_2025[분류 항목],"토양수분량")=0,"",SUMIFS(잔액_2025[결의금액],잔액_2025[통계목],$C6,잔액_2025[분류 항목],"토양수분량"))
C7: 기타직보수 | G7: =IF(SUMIFS(잔액_2022[결의금액],잔액_2022[통계목],$C7,잔액_2022[분류 항목],"토양수분량")=0,"",SUMIFS(잔액_2022[결의금액],잔액_2022[통계목],$C7,잔액_2022[분류 항목],"토양수분량")) | I7: =IF(SUMIFS(잔액_2023[결의금액],잔액_2023[통계목],$C7,잔액_2023[분류 항목],"토양수분량")=0,"",SUMIFS(잔액_2023[결의금액],잔액_2023[통계목],$C7,잔액_2023[분류 항목],"토양수분량")) | K7: =IF(SUMIFS(잔액_2024[결의금액],잔액_2024[통계목],$C7,잔액_2024[분류 항목],"토양수분량")=0,"",SUMIFS(잔액_2024[결의금액],잔액_2024[통계목],$C7,잔액_2024[분류 항목],"토양수분량")) | M7: =IF(SUMIFS(잔액_2025[결의금액],잔액_2025[통계목],$C7,잔액_2025[분류 항목],"토양수분량")=0,"",SUMIFS(잔액_2025[결의금액],잔액_2025[통계목],$C7,잔액_2025[분류 항목],"토양수분량"))
C8: 상용임금 | G8: =IF(SUMIFS(잔액_2022[결의금액],잔액_2022[통계목],$C8,잔액_2022[분류 항목],"토양수분량")=0,"",SUMIFS(잔액_2022[결의금액],잔액_2022[통계목],$C8,잔액_2022[분류 항목],"토양수분량")) | H8: 696400 | I8: =IF(SUMIFS(잔액_2023[결의금액],잔액_2023[통계목],$C8,잔액_2023[분류 항목],"토양수분량")=0,"",SUMIFS(잔액_2023[결의금액],잔액_2023[통계목],$C8,잔액_2023[분류 항목],"토양수분량")) | K8: =IF(SUMIFS(잔액_2024[결의금액],잔액_2024[통계목],$C8,잔액_2024[분류 항목],"토양수분량")=0,"",SUMIFS(잔액_2024[결의금액],잔액_2024[통계목],$C8,잔액_2024[분류 항목],"토양수분량")) | M8: =IF(SUMIFS(잔액_2025[결의금액],잔액_2025[통계목],$C8,잔액_2025[분류 항목],"토양수분량")=0,"",SUMIFS(잔액_2025[결의금액],잔액_2025[통계목],$C8,잔액_2025[분류 항목],"토양수분량"))
C9: 일용임금 | G9: =IF(SUMIFS(잔액_2022[결의금액],잔액_2022[통계목],$C9,잔액_2022[분류 항목],"토양수분량")=0,"",SUMIFS(잔액_2022[결의금액],잔액_2022[통계목],$C9,잔액_2022[분류 항목],"토양수분량")) | I9: =IF(SUMIFS(잔액_2023[결의금액],잔액_2023[통계목],$C9,잔액_2023[분류 항목],"토양수분량")=0,"",SUMIFS(잔액_2023[결의금액],잔액_2023[통계목],$C9,잔액_2023[분류 항목],"토양수분량")) | K9: =IF(SUMIFS(잔액_2024[결의금액],잔액_2024[통계목],$C9,잔액_2024[분류 항목],"토양수분량")=0,"",SUMIFS(잔액_2024[결의금액],잔액_2024[통계목],$C9,잔액_2024[분류 항목],"토양수분량")) | M9: =IF(SUMIFS(잔액_2025[결의금액],잔액_2025[통계목],$C9,잔액_2025[분류 항목],"토양수분량")=0,"",SUMIFS(잔액_2025[결의금액],잔액_2025[통계목],$C9,잔액_2025[분류 항목],"토양수분량"))
B10: 운영비 | C10: 소계 | D10: =SUM(D11:D22) -> 14371990 | E10: =SUM(E11:E22) -> 0 | F10: =SUM(F11:F22) -> 23300000 | G10: =SUM(G11:G22) -> 0 | H10: =SUM(H11:H22) -> 29860000 | I10: =SUM(I11:I22) -> 0 | J10: =SUM(J11:J22) -> 19872000 | K10: =SUM(K11:K22) -> 0 | ... O10: =SUM(O11:O22) -> 0
C11: 일반수용비 | D11: 13880990 | F11: 11000000 | G11: =IF(SUMIFS(잔액_2022[결의금액],잔액_2022[통계목],$C11,잔액_2022[분류 항목],"토양수분량")=0,"",SUMIFS(잔액_2022[결의금액],잔액_2022[통계목],$C11,잔액_2022[분류 항목],"토양수분량")) | H11: 4600000 | I11: =IF(SUMIFS(잔액_2023[결의금액],잔액_2023[통계목],$C11,잔액_2023[분류 항목],"토양수분량")=0,"",SUMIFS(잔액_2023[결의금액],잔액_2023[통계목],$C11,잔액_2023[분류 항목],"토양수분량")) | J11: 500000 | K11: =IF(SUMIFS(잔액_2024[결의금액],잔액_2024[통계목],$C11,잔액_2024[분류 항목],"토양수분량")=0,"",SUMIFS(잔액_2024[결의금액],잔액_2024[통계목],$C11,잔액_2024[분류 항목],"토양수분량")) | L11: 750000 | M11: =IF(SUMIFS(잔액_2025[결의금액],잔액_2025[통계목],$C11,잔액_2025[분류 항목],"토양수분량")=0,"",SUMIFS(잔액_2025[결의금액],잔액_2025[통계목],$C11,잔액_2025[분류 항목],"토양수분량"))
C12: 공공요금 및 제세 | F12: 2400000 | G12: =IF(SUMIFS(잔액_2022[결의금액],잔액_2022[통계목],$C12,잔액_2022[분류 항목],"토양수분량")=0,"",SUMIFS(잔액_2022[결의금액],잔액_2022[통계목],$C12,잔액_2022[분류 항목],"토양수분량")) | H12: 2760000 | I12: =IF(SUMIFS(잔액_2023[결의금액],잔액_2023[통계목],$C12,잔액_2023[분류 항목],"토양수분량")=0,"",SUMIFS(잔액_2023[결의금액],잔액_2023[통계목],$C12,잔액_2023[분류 항목],"토양수분량")) | J12: 2520000 | K12: =IF(SUMIFS(잔액_2024[결의금액],잔액_2024[통계목],$C12,잔액_2024[분류 항목],"토양수분량")=0,"",SUMIFS(잔액_2024[결의금액],잔액_2024[통계목],$C12,잔액_2024[분류 항목],"토양수분량")) | L12: 4920000 | M12: =IF(SUMIFS(잔액_2025[결의금액],잔액_2025[통계목],$C12,잔액_2025[분류 항목],"토양수분량")=0,"",SUMIFS(잔액_2025[결의금액],잔액_2025[통계목],$C12,잔액_2025[분류 항목],"토양수분량")) | N12: 4920000
C13: 피복비 | G13: =IF(SUMIFS(잔액_2022[결의금액],잔액_2022[통계목],$C13,잔액_2022[분류 항목],"토양수분량")=0,"",SUMIFS(잔액_2022[결의금액],잔액_2022[통계목],$C13,잔액_2022[분류 항목],"토양수분량")) | I13: =IF(SUMIFS(잔액_2023[결의금액],잔액_2023[통계목],$C13,잔액_2023[분류 항목],"토양수분량")=0,"",SUMIFS(잔액_2023[결의금액],잔액_2023[통계목],$C13,잔액_2023[분류 항목],"토양수분량")) | K13: =IF(SUMIFS(잔액_2024[결의금액],잔액_2024[통계목],$C13,잔액_2024[분류 항목],"토양수분량")=0,"",SUMIFS(잔액_2024[결의금액],잔액_2024[통계목],$C13,잔액_2024[분류 항목],"토양수분량")) | M13: =IF(SUMIFS(잔액_2025[결의금액],잔액_2025[통계목],$C13,잔액_2025[분류 항목],"토양수분량")=0,"",SUMIFS(잔액_2025[결의금액],잔액_2025[통계목],$C13,잔액_2025[분류 항목],"토양수분량"))
C14: 특근매식비 | G14: =IF(SUMIFS(잔액_2022[결의금액],잔액_2022[통계목],$C14,잔액_2022[분류 항목],"토양수분량")=0,"",SUMIFS(잔액_2022[결의금액],잔액_2022[통계목],$C14,잔액_2022[분류 항목],"토양수분량")) | I14: =IF(SUMIFS(잔액_2023[결의금액],잔액_2023[통계목],$C14,잔액_2023[분류 항목],"토양수분량")=0,"",SUMIFS(잔액_2023[결의금액],잔액_2023[통계목],$C14,잔액_2023[분류 항목],"토양수분량")) | K14: =IF(SUMIFS(잔액_2024[결의금액],잔액_2024[통계목],$C14,잔액_2024[분류 항목],"토양수분량")=0,"",SUMIFS(잔액_2024[결의금액],잔액_2024[통계목],$C14,잔액_2024[분류 항목],"토양수분량")) | M14: =IF(SUMIFS(잔액_2025[결의금액],잔액_2025[통계목],$C14,잔액_2025[분류 항목],"토양수분량")=0,"",SUMIFS(잔액_2025[결의금액],잔액_2025[통계목],$C14,잔액_2025[분류 항목],"토양수분량"))
C15: 임차료 | F15: 5000000 | G15: =IF(SUMIFS(잔액_2022[결의금액],잔액_2022[통계목],$C15,잔액_2022[분류 항목],"토양수분량")=0,"",SUMIFS(잔액_2022[결의금액],잔액_2022[통계목],$C15,잔액_2022[분류 항목],"토양수분량")) | H15: 4200000 | I15: =IF(SUMIFS(잔액_2023[결의금액],잔액_2023[통계목],$C15,잔액_2023[분류 항목],"토양수분량")=0,"",SUMIFS(잔액_2023[결의금액],잔액_2023[통계목],$C15,잔액_2023[분류 항목],"토양수분량")) | K15: =IF(SUMIFS(잔액_2024[결의금액],잔액_2024[통계목],$C15,잔액_2024[분류 항목],"토양수분량")=0,"",SUMIFS(잔액_2024[결의금액],잔액_2024[통계목],$C15,잔액_2024[분류 항목],"토양수분량")) | M15: =IF(SUMIFS(잔액_2025[결의금액],잔액_2025[통계목],$C15,잔액_2025[분류 항목],"토양수분량")=0,"",SUMIFS(잔액_2025[결의금액],잔액_2025[통계목],$C15,잔액_2025[분류 항목],"토양수분량"))
C16: 유류비 | D16: 491000 | F16: 1000000 | G16: =IF(SUMIFS(잔액_2022[결의금액],잔액_2022[통계목],$C16,잔액_2022[분류 항목],"토양수분량")=0,"",SUMIFS(잔액_2022[결의금액],잔액_2022[통계목],$C16,잔액_2022[분류 항목],"토양수분량")) | H16: 1100000 | I16: =IF(SUMIFS(잔액_2023[결의금액],잔액_2023[통계목],$C16,잔액_2023[분류 항목],"토양수분량")=0,"",SUMIFS(잔액_2023[결의금액],잔액_2023[통계목],$C16,잔액_2023[분류 항목],"토양수분량")) | J16: 960000 | K16: =IF(SUMIFS(잔액_2024[결의금액],잔액_2024[통계목],$C16,잔액_2024[분류 항목],"토양수분량")=0,"",SUMIFS(잔액_2024[결의금액],잔액_2024[통계목],$C16,잔액_2024[분류 항목],"토양수분량")) | M16: =IF(SUMIFS(잔액_2025[결의금액],잔액_2025[통계목],$C16,잔액_2025[분류 항목],"토양수분량")=0,"",SUMIFS(잔액_2025[결의금액],잔액_2025[통계목],$C16,잔액_2025[분류 항목],"토양수분량"))
C17: 시설장비유지비 | F17: 3900000 | G17: =IF(SUMIFS(잔액_2022[결의금액],잔액_2022[통계목],$C17,잔액_2022[분류 항목],"토양수분량")=0,"",SUMIFS(잔액_2022[결의금액],잔액_2022[통계목],$C17,잔액_2022[분류 항목],"토양수분량")) | H17: 17200000 | I17: =IF(SUMIFS(잔액_2023[결의금액],잔액_2023[통계목],$C17,잔액_2023[분류 항목],"토양수분량")=0,"",SUMIFS(잔액_2023[결의금액],잔액_2023[통계목],$C17,잔액_2023[분류 항목],"토양수분량")) | J17: 15892000 | K17: =IF(SUMIFS(잔액_2024[결의금액],잔액_2024[통계목],$C17,잔액_2024[분류 항목],"토양수분량")=0,"",SUMIFS(잔액_2024[결의금액],잔액_2024[통계목],$C17,잔액_2024[분류 항목],"토양수분량")) | L17: 4500000 | M17: =IF(SUMIFS(잔액_2025[결의금액],잔액_2025[통계목],$C17,잔액_2025[분류 항목],"토양수분량")=0,"",SUMIFS(잔액_2025[결의금액],잔액_2025[통계목],$C17,잔액_2025[분류 항목],"토양수분량")) | N17: 5670000
C18: 재료비 | G18: =IF(SUMIFS(잔액_2022[결의금액],잔액_2022[통계목],$C18,잔액_2022[분류 항목],"토양수분량")=0,"",SUMIFS(잔액_2022[결의금액],잔액_2022[통계목],$C18,잔액_2022[분류 항목],"토양수분량")) | I18: =IF(SUMIFS(잔액_2023[결의금액],잔액_2023[통계목],$C18,잔액_2023[분류 항목],"토양수분량")=0,"",SUMIFS(잔액_2023[결의금액],잔액_2023[통계목],$C18,잔액_2023[분류 항목],"토양수분량")) | K18: =IF(SUMIFS(잔액_2024[결의금액],잔액_2024[통계목],$C18,잔액_2024[분류 항목],"토양수분량")=0,"",SUMIFS(잔액_2024[결의금액],잔액_2024[통계목],$C18,잔액_2024[분류 항목],"토양수분량")) | M18: =IF(SUMIFS(잔액_2025[결의금액],잔액_2025[통계목],$C18,잔액_2025[분류 항목],"토양수분량")=0,"",SUMIFS(잔액_2025[결의금액],잔액_2025[통계목],$C18,잔액_2025[분류 항목],"토양수분량"))
C19: 복리후생비 | G19: =IF(SUMIFS(잔액_2022[결의금액],잔액_2022[통계목],$C19,잔액_2022[분류 항목],"토양수분량")=0,"",SUMIFS(잔액_2022[결의금액],잔액_2022[통계목],$C19,잔액_2022[분류 항목],"토양수분량")) | I19: =IF(SUMIFS(잔액_2023[결의금액],잔액_2023[통계목],$C19,잔액_2023[분류 항목],"토양수분량")=0,"",SUMIFS(잔액_2023[결의금액],잔액_2023[통계목],$C19,잔액_2023[분류 항목],"토양수분량")) | K19: =IF(SUMIFS(잔액_2024[결의금액],잔액_2024[통계목],$C19,잔액_2024[분류 항목],"토양수분량")=0,"",SUMIFS(잔액_2024[결의금액],잔액_2024[통계목],$C19,잔액_2024[분류 항목],"토양수분량")) | M19: =IF(SUMIFS(잔액_2025[결의금액],잔액_2025[통계목],$C19,잔액_2025[분류 항목],"토양수분량")=0,"",SUMIFS(잔액_2025[결의금액],잔액_2025[통계목],$C19,잔액_2025[분류 항목],"토양수분량"))
C20: 일반용역비 | G20: =IF(SUMIFS(잔액_2022[결의금액],잔액_2022[통계목],$C20,잔액_2022[분류 항목],"토양수분량")=0,"",SUMIFS(잔액_2022[결의금액],잔액_2022[통계목],$C20,잔액_2022[분류 항목],"토양수분량")) | I20: =IF(SUMIFS(잔액_2023[결의금액],잔액_2023[통계목],$C20,잔액_2023[분류 항목],"토양수분량")=0,"",SUMIFS(잔액_2023[결의금액],잔액_2023[통계목],$C20,잔액_2023[분류 항목],"토양수분량")) | K20: =IF(SUMIFS(잔액_2024[결의금액],잔액_2024[통계목],$C20,잔액_2024[분류 항목],"토양수분량")=0,"",SUMIFS(잔액_2024[결의금액],잔액_2024[통계목],$C20,잔액_2024[분류 항목],"토양수분량")) | M20: =IF(SUMIFS(잔액_2025[결의금액],잔액_2025[통계목],$C20,잔액_2025[분류 항목],"토양수분량")=0,"",SUMIFS(잔액_2025[결의금액],잔액_2025[통계목],$C20,잔액_2025[분류 항목],"토양수분량"))
C21: 관리용역비 | G21: =IF(SUMIFS(잔액_2022[결의금액],잔액_2022[통계목],$C21,잔액_2022[분류 항목],"토양수분량")=0,"",SUMIFS(잔액_2022[결의금액],잔액_2022[통계목],$C21,잔액_2022[분류 항목],"토양수분량")) | I21: =IF(SUMIFS(잔액_2023[결의금액],잔액_2023[통계목],$C21,잔액_2023[분류 항목],"토양수분량")=0,"",SUMIFS(잔액_2023[결의금액],잔액_2023[통계목],$C21,잔액_2023[분류 항목],"토양수분량")) | K21: =IF(SUMIFS(잔액_2024[결의금액],잔액_2024[통계목],$C21,잔액_2024[분류 항목],"토양수분량")=0,"",SUMIFS(잔액_2024[결의금액],잔액_2024[통계목],$C21,잔액_2024[분류 항목],"토양수분량")) | M21: =IF(SUMIFS(잔액_2025[결의금액],잔액_2025[통계목],$C21,잔액_2025[분류 항목],"토양수분량")=0,"",SUMIFS(잔액_2025[결의금액],잔액_2025[통계목],$C21,잔액_2025[분류 항목],"토양수분량"))
C22: 기타운영비 | G22: =IF(SUMIFS(잔액_2022[결의금액],잔액_2022[통계목],$C22,잔액_2022[분류 항목],"토양수분량")=0,"",SUMIFS(잔액_2022[결의금액],잔액_2022[통계목],$C22,잔액_2022[분류 항목],"토양수분량")) | I22: =IF(SUMIFS(잔액_2023[결의금액],잔액_2023[통계목],$C22,잔액_2023[분류 항목],"토양수분량")=0,"",SUMIFS(잔액_2023[결의금액],잔액_2023[통계목],$C22,잔액_2023[분류 항목],"토양수분량")) | K22: =IF(SUMIFS(잔액_2024[결의금액],잔액_2024[통계목],$C22,잔액_2024[분류 항목],"토양수분량")=0,"",SUMIFS(잔액_2024[결의금액],잔액_2024[통계목],$C22,잔액_2024[분류 항목],"토양수분량")) | M22: =IF(SUMIFS(잔액_2025[결의금액],잔액_2025[통계목],$C22,잔액_2025[분류 항목],"토양수분량")=0,"",SUMIFS(잔액_2025[결의금액],잔액_2025[통계목],$C22,잔액_2025[분류 항목],"토양수분량"))
B23: 여비 | C23: 소계 | D23: =SUM(D24:D25) -> 1571460 | E23: =SUM(E24:E25) -> 0 | F23: =SUM(F24:F25) -> 6000000 | G23: =SUM(G24:G25) -> 0 | H23: =SUM(H24:H25) -> 7152000 | I23: =SUM(I24:I25) -> 0 | J23: =SUM(J24:J25) -> 10128000 | K23: =SUM(K24:K25) -> 0 | ... O23: =SUM(O24:O25) -> 0
C24: 국내여비 | D24: 1571460 | F24: 6000000 | G24: =IF(SUMIFS(잔액_2022[결의금액],잔액_2022[통계목],$C24,잔액_2022[분류 항목],"토양수분량")=0,"",SUMIFS(잔액_2022[결의금액],잔액_2022[통계목],$C24,잔액_2022[분류 항목],"토양수분량")) | H24: 7152000 | I24: =IF(SUMIFS(잔액_2023[결의금액],잔액_2023[통계목],$C24,잔액_2023[분류 항목],"토양수분량")=0,"",SUMIFS(잔액_2023[결의금액],잔액_2023[통계목],$C24,잔액_2023[분류 항목],"토양수분량")) | J24: 10128000 | K24: =IF(SUMIFS(잔액_2024[결의금액],잔액_2024[통계목],$C24,잔액_2024[분류 항목],"토양수분량")=0,"",SUMIFS(잔액_2024[결의금액],잔액_2024[통계목],$C24,잔액_2024[분류 항목],"토양수분량")) | L24: 9830000 | M24: =IF(SUMIFS(잔액_2025[결의금액],잔액_2025[통계목],$C24,잔액_2025[분류 항목],"토양수분량")=0,"",SUMIFS(잔액_2025[결의금액],잔액_2025[통계목],$C24,잔액_2025[분류 항목],"토양수분량")) | N24: 9410000
C25: 국외업무여비 | G25: =IF(SUMIFS(잔액_2022[결의금액],잔액_2022[통계목],$C25,잔액_2022[분류 항목],"토양수분량")=0,"",SUMIFS(잔액_2022[결의금액],잔액_2022[통계목],$C25,잔액_2022[분류 항목],"토양수분량")) | I25: =IF(SUMIFS(잔액_2023[결의금액],잔액_2023[통계목],$C25,잔액_2023[분류 항목],"토양수분량")=0,"",SUMIFS(잔액_2023[결의금액],잔액_2023[통계목],$C25,잔액_2023[분류 항목],"토양수분량")) | K25: =IF(SUMIFS(잔액_2024[결의금액],잔액_2024[통계목],$C25,잔액_2024[분류 항목],"토양수분량")=0,"",SUMIFS(잔액_2024[결의금액],잔액_2024[통계목],$C25,잔액_2024[분류 항목],"토양수분량")) | M25: =IF(SUMIFS(잔액_2025[결의금액],잔액_2025[통계목],$C25,잔액_2025[분류 항목],"토양수분량")=0,"",SUMIFS(잔액_2025[결의금액],잔액_2025[통계목],$C25,잔액_2025[분류 항목],"토양수분량"))
B26: 업무추진비 | C26: 소계 | D26: =SUM(D27:D28) -> 0 | E26: =SUM(E27:E28) -> 0 | F26: =SUM(F27:F28) -> 0 | G26: =SUM(G27:G28) -> 0 | H26: =SUM(H27:H28) -> 0 | I26: =SUM(I27:I28) -> 0 | J26: =SUM(J27:J28) -> 0 | K26: =SUM(K27:K28) -> 0 | ... O26: =SUM(O27:O28) -> 0
C27: 사업추진비 | G27: =IF(SUMIFS(잔액_2022[결의금액],잔액_2022[통계목],$C27,잔액_2022[분류 항목],"토양수분량")=0,"",SUMIFS(잔액_2022[결의금액],잔액_2022[통계목],$C27,잔액_2022[분류 항목],"토양수분량")) | I27: =IF(SUMIFS(잔액_2023[결의금액],잔액_2023[통계목],$C27,잔액_2023[분류 항목],"토양수분량")=0,"",SUMIFS(잔액_2023[결의금액],잔액_2023[통계목],$C27,잔액_2023[분류 항목],"토양수분량")) | K27: =IF(SUMIFS(잔액_2024[결의금액],잔액_2024[통계목],$C27,잔액_2024[분류 항목],"토양수분량")=0,"",SUMIFS(잔액_2024[결의금액],잔액_2024[통계목],$C27,잔액_2024[분류 항목],"토양수분량")) | M27: =IF(SUMIFS(잔액_2025[결의금액],잔액_2025[통계목],$C27,잔액_2025[분류 항목],"토양수분량")=0,"",SUMIFS(잔액_2025[결의금액],잔액_2025[통계목],$C27,잔액_2025[분류 항목],"토양수분량"))
C28: 관서업무추진비 | G28: =IF(SUMIFS(잔액_2022[결의금액],잔액_2022[통계목],$C28,잔액_2022[분류 항목],"토양수분량")=0,"",SUMIFS(잔액_2022[결의금액],잔액_2022[통계목],$C28,잔액_2022[분류 항목],"토양수분량")) | I28: =IF(SUMIFS(잔액_2023[결의금액],잔액_2023[통계목],$C28,잔액_2023[분류 항목],"토양수분량")=0,"",SUMIFS(잔액_2023[결의금액],잔액_2023[통계목],$C28,잔액_2023[분류 항목],"토양수분량")) | K28: =IF(SUMIFS(잔액_2024[결의금액],잔액_2024[통계목],$C28,잔액_2024[분류 항목],"토양수분량")=0,"",SUMIFS(잔액_2024[결의금액],잔액_2024[통계목],$C28,잔액_2024[분류 항목],"토양수분량")) | M28: =IF(SUMIFS(잔액_2025[결의금액],잔액_2025[통계목],$C28,잔액_2025[분류 항목],"토양수분량")=0,"",SUMIFS(잔액_2025[결의금액],잔액_2025[통계목],$C28,잔액_2025[분류 항목],"토양수분량"))
B29: 연구용역비 | C29: 소계 | D29: =SUM(D30:D31) -> 0 | E29: =SUM(E30:E31) -> 0 | F29: =SUM(F30:F31) -> 0 | G29: =SUM(G30:G31) -> 0 | H29: =SUM(H30:H31) -> 0 | I29: =SUM(I30:I31) -> 0 | J29: =SUM(J30:J31) -> 0 | K29: =SUM(K30:K31) -> 17392120 | ... O29: =SUM(O30:O31) -> 0
C30: 일반연구비 | G30: =IF(SUMIFS(잔액_2022[결의금액],잔액_2022[통계목],$C30,잔액_2022[분류 항목],"토양수분량")=0,"",SUMIFS(잔액_2022[결의금액],잔액_2022[통계목],$C30,잔액_2022[분류 항목],"토양수분량")) | I30: {=IFERROR(INDEX(잔액_2023[결의금액],MATCH(1,(잔액_2023[통계목]=$C30)*(잔액_2023[분류 항목]="토양수분량"),0)),"")} | K30: =IF(SUMIFS(잔액_2024[결의금액],잔액_2024[통계목],$C30,잔액_2024[분류 항목],"토양수분량")=0,"",SUMIFS(잔액_2024[결의금액],잔액_2024[통계목],$C30,잔액_2024[분류 항목],"토양수분량")) -> 17392120 | M30: =IF(SUMIFS(잔액_2025[결의금액],잔액_2025[통계목],$C30,잔액_2025[분류 항목],"토양수분량")=0,"",SUMIFS(잔액_2025[결의금액],잔액_2025[통계목],$C30,잔액_2025[분류 항목],"토양수분량")) -> 28461330
C31: 정책연구비 | G31: =IF(SUMIFS(잔액_2022[결의금액],잔액_2022[통계목],$C31,잔액_2022[분류 항목],"토양수분량")=0,"",SUMIFS(잔액_2022[결의금액],잔액_2022[통계목],$C31,잔액_2022[분류 항목],"토양수분량")) | I31: =IF(SUMIFS(잔액_2023[결의금액],잔액_2023[통계목],$C31,잔액_2023[분류 항목],"토양수분량")=0,"",SUMIFS(잔액_2023[결의금액],잔액_2023[통계목],$C31,잔액_2023[분류 항목],"토양수분량")) | K31: =IF(SUMIFS(잔액_2024[결의금액],잔액_2024[통계목],$C31,잔액_2024[분류 항목],"토양수분량")=0,"",SUMIFS(잔액_2024[결의금액],잔액_2024[통계목],$C31,잔액_2024[분류 항목],"토양수분량")) | M31: =IF(SUMIFS(잔액_2025[결의금액],잔액_2025[통계목],$C31,잔액_2025[분류 항목],"토양수분량")=0,"",SUMIFS(잔액_2025[결의금액],잔액_2025[통계목],$C31,잔액_2025[분류 항목],"토양수분량"))
B32: 민간이전 | C32: 소계 | D32: =D33 -> 0 | E32: =E33 -> 0 | F32: =F33 -> 0 | G32: =G33 | H32: =H33 -> 0 | I32: =I33 | J32: =J33 -> 0 | K32: =K33 | ... O32: =O33 -> 0
C33: 고용부담금 | G33: =IF(SUMIFS(잔액_2022[결의금액],잔액_2022[통계목],$C33,잔액_2022[분류 항목],"토양수분량")=0,"",SUMIFS(잔액_2022[결의금액],잔액_2022[통계목],$C33,잔액_2022[분류 항목],"토양수분량")) | I33: =IF(SUMIFS(잔액_2023[결의금액],잔액_2023[통계목],$C33,잔액_2023[분류 항목],"토양수분량")=0,"",SUMIFS(잔액_2023[결의금액],잔액_2023[통계목],$C33,잔액_2023[분류 항목],"토양수분량")) | K33: =IF(SUMIFS(잔액_2024[결의금액],잔액_2024[통계목],$C33,잔액_2024[분류 항목],"토양수분량")=0,"",SUMIFS(잔액_2024[결의금액],잔액_2024[통계목],$C33,잔액_2024[분류 항목],"토양수분량")) | M33: =IF(SUMIFS(잔액_2025[결의금액],잔액_2025[통계목],$C33,잔액_2025[분류 항목],"토양수분량")=0,"",SUMIFS(잔액_2025[결의금액],잔액_2025[통계목],$C33,잔액_2025[분류 항목],"토양수분량"))
B34: 건설비 | C34: 소계 | D34: =SUM(D35:D39) -> 0 | E34: =SUM(E35:E39) -> 0 | F34: =SUM(F35:F39) -> 0 | G34: =SUM(G35:G39) -> 0 | H34: =SUM(H35:H39) -> 0 | I34: =SUM(I35:I39) -> 0 | J34: =SUM(J35:J39) -> 0 | K34: =SUM(K35:K39) -> 0 | ... O34: =SUM(O35:O39) -> 0
C35: 기본조사설계비 | G35: =IF(SUMIFS(잔액_2022[결의금액],잔액_2022[통계목],$C35,잔액_2022[분류 항목],"토양수분량")=0,"",SUMIFS(잔액_2022[결의금액],잔액_2022[통계목],$C35,잔액_2022[분류 항목],"토양수분량")) | I35: =IF(SUMIFS(잔액_2023[결의금액],잔액_2023[통계목],$C35,잔액_2023[분류 항목],"토양수분량")=0,"",SUMIFS(잔액_2023[결의금액],잔액_2023[통계목],$C35,잔액_2023[분류 항목],"토양수분량")) | K35: =IF(SUMIFS(잔액_2024[결의금액],잔액_2024[통계목],$C35,잔액_2024[분류 항목],"토양수분량")=0,"",SUMIFS(잔액_2024[결의금액],잔액_2024[통계목],$C35,잔액_2024[분류 항목],"토양수분량")) | M35: =IF(SUMIFS(잔액_2025[결의금액],잔액_2025[통계목],$C35,잔액_2025[분류 항목],"토양수분량")=0,"",SUMIFS(잔액_2025[결의금액],잔액_2025[통계목],$C35,잔액_2025[분류 항목],"토양수분량"))
C36: 실시설계비 | G36: =IF(SUMIFS(잔액_2022[결의금액],잔액_2022[통계목],$C36,잔액_2022[분류 항목],"토양수분량")=0,"",SUMIFS(잔액_2022[결의금액],잔액_2022[통계목],$C36,잔액_2022[분류 항목],"토양수분량")) | I36: =IF(SUMIFS(잔액_2023[결의금액],잔액_2023[통계목],$C36,잔액_2023[분류 항목],"토양수분량")=0,"",SUMIFS(잔액_2023[결의금액],잔액_2023[통계목],$C36,잔액_2023[분류 항목],"토양수분량")) | K36: =IF(SUMIFS(잔액_2024[결의금액],잔액_2024[통계목],$C36,잔액_2024[분류 항목],"토양수분량")=0,"",SUMIFS(잔액_2024[결의금액],잔액_2024[통계목],$C36,잔액_2024[분류 항목],"토양수분량")) | M36: =IF(SUMIFS(잔액_2025[결의금액],잔액_2025[통계목],$C36,잔액_2025[분류 항목],"토양수분량")=0,"",SUMIFS(잔액_2025[결의금액],잔액_2025[통계목],$C36,잔액_2025[분류 항목],"토양수분량"))
C37: 공사비 | G37: =IF(SUMIFS(잔액_2022[결의금액],잔액_2022[통계목],$C37,잔액_2022[분류 항목],"토양수분량")=0,"",SUMIFS(잔액_2022[결의금액],잔액_2022[통계목],$C37,잔액_2022[분류 항목],"토양수분량")) | I37: =IF(SUMIFS(잔액_2023[결의금액],잔액_2023[통계목],$C37,잔액_2023[분류 항목],"토양수분량")=0,"",SUMIFS(잔액_2023[결의금액],잔액_2023[통계목],$C37,잔액_2023[분류 항목],"토양수분량")) | K37: =IF(SUMIFS(잔액_2024[결의금액],잔액_2024[통계목],$C37,잔액_2024[분류 항목],"토양수분량")=0,"",SUMIFS(잔액_2024[결의금액],잔액_2024[통계목],$C37,잔액_2024[분류 항목],"토양수분량")) | M37: =IF(SUMIFS(잔액_2025[결의금액],잔액_2025[통계목],$C37,잔액_2025[분류 항목],"토양수분량")=0,"",SUMIFS(잔액_2025[결의금액],잔액_2025[통계목],$C37,잔액_2025[분류 항목],"토양수분량"))
C38: 감리비 | G38: =IF(SUMIFS(잔액_2022[결의금액],잔액_2022[통계목],$C38,잔액_2022[분류 항목],"토양수분량")=0,"",SUMIFS(잔액_2022[결의금액],잔액_2022[통계목],$C38,잔액_2022[분류 항목],"토양수분량")) | I38: =IF(SUMIFS(잔액_2023[결의금액],잔액_2023[통계목],$C38,잔액_2023[분류 항목],"토양수분량")=0,"",SUMIFS(잔액_2023[결의금액],잔액_2023[통계목],$C38,잔액_2023[분류 항목],"토양수분량")) | K38: =IF(SUMIFS(잔액_2024[결의금액],잔액_2024[통계목],$C38,잔액_2024[분류 항목],"토양수분량")=0,"",SUMIFS(잔액_2024[결의금액],잔액_2024[통계목],$C38,잔액_2024[분류 항목],"토양수분량")) | M38: =IF(SUMIFS(잔액_2025[결의금액],잔액_2025[통계목],$C38,잔액_2025[분류 항목],"토양수분량")=0,"",SUMIFS(잔액_2025[결의금액],잔액_2025[통계목],$C38,잔액_2025[분류 항목],"토양수분량"))
C39: 시설부대비 | G39: =IF(SUMIFS(잔액_2022[결의금액],잔액_2022[통계목],$C39,잔액_2022[분류 항목],"토양수분량")=0,"",SUMIFS(잔액_2022[결의금액],잔액_2022[통계목],$C39,잔액_2022[분류 항목],"토양수분량")) | I39: =IF(SUMIFS(잔액_2023[결의금액],잔액_2023[통계목],$C39,잔액_2023[분류 항목],"토양수분량")=0,"",SUMIFS(잔액_2023[결의금액],잔액_2023[통계목],$C39,잔액_2023[분류 항목],"토양수분량")) | K39: =IF(SUMIFS(잔액_2024[결의금액],잔액_2024[통계목],$C39,잔액_2024[분류 항목],"토양수분량")=0,"",SUMIFS(잔액_2024[결의금액],잔액_2024[통계목],$C39,잔액_2024[분류 항목],"토양수분량")) | M39: =IF(SUMIFS(잔액_2025[결의금액],잔액_2025[통계목],$C39,잔액_2025[분류 항목],"토양수분량")=0,"",SUMIFS(잔액_2025[결의금액],잔액_2025[통계목],$C39,잔액_2025[분류 항목],"토양수분량"))
B40: 유형자산 | C40: 소계 | D40: =D41 -> 0 | E40: =E41 -> 0 | F40: =F41 -> 0 | G40: =G41 -> 41525000 | H40: =H41 -> 0 | I40: =I41 | J40: =J41 -> 0 | K40: =K41 | ... O40: =O41 -> 0
C41: 자산취득비 | G41: =IF(SUMIFS(잔액_2022[결의금액],잔액_2022[통계목],$C41,잔액_2022[분류 항목],"토양수분량")=0,"",SUMIFS(잔액_2022[결의금액],잔액_2022[통계목],$C41,잔액_2022[분류 항목],"토양수분량")) -> 41525000 | I41: =IF(SUMIFS(잔액_2023[결의금액],잔액_2023[통계목],$C41,잔액_2023[분류 항목],"토양수분량")=0,"",SUMIFS(잔액_2023[결의금액],잔액_2023[통계목],$C41,잔액_2023[분류 항목],"토양수분량")) | K41: =IF(SUMIFS(잔액_2024[결의금액],잔액_2024[통계목],$C41,잔액_2024[분류 항목],"토양수분량")=0,"",SUMIFS(잔액_2024[결의금액],잔액_2024[통계목],$C41,잔액_2024[분류 항목],"토양수분량")) | M41: =IF(SUMIFS(잔액_2025[결의금액],잔액_2025[통계목],$C41,잔액_2025[분류 항목],"토양수분량")=0,"",SUMIFS(잔액_2025[결의금액],잔액_2025[통계목],$C41,잔액_2025[분류 항목],"토양수분량")) -> 15675000
B42: 무형자산 | C42: 소계 | D42: =D43 -> 0 | E42: =E43 -> 0 | F42: =F43 -> 0 | G42: =G43 | H42: =H43 -> 0 | I42: =I43 | J42: =J43 -> 0 | K42: =K43 | ... O42: =O43 -> 0
C43: 무형자산 | G43: =IF(SUMIFS(잔액_2022[결의금액],잔액_2022[통계목],$C43,잔액_2022[분류 항목],"토양수분량")=0,"",SUMIFS(잔액_2022[결의금액],잔액_2022[통계목],$C43,잔액_2022[분류 항목],"토양수분량")) | I43: =IF(SUMIFS(잔액_2023[결의금액],잔액_2023[통계목],$C43,잔액_2023[분류 항목],"토양수분량")=0,"",SUMIFS(잔액_2023[결의금액],잔액_2023[통계목],$C43,잔액_2023[분류 항목],"토양수분량")) | K43: =IF(SUMIFS(잔액_2024[결의금액],잔액_2024[통계목],$C43,잔액_2024[분류 항목],"토양수분량")=0,"",SUMIFS(잔액_2024[결의금액],잔액_2024[통계목],$C43,잔액_2024[분류 항목],"토양수분량")) | M43: =IF(SUMIFS(잔액_2025[결의금액],잔액_2025[통계목],$C43,잔액_2025[분류 항목],"토양수분량")=0,"",SUMIFS(잔액_2025[결의금액],잔액_2025[통계목],$C43,잔액_2025[분류 항목],"토양수분량"))
B44: 예비비 및 기타 | C44: 소계 | D44: =D45 -> 0 | E44: =E45 -> 0 | F44: =F45 -> 0 | G44: =G45 | H44: =H45 -> 0 | I44: =I45 | J44: =J45 -> 0 | K44: =K45 | ... O44: =O45 -> 0
C45: 예비비 | G45: =IF(SUMIFS(잔액_2022[결의금액],잔액_2022[통계목],$C45,잔액_2022[분류 항목],"토양수분량")=0,"",SUMIFS(잔액_2022[결의금액],잔액_2022[통계목],$C45,잔액_2022[분류 항목],"토양수분량")) | I45: =IF(SUMIFS(잔액_2023[결의금액],잔액_2023[통계목],$C45,잔액_2023[분류 항목],"토양수분량")=0,"",SUMIFS(잔액_2023[결의금액],잔액_2023[통계목],$C45,잔액_2023[분류 항목],"토양수분량")) | K45: =IF(SUMIFS(잔액_2024[결의금액],잔액_2024[통계목],$C45,잔액_2024[분류 항목],"토양수분량")=0,"",SUMIFS(잔액_2024[결의금액],잔액_2024[통계목],$C45,잔액_2024[분류 항목],"토양수분량")) | M45: =IF(SUMIFS(잔액_2025[결의금액],잔액_2025[통계목],$C45,잔액_2025[분류 항목],"토양수분량")=0,"",SUMIFS(잔액_2025[결의금액],잔액_2025[통계목],$C45,잔액_2025[분류 항목],"토양수분량"))
B46: 일반관리비 | C46: 소계 | D46: =D47 -> 0 | E46: =E47 -> 0 | F46: =F47 -> 0 | G46: =G47 | H46: =H47 -> 0 | I46: =I47 | J46: =J47 -> 0 | K46: =K47 | ... O46: =O47 -> 0
C47: 일반관리비 | G47: =IF(SUMIFS(잔액_2022[결의금액],잔액_2022[통계목],$C47,잔액_2022[분류 항목],"토양수분량")=0,"",SUMIFS(잔액_2022[결의금액],잔액_2022[통계목],$C47,잔액_2022[분류 항목],"토양수분량")) | I47: =IF(SUMIFS(잔액_2023[결의금액],잔액_2023[통계목],$C47,잔액_2023[분류 항목],"토양수분량")=0,"",SUMIFS(잔액_2023[결의금액],잔액_2023[통계목],$C47,잔액_2023[분류 항목],"토양수분량")) | K47: =IF(SUMIFS(잔액_2024[결의금액],잔액_2024[통계목],$C47,잔액_2024[분류 항목],"토양수분량")=0,"",SUMIFS(잔액_2024[결의금액],잔액_2024[통계목],$C47,잔액_2024[분류 항목],"토양수분량")) | M47: =IF(SUMIFS(잔액_2025[결의금액],잔액_2025[통계목],$C47,잔액_2025[분류 항목],"토양수분량")=0,"",SUMIFS(잔액_2025[결의금액],잔액_2025[통계목],$C47,잔액_2025[분류 항목],"토양수분량"))

Sheet 자동유량
B1: 자동유량
B2: 편성목 | C2: 통계목 | D2: 2021년 | F2: 2022년 | H2: 2023년 | J2: 2024년 | L2: 2025년 | N2: 2026년
D3: 실행예산 | E3: 잔액 예산 | F3: 실행예산 | G3: 잔액 예산 | H3: 실행예산 | I3: 잔액 예산 | J3: 실행예산 | K3: 잔액 예산 | L3: 실행예산 | M3: 잔액 예산 | N3: 실행예산 | O3: 잔액 예산
B4: 합계 | D4: =SUM(D5,D10,D23,D26,D29,D32,D34,D40,D42,D44,D46) -> 922911768 | E4: =SUM(E5,E10,E23,E26,E29,E32,E34,E40,E42,E44,E46) -> 0 | F4: =SUM(F5,F10,F23,F26,F29,F32,F34,F40,F42,F44,F46) -> 5618000000 | G4: =SUM(G5,G10,G23,G26,G29,G32,G34,G40,G42,G44,G46) -> 41525000 | H4: =SUM(H5,H10,H23,H26,H29,H32,H34,H40,H42,H44,H46) -> 5377336970 | I4: =SUM(I5,I10,I23,I26,I29,I32,I34,I40,I42,I44,I46) -> 0 | J4: =SUM(J5,J10,J23,J26,J29,J32,J34,J40,J42,J44,J46) -> 6912209423 | K4: =SUM(K5,K10,K23,K26,K29,K32,K34,K40,K42,K44,K46) -> 17392120 | ... O4: =SUM(O5,O10,O23,O26,O29,O32,O34,O40,O42,O44,O46) -> 0
B5: 인건비 | C5: 소계 | D5: =SUM(D6:D9) -> 22000000 | E5: =SUM(E6:E9) -> 0 | F5: =SUM(F6:F9) -> 56000000 | G5: =SUM(G6:G9) -> 0 | H5: =SUM(H6:H9) -> 65049195 | I5: =SUM(I6:I9) -> 0 | J5: =SUM(J6:J9) -> 50061407 | K5: =SUM(K6:K9) -> 0 | ... O5: =SUM(O6:O9) -> 0
C6: 보수 | G6: =IF(SUMIFS(잔액_2022[결의금액],잔액_2022[통계목],$C6,잔액_2022[분류 항목],"토양수분량")=0,"",SUMIFS(잔액_2022[결의금액],잔액_2022[통계목],$C6,잔액_2022[분류 항목],"토양수분량")) | I6: =IF(SUMIFS(잔액_2023[결의금액],잔액_2023[통계목],$C6,잔액_2023[분류 항목],"토양수분량")=0,"",SUMIFS(잔액_2023[결의금액],잔액_2023[통계목],$C6,잔액_2023[분류 항목],"토양수분량")) | K6: =IF(SUMIFS(잔액_2024[결의금액],잔액_2024[통계목],$C6,잔액_2024[분류 항목],"토양수분량")=0,"",SUMIFS(잔액_2024[결의금액],잔액_2024[통계목],$C6,잔액_2024[분류 항목],"토양수분량")) | M6: =IF(SUMIFS(잔액_2025[결의금액],잔액_2025[통계목],$C6,잔액_2025[분류 항목],"토양수분량")=0,"",SUMIFS(잔액_2025[결의금액],잔액_2025[통계목],$C6,잔액_2025[분류 항목],"토양수분량"))
C7: 기타직보수 | G7: =IF(SUMIFS(잔액_2022[결의금액],잔액_2022[통계목],$C7,잔액_2022[분류 항목],"토양수분량")=0,"",SUMIFS(잔액_2022[결의금액],잔액_2022[통계목],$C7,잔액_2022[분류 항목],"토양수분량")) | I7: =IF(SUMIFS(잔액_2023[결의금액],잔액_2023[통계목],$C7,잔액_2023[분류 항목],"토양수분량")=0,"",SUMIFS(잔액_2023[결의금액],잔액_2023[통계목],$C7,잔액_2023[분류 항목],"토양수분량")) | K7: =IF(SUMIFS(잔액_2024[결의금액],잔액_2024[통계목],$C7,잔액_2024[분류 항목],"토양수분량")=0,"",SUMIFS(잔액_2024[결의금액],잔액_2024[통계목],$C7,잔액_2024[분류 항목],"토양수분량")) | M7: =IF(SUMIFS(잔액_2025[결의금액],잔액_2025[통계목],$C7,잔액_2025[분류 항목],"토양수분량")=0,"",SUMIFS(잔액_2025[결의금액],잔액_2025[통계목],$C7,잔액_2025[분류 항목],"토양수분량"))
C8: 상용임금 | F8: 56000000 | G8: =IF(SUMIFS(잔액_2022[결의금액],잔액_2022[통계목],$C8,잔액_2022[분류 항목],"토양수분량")=0,"",SUMIFS(잔액_2022[결의금액],잔액_2022[통계목],$C8,잔액_2022[분류 항목],"토양수분량")) | H8: 65049195 | I8: =IF(SUMIFS(잔액_2023[결의금액],잔액_2023[통계목],$C8,잔액_2023[분류 항목],"토양수분량")=0,"",SUMIFS(잔액_2023[결의금액],잔액_2023[통계목],$C8,잔액_2023[분류 항목],"토양수분량")) | J8: 50061407 | K8: =IF(SUMIFS(잔액_2024[결의금액],잔액_2024[통계목],$C8,잔액_2024[분류 항목],"토양수분량")=0,"",SUMIFS(잔액_2024[결의금액],잔액_2024[통계목],$C8,잔액_2024[분류 항목],"토양수분량")) | L8: 300581085 | M8: =IF(SUMIFS(잔액_2025[결의금액],잔액_2025[통계목],$C8,잔액_2025[분류 항목],"토양수분량")=0,"",SUMIFS(잔액_2025[결의금액],잔액_2025[통계목],$C8,잔액_2025[분류 항목],"토양수분량"))
C9: 일용임금 | D9: 22000000 | G9: =IF(SUMIFS(잔액_2022[결의금액],잔액_2022[통계목],$C9,잔액_2022[분류 항목],"토양수분량")=0,"",SUMIFS(잔액_2022[결의금액],잔액_2022[통계목],$C9,잔액_2022[분류 항목],"토양수분량")) | I9: =IF(SUMIFS(잔액_2023[결의금액],잔액_2023[통계목],$C9,잔액_2023[분류 항목],"토양수분량")=0,"",SUMIFS(잔액_2023[결의금액],잔액_2023[통계목],$C9,잔액_2023[분류 항목],"토양수분량")) | K9: =IF(SUMIFS(잔액_2024[결의금액],잔액_2024[통계목],$C9,잔액_2024[분류 항목],"토양수분량")=0,"",SUMIFS(잔액_2024[결의금액],잔액_2024[통계목],$C9,잔액_2024[분류 항목],"토양수분량")) | M9: =IF(SUMIFS(잔액_2025[결의금액],잔액_2025[통계목],$C9,잔액_2025[분류 항목],"토양수분량")=0,"",SUMIFS(잔액_2025[결의금액],잔액_2025[통계목],$C9,잔액_2025[분류 항목],"토양수분량"))
B10: 운영비 | C10: 소계 | D10: =SUM(D11:D22) -> 825222708 | E10: =SUM(E11:E22) -> 0 | F10: =SUM(F11:F22) -> 4899000000 | G10: =SUM(G11:G22) -> 0 | H10: =SUM(H11:H22) -> 2747650600 | I10: =SUM(I11:I22) -> 0 | J10: =SUM(J11:J22) -> 2173967740 | K10: =SUM(K11:K22) -> 0 | ... O10: =SUM(O11:O22) -> 0
C11: 일반수용비 | D11: 437203370 | F11: 53000000 | G11: =IF(SUMIFS(잔액_2022[결의금액],잔액_2022[통계목],$C11,잔액_2022[분류 항목],"토양수분량")=0,"",SUMIFS(잔액_2022[결의금액],잔액_2022[통계목],$C11,잔액_2022[분류 항목],"토양수분량")) | H11: 77680000 | I11: =IF(SUMIFS(잔액_2023[결의금액],잔액_2023[통계목],$C11,잔액_2023[분류 항목],"토양수분량")=0,"",SUMIFS(잔액_2023[결의금액],잔액_2023[통계목],$C11,잔액_2023[분류 항목],"토양수분량")) | J11: 183523100 | K11: =IF(SUMIFS(잔액_2024[결의금액],잔액_2024[통계목],$C11,잔액_2024[분류 항목],"토양수분량")=0,"",SUMIFS(잔액_2024[결의금액],잔액_2024[통계목],$C11,잔액_2024[분류 항목],"토양수분량")) | L11: 83216000 | M11: =IF(SUMIFS(잔액_2025[결의금액],잔액_2025[통계목],$C11,잔액_2025[분류 항목],"토양수분량")=0,"",SUMIFS(잔액_2025[결의금액],잔액_2025[통계목],$C11,잔액_2025[분류 항목],"토양수분량")) | N11: 24810000
C12: 공공요금 및 제세 | D12: 28774010 | F12: 64000000 | G12: =IF(SUMIFS(잔액_2022[결의금액],잔액_2022[통계목],$C12,잔액_2022[분류 항목],"토양수분량")=0,"",SUMIFS(잔액_2022[결의금액],잔액_2022[통계목],$C12,잔액_2022[분류 항목],"토양수분량")) | H12: 69592000 | I12: =IF(SUMIFS(잔액_2023[결의금액],잔액_2023[통계목],$C12,잔액_2023[분류 항목],"토양수분량")=0,"",SUMIFS(잔액_2023[결의금액],잔액_2023[통계목],$C12,잔액_2023[분류 항목],"토양수분량")) | J12: 113802000 | K12: =IF(SUMIFS(잔액_2024[결의금액],잔액_2024[통계목],$C12,잔액_2024[분류 항목],"토양수분량")=0,"",SUMIFS(잔액_2024[결의금액],잔액_2024[통계목],$C12,잔액_2024[분류 항목],"토양수분량")) | L12: 139632000 | M12: =IF(SUMIFS(잔액_2025[결의금액],잔액_2025[통계목],$C12,잔액_2025[분류 항목],"토양수분량")=0,"",SUMIFS(잔액_2025[결의금액],잔액_2025[통계목],$C12,잔액_2025[분류 항목],"토양수분량")) | N12: 198700000
C13: 피복비 | G13: =IF(SUMIFS(잔액_2022[결의금액],잔액_2022[통계목],$C13,잔액_2022[분류 항목],"토양수분량")=0,"",SUMIFS(잔액_2022[결의금액],잔액_2022[통계목],$C13,잔액_2022[분류 항목],"토양수분량")) | I13: =IF(SUMIFS(잔액_2023[결의금액],잔액_2023[통계목],$C13,잔액_2023[분류 항목],"토양수분량")=0,"",SUMIFS(잔액_2023[결의금액],잔액_2023[통계목],$C13,잔액_2023[분류 항목],"토양수분량")) | K13: =IF(SUMIFS(잔액_2024[결의금액],잔액_2024[통계목],$C13,잔액_2024[분류 항목],"토양수분량")=0,"",SUMIFS(잔액_2024[결의금액],잔액_2024[통계목],$C13,잔액_2024[분류 항목],"토양수분량")) | M13: =IF(SUMIFS(잔액_2025[결의금액],잔액_2025[통계목],$C13,잔액_2025[분류 항목],"토양수분량")=0,"",SUMIFS(잔액_2025[결의금액],잔액_2025[통계목],$C13,잔액_2025[분류 항목],"토양수분량"))
C14: 특근매식비 | G14: =IF(SUMIFS(잔액_2022[결의금액],잔액_2022[통계목],$C14,잔액_2022[분류 항목],"토양수분량")=0,"",SUMIFS(잔액_2022[결의금액],잔액_2022[통계목],$C14,잔액_2022[분류 항목],"토양수분량")) | I14: =IF(SUMIFS(잔액_2023[결의금액],잔액_2023[통계목],$C14,잔액_2023[분류 항목],"토양수분량")=0,"",SUMIFS(잔액_2023[결의금액],잔액_2023[통계목],$C14,잔액_2023[분류 항목],"토양수분량")) | K14: =IF(SUMIFS(잔액_2024[결의금액],잔액_2024[통계목],$C14,잔액_2024[분류 항목],"토양수분량")=0,"",SUMIFS(잔액_2024[결의금액],잔액_2024[통계목],$C14,잔액_2024[분류 항목],"토양수분량")) | M14: =IF(SUMIFS(잔액_2025[결의금액],잔액_2025[통계목],$C14,잔액_2025[분류 항목],"토양수분량")=0,"",SUMIFS(잔액_2025[결의금액],잔액_2025[통계목],$C14,잔액_2025[분류 항목],"토양수분량"))
C15: 임차료 | F15: 105000000 | G15: =IF(SUMIFS(잔액_2022[결의금액],잔액_2022[통계목],$C15,잔액_2022[분류 항목],"토양수분량")=0,"",SUMIFS(잔액_2022[결의금액],잔액_2022[통계목],$C15,잔액_2022[분류 항목],"토양수분량")) | H15: 203900000 | I15: =IF(SUMIFS(잔액_2023[결의금액],잔액_2023[통계목],$C15,잔액_2023[분류 항목],"토양수분량")=0,"",SUMIFS(잔액_2023[결의금액],잔액_2023[통계목],$C15,잔액_2023[분류 항목],"토양수분량")) | J15: 228700000 | K15: =IF(SUMIFS(잔액_2024[결의금액],잔액_2024[통계목],$C15,잔액_2024[분류 항목],"토양수분량")=0,"",SUMIFS(잔액_2024[결의금액],잔액_2024[통계목],$C15,잔액_2024[분류 항목],"토양수분량")) | L15: 164795400 | M15: =IF(SUMIFS(잔액_2025[결의금액],잔액_2025[통계목],$C15,잔액_2025[분류 항목],"토양수분량")=0,"",SUMIFS(잔액_2025[결의금액],잔액_2025[통계목],$C15,잔액_2025[분류 항목],"토양수분량")) | N15: 211660000
C16: 유류비 | D16: 13023028 | F16: 24000000 | G16: =IF(SUMIFS(잔액_2022[결의금액],잔액_2022[통계목],$C16,잔액_2022[분류 항목],"토양수분량")=0,"",SUMIFS(잔액_2022[결의금액],잔액_2022[통계목],$C16,잔액_2022[분류 항목],"토양수분량")) | H16: 25200000 | I16: =IF(SUMIFS(잔액_2023[결의금액],잔액_2023[통계목],$C16,잔액_2023[분류 항목],"토양수분량")=0,"",SUMIFS(잔액_2023[결의금액],잔액_2023[통계목],$C16,잔액_2023[분류 항목],"토양수분량")) | J16: 25200000 | K16: =IF(SUMIFS(잔액_2024[결의금액],잔액_2024[통계목],$C16,잔액_2024[분류 항목],"토양수분량")=0,"",SUMIFS(잔액_2024[결의금액],잔액_2024[통계목],$C16,잔액_2024[분류 항목],"토양수분량")) | L16: 15600000 | M16: =IF(SUMIFS(잔액_2025[결의금액],잔액_2025[통계목],$C16,잔액_2025[분류 항목],"토양수분량")=0,"",SUMIFS(잔액_2025[결의금액],잔액_2025[통계목],$C16,잔액_2025[분류 항목],"토양수분량")) | N16: 16400000
C17: 시설장비유지비 | D17: 346222300 | F17: 30000000 | G17: =IF(SUMIFS(잔액_2022[결의금액],잔액_2022[통계목],$C17,잔액_2022[분류 항목],"토양수분량")=0,"",SUMIFS(잔액_2022[결의금액],잔액_2022[통계목],$C17,잔액_2022[분류 항목],"토양수분량")) | H17: 32200000 | I17: =IF(SUMIFS(잔액_2023[결의금액],잔액_2023[통계목],$C17,잔액_2023[분류 항목],"토양수분량")=0,"",SUMIFS(잔액_2023[결의금액],잔액_2023[통계목],$C17,잔액_2023[분류 항목],"토양수분량")) | J17: 32400000 | K17: =IF(SUMIFS(잔액_2024[결의금액],잔액_2024[통계목],$C17,잔액_2024[분류 항목],"토양수분량")=0,"",SUMIFS(잔액_2024[결의금액],잔액_2024[통계목],$C17,잔액_2024[분류 항목],"토양수분량")) | L17: 38200000 | M17: =IF(SUMIFS(잔액_2025[결의금액],잔액_2025[통계목],$C17,잔액_2025[분류 항목],"토양수분량")=0,"",SUMIFS(잔액_2025[결의금액],잔액_2025[통계목],$C17,잔액_2025[분류 항목],"토양수분량")) | N17: 10500000
C18: 재료비 | G18: =IF(SUMIFS(잔액_2022[결의금액],잔액_2022[통계목],$C18,잔액_2022[분류 항목],"토양수분량")=0,"",SUMIFS(잔액_2022[결의금액],잔액_2022[통계목],$C18,잔액_2022[분류 항목],"토양수분량")) | I18: =IF(SUMIFS(잔액_2023[결의금액],잔액_2023[통계목],$C18,잔액_2023[분류 항목],"토양수분량")=0,"",SUMIFS(잔액_2023[결의금액],잔액_2023[통계목],$C18,잔액_2023[분류 항목],"토양수분량")) | J18: 27800000 | K18: =IF(SUMIFS(잔액_2024[결의금액],잔액_2024[통계목],$C18,잔액_2024[분류 항목],"토양수분량")=0,"",SUMIFS(잔액_2024[결의금액],잔액_2024[통계목],$C18,잔액_2024[분류 항목],"토양수분량")) | L18: 16250000 | M18: =IF(SUMIFS(잔액_2025[결의금액],잔액_2025[통계목],$C18,잔액_2025[분류 항목],"토양수분량")=0,"",SUMIFS(잔액_2025[결의금액],잔액_2025[통계목],$C18,잔액_2025[분류 항목],"토양수분량")) | N18: 2000000
C19: 복리후생비 | G19: =IF(SUMIFS(잔액_2022[결의금액],잔액_2022[통계목],$C19,잔액_2022[분류 항목],"토양수분량")=0,"",SUMIFS(잔액_2022[결의금액],잔액_2022[통계목],$C19,잔액_2022[분류 항목],"토양수분량")) | I19: =IF(SUMIFS(잔액_2023[결의금액],잔액_2023[통계목],$C19,잔액_2023[분류 항목],"토양수분량")=0,"",SUMIFS(잔액_2023[결의금액],잔액_2023[통계목],$C19,잔액_2023[분류 항목],"토양수분량")) | K19: =IF(SUMIFS(잔액_2024[결의금액],잔액_2024[통계목],$C19,잔액_2024[분류 항목],"토양수분량")=0,"",SUMIFS(잔액_2024[결의금액],잔액_2024[통계목],$C19,잔액_2024[분류 항목],"토양수분량")) | M19: =IF(SUMIFS(잔액_2025[결의금액],잔액_2025[통계목],$C19,잔액_2025[분류 항목],"토양수분량")=0,"",SUMIFS(잔액_2025[결의금액],잔액_2025[통계목],$C19,잔액_2025[분류 항목],"토양수분량"))
C20: 일반용역비 | G20: =IF(SUMIFS(잔액_2022[결의금액],잔액_2022[통계목],$C20,잔액_2022[분류 항목],"토양수분량")=0,"",SUMIFS(잔액_2022[결의금액],잔액_2022[통계목],$C20,잔액_2022[분류 항목],"토양수분량")) | I20: =IF(SUMIFS(잔액_2023[결의금액],잔액_2023[통계목],$C20,잔액_2023[분류 항목],"토양수분량")=0,"",SUMIFS(잔액_2023[결의금액],잔액_2023[통계목],$C20,잔액_2023[분류 항목],"토양수분량")) | K20: =IF(SUMIFS(잔액_2024[결의금액],잔액_2024[통계목],$C20,잔액_2024[분류 항목],"토양수분량")=0,"",SUMIFS(잔액_2024[결의금액],잔액_2024[통계목],$C20,잔액_2024[분류 항목],"토양수분량")) | L20: 100000000 | M20: =IF(SUMIFS(잔액_2025[결의금액],잔액_2025[통계목],$C20,잔액_2025[분류 항목],"토양수분량")=0,"",SUMIFS(잔액_2025[결의금액],잔액_2025[통계목],$C20,잔액_2025[분류 항목],"토양수분량"))
C21: 관리용역비 | F21: 4623000000 | G21: =IF(SUMIFS(잔액_2022[결의금액],잔액_2022[통계목],$C21,잔액_2022[분류 항목],"토양수분량")=0,"",SUMIFS(잔액_2022[결의금액],잔액_2022[통계목],$C21,잔액_2022[분류 항목],"토양수분량")) | H21: 2339078600 | I21: =IF(SUMIFS(잔액_2023[결의금액],잔액_2023[통계목],$C21,잔액_2023[분류 항목],"토양수분량")=0,"",SUMIFS(잔액_2023[결의금액],잔액_2023[통계목],$C21,잔액_2023[분류 항목],"토양수분량")) | J21: 1562542640 | K21: =IF(SUMIFS(잔액_2024[결의금액],잔액_2024[통계목],$C21,잔액_2024[분류 항목],"토양수분량")=0,"",SUMIFS(잔액_2024[결의금액],잔액_2024[통계목],$C21,잔액_2024[분류 항목],"토양수분량")) | L21: 3049500000 | M21: =IF(SUMIFS(잔액_2025[결의금액],잔액_2025[통계목],$C21,잔액_2025[분류 항목],"토양수분량")=0,"",SUMIFS(잔액_2025[결의금액],잔액_2025[통계목],$C21,잔액_2025[분류 항목],"토양수분량")) | N21: 2450000000
C22: 기타운영비 | G22: =IF(SUMIFS(잔액_2022[결의금액],잔액_2022[통계목],$C22,잔액_2022[분류 항목],"토양수분량")=0,"",SUMIFS(잔액_2022[결의금액],잔액_2022[통계목],$C22,잔액_2022[분류 항목],"토양수분량")) | I22: =IF(SUMIFS(잔액_2023[결의금액],잔액_2023[통계목],$C22,잔액_2023[분류 항목],"토양수분량")=0,"",SUMIFS(잔액_2023[결의금액],잔액_2023[통계목],$C22,잔액_2023[분류 항목],"토양수분량")) | K22: =IF(SUMIFS(잔액_2024[결의금액],잔액_2024[통계목],$C22,잔액_2024[분류 항목],"토양수분량")=0,"",SUMIFS(잔액_2024[결의금액],잔액_2024[통계목],$C22,잔액_2024[분류 항목],"토양수분량")) | M22: =IF(SUMIFS(잔액_2025[결의금액],잔액_2025[통계목],$C22,잔액_2025[분류 항목],"토양수분량")=0,"",SUMIFS(잔액_2025[결의금액],잔액_2025[통계목],$C22,잔액_2025[분류 항목],"토양수분량"))
B23: 여비 | C23: 소계 | D23: =SUM(D24:D25) -> 75689060 | E23: =SUM(E24:E25) -> 0 | F23: =SUM(F24:F25) -> 142000000 | G23: =SUM(G24:G25) -> 0 | H23: =SUM(H24:H25) -> 189000000 | I23: =SUM(I24:I25) -> 0 | J23: =SUM(J24:J25) -> 233200000 | K23: =SUM(K24:K25) -> 0 | ... O23: =SUM(O24:O25) -> 0
C24: 국내여비 | D24: 75689060 | F24: 142000000 | G24: =IF(SUMIFS(잔액_2022[결의금액],잔액_2022[통계목],$C24,잔액_2022[분류 항목],"토양수분량")=0,"",SUMIFS(잔액_2022[결의금액],잔액_2022[통계목],$C24,잔액_2022[분류 항목],"토양수분량")) | H24: 189000000 | I24: =IF(SUMIFS(잔액_2023[결의금액],잔액_2023[통계목],$C24,잔액_2023[분류 항목],"토양수분량")=0,"",SUMIFS(잔액_2023[결의금액],잔액_2023[통계목],$C24,잔액_2023[분류 항목],"토양수분량")) | J24: 233200000 | K24: =IF(SUMIFS(잔액_2024[결의금액],잔액_2024[통계목],$C24,잔액_2024[분류 항목],"토양수분량")=0,"",SUMIFS(잔액_2024[결의금액],잔액_2024[통계목],$C24,잔액_2024[분류 항목],"토양수분량")) | L24: 268005320 | M24: =IF(SUMIFS(잔액_2025[결의금액],잔액_2025[통계목],$C24,잔액_2025[분류 항목],"토양수분량")=0,"",SUMIFS(잔액_2025[결의금액],잔액_2025[통계목],$C24,잔액_2025[분류 항목],"토양수분량")) | N24: 203010000
C25: 국외업무여비 | G25: =IF(SUMIFS(잔액_2022[결의금액],잔액_2022[통계목],$C25,잔액_2022[분류 항목],"토양수분량")=0,"",SUMIFS(잔액_2022[결의금액],잔액_2022[통계목],$C25,잔액_2022[분류 항목],"토양수분량")) | I25: =IF(SUMIFS(잔액_2023[결의금액],잔액_2023[통계목],$C25,잔액_2023[분류 항목],"토양수분량")=0,"",SUMIFS(잔액_2023[결의금액],잔액_2023[통계목],$C25,잔액_2023[분류 항목],"토양수분량")) | K25: =IF(SUMIFS(잔액_2024[결의금액],잔액_2024[통계목],$C25,잔액_2024[분류 항목],"토양수분량")=0,"",SUMIFS(잔액_2024[결의금액],잔액_2024[통계목],$C25,잔액_2024[분류 항목],"토양수분량")) | M25: =IF(SUMIFS(잔액_2025[결의금액],잔액_2025[통계목],$C25,잔액_2025[분류 항목],"토양수분량")=0,"",SUMIFS(잔액_2025[결의금액],잔액_2025[통계목],$C25,잔액_2025[분류 항목],"토양수분량"))
B26: 업무추진비 | C26: 소계 | D26: =SUM(D27:D28) -> 0 | E26: =SUM(E27:E28) -> 0 | F26: =SUM(F27:F28) -> 0 | G26: =SUM(G27:G28) -> 0 | H26: =SUM(H27:H28) -> 1710000 | I26: =SUM(I27:I28) -> 0 | J26: =SUM(J27:J28) -> 20000000 | K26: =SUM(K27:K28) -> 0 | ... O26: =SUM(O27:O28) -> 0
C27: 사업추진비 | G27: =IF(SUMIFS(잔액_2022[결의금액],잔액_2022[통계목],$C27,잔액_2022[분류 항목],"토양수분량")=0,"",SUMIFS(잔액_2022[결의금액],잔액_2022[통계목],$C27,잔액_2022[분류 항목],"토양수분량")) | H27: 1710000 | I27: =IF(SUMIFS(잔액_2023[결의금액],잔액_2023[통계목],$C27,잔액_2023[분류 항목],"토양수분량")=0,"",SUMIFS(잔액_2023[결의금액],잔액_2023[통계목],$C27,잔액_2023[분류 항목],"토양수분량")) | J27: 20000000 | K27: =IF(SUMIFS(잔액_2024[결의금액],잔액_2024[통계목],$C27,잔액_2024[분류 항목],"토양수분량")=0,"",SUMIFS(잔액_2024[결의금액],잔액_2024[통계목],$C27,잔액_2024[분류 항목],"토양수분량")) | L27: 20000000 | M27: =IF(SUMIFS(잔액_2025[결의금액],잔액_2025[통계목],$C27,잔액_2025[분류 항목],"토양수분량")=0,"",SUMIFS(잔액_2025[결의금액],잔액_2025[통계목],$C27,잔액_2025[분류 항목],"토양수분량")) | N27: 34000000
C28: 관서업무추진비 | G28: =IF(SUMIFS(잔액_2022[결의금액],잔액_2022[통계목],$C28,잔액_2022[분류 항목],"토양수분량")=0,"",SUMIFS(잔액_2022[결의금액],잔액_2022[통계목],$C28,잔액_2022[분류 항목],"토양수분량")) | I28: =IF(SUMIFS(잔액_2023[결의금액],잔액_2023[통계목],$C28,잔액_2023[분류 항목],"토양수분량")=0,"",SUMIFS(잔액_2023[결의금액],잔액_2023[통계목],$C28,잔액_2023[분류 항목],"토양수분량")) | K28: =IF(SUMIFS(잔액_2024[결의금액],잔액_2024[통계목],$C28,잔액_2024[분류 항목],"토양수분량")=0,"",SUMIFS(잔액_2024[결의금액],잔액_2024[통계목],$C28,잔액_2024[분류 항목],"토양수분량")) | M28: =IF(SUMIFS(잔액_2025[결의금액],잔액_2025[통계목],$C28,잔액_2025[분류 항목],"토양수분량")=0,"",SUMIFS(잔액_2025[결의금액],잔액_2025[통계목],$C28,잔액_2025[분류 항목],"토양수분량"))
B29: 연구용역비 | C29: 소계 | D29: =SUM(D30:D31) -> 0 | E29: =SUM(E30:E31) -> 0 | F29: =SUM(F30:F31) -> 0 | G29: =SUM(G30:G31) -> 0 | H29: =SUM(H30:H31) -> 0 | I29: =SUM(I30:I31) -> 0 | J29: =SUM(J30:J31) -> 60000000 | K29: =SUM(K30:K31) -> 17392120 | ... O29: =SUM(O30:O31) -> 0
C30: 일반연구비 | G30: =IF(SUMIFS(잔액_2022[결의금액],잔액_2022[통계목],$C30,잔액_2022[분류 항목],"토양수분량")=0,"",SUMIFS(잔액_2022[결의금액],잔액_2022[통계목],$C30,잔액_2022[분류 항목],"토양수분량")) | I30: {=IFERROR(INDEX(잔액_2023[결의금액],MATCH(1,(잔액_2023[통계목]=$C30)*(잔액_2023[분류 항목]="토양수분량"),0)),"")} | J30: 60000000 | K30: =IF(SUMIFS(잔액_2024[결의금액],잔액_2024[통계목],$C30,잔액_2024[분류 항목],"토양수분량")=0,"",SUMIFS(잔액_2024[결의금액],잔액_2024[통계목],$C30,잔액_2024[분류 항목],"토양수분량")) -> 17392120 | L30: 96100000 | M30: =IF(SUMIFS(잔액_2025[결의금액],잔액_2025[통계목],$C30,잔액_2025[분류 항목],"토양수분량")=0,"",SUMIFS(잔액_2025[결의금액],잔액_2025[통계목],$C30,잔액_2025[분류 항목],"토양수분량")) -> 28461330
C31: 정책연구비 | G31: =IF(SUMIFS(잔액_2022[결의금액],잔액_2022[통계목],$C31,잔액_2022[분류 항목],"토양수분량")=0,"",SUMIFS(잔액_2022[결의금액],잔액_2022[통계목],$C31,잔액_2022[분류 항목],"토양수분량")) | I31: =IF(SUMIFS(잔액_2023[결의금액],잔액_2023[통계목],$C31,잔액_2023[분류 항목],"토양수분량")=0,"",SUMIFS(잔액_2023[결의금액],잔액_2023[통계목],$C31,잔액_2023[분류 항목],"토양수분량")) | K31: =IF(SUMIFS(잔액_2024[결의금액],잔액_2024[통계목],$C31,잔액_2024[분류 항목],"토양수분량")=0,"",SUMIFS(잔액_2024[결의금액],잔액_2024[통계목],$C31,잔액_2024[분류 항목],"토양수분량")) | M31: =IF(SUMIFS(잔액_2025[결의금액],잔액_2025[통계목],$C31,잔액_2025[분류 항목],"토양수분량")=0,"",SUMIFS(잔액_2025[결의금액],잔액_2025[통계목],$C31,잔액_2025[분류 항목],"토양수분량"))
B32: 민간이전 | C32: 소계 | D32: =D33 -> 0 | E32: =E33 -> 0 | F32: =F33 -> 0 | G32: =G33 | H32: =H33 -> 0 | I32: =I33 | J32: =J33 -> 12202941 | K32: =K33 | ... O32: =O33 -> 0
C33: 고용부담금 | G33: =IF(SUMIFS(잔액_2022[결의금액],잔액_2022[통계목],$C33,잔액_2022[분류 항목],"토양수분량")=0,"",SUMIFS(잔액_2022[결의금액],잔액_2022[통계목],$C33,잔액_2022[분류 항목],"토양수분량")) | I33: =IF(SUMIFS(잔액_2023[결의금액],잔액_2023[통계목],$C33,잔액_2023[분류 항목],"토양수분량")=0,"",SUMIFS(잔액_2023[결의금액],잔액_2023[통계목],$C33,잔액_2023[분류 항목],"토양수분량")) | J33: 12202941 | K33: =IF(SUMIFS(잔액_2024[결의금액],잔액_2024[통계목],$C33,잔액_2024[분류 항목],"토양수분량")=0,"",SUMIFS(잔액_2024[결의금액],잔액_2024[통계목],$C33,잔액_2024[분류 항목],"토양수분량")) | L33: 50220195 | M33: =IF(SUMIFS(잔액_2025[결의금액],잔액_2025[통계목],$C33,잔액_2025[분류 항목],"토양수분량")=0,"",SUMIFS(잔액_2025[결의금액],잔액_2025[통계목],$C33,잔액_2025[분류 항목],"토양수분량"))
B34: 건설비 | C34: 소계 | D34: =SUM(D35:D39) -> 0 | E34: =SUM(E35:E39) -> 0 | F34: =SUM(F35:F39) -> 0 | G34: =SUM(G35:G39) -> 0 | H34: =SUM(H35:H39) -> 1526543995 | I34: =SUM(I35:I39) -> 0 | J34: =SUM(J35:J39) -> 1740777335 | K34: =SUM(K35:K39) -> 0 | ... O34: =SUM(O35:O39) -> 0
C35: 기본조사설계비 | G35: =IF(SUMIFS(잔액_2022[결의금액],잔액_2022[통계목],$C35,잔액_2022[분류 항목],"토양수분량")=0,"",SUMIFS(잔액_2022[결의금액],잔액_2022[통계목],$C35,잔액_2022[분류 항목],"토양수분량")) | I35: =IF(SUMIFS(잔액_2023[결의금액],잔액_2023[통계목],$C35,잔액_2023[분류 항목],"토양수분량")=0,"",SUMIFS(잔액_2023[결의금액],잔액_2023[통계목],$C35,잔액_2023[분류 항목],"토양수분량")) | K35: =IF(SUMIFS(잔액_2024[결의금액],잔액_2024[통계목],$C35,잔액_2024[분류 항목],"토양수분량")=0,"",SUMIFS(잔액_2024[결의금액],잔액_2024[통계목],$C35,잔액_2024[분류 항목],"토양수분량")) | M35: =IF(SUMIFS(잔액_2025[결의금액],잔액_2025[통계목],$C35,잔액_2025[분류 항목],"토양수분량")=0,"",SUMIFS(잔액_2025[결의금액],잔액_2025[통계목],$C35,잔액_2025[분류 항목],"토양수분량"))
C36: 실시설계비 | G36: =IF(SUMIFS(잔액_2022[결의금액],잔액_2022[통계목],$C36,잔액_2022[분류 항목],"토양수분량")=0,"",SUMIFS(잔액_2022[결의금액],잔액_2022[통계목],$C36,잔액_2022[분류 항목],"토양수분량")) | H36: 296543995 | I36: =IF(SUMIFS(잔액_2023[결의금액],잔액_2023[통계목],$C36,잔액_2023[분류 항목],"토양수분량")=0,"",SUMIFS(잔액_2023[결의금액],잔액_2023[통계목],$C36,잔액_2023[분류 항목],"토양수분량")) | J36: 761209423 | K36: =IF(SUMIFS(잔액_2024[결의금액],잔액_2024[통계목],$C36,잔액_2024[분류 항목],"토양수분량")=0,"",SUMIFS(잔액_2024[결의금액],잔액_2024[통계목],$C36,잔액_2024[분류 항목],"토양수분량")) | L36: 850000000 | M36: =IF(SUMIFS(잔액_2025[결의금액],잔액_2025[통계목],$C36,잔액_2025[분류 항목],"토양수분량")=0,"",SUMIFS(잔액_2025[결의금액],잔액_2025[통계목],$C36,잔액_2025[분류 항목],"토양수분량"))
C37: 공사비 | G37: =IF(SUMIFS(잔액_2022[결의금액],잔액_2022[통계목],$C37,잔액_2022[분류 항목],"토양수분량")=0,"",SUMIFS(잔액_2022[결의금액],잔액_2022[통계목],$C37,잔액_2022[분류 항목],"토양수분량")) | H37: 1230000000 | I37: =IF(SUMIFS(잔액_2023[결의금액],잔액_2023[통계목],$C37,잔액_2023[분류 항목],"토양수분량")=0,"",SUMIFS(잔액_2023[결의금액],잔액_2023[통계목],$C37,잔액_2023[분류 항목],"토양수분량")) | J37: 979567912 | K37: =IF(SUMIFS(잔액_2024[결의금액],잔액_2024[통계목],$C37,잔액_2024[분류 항목],"토양수분량")=0,"",SUMIFS(잔액_2024[결의금액],잔액_2024[통계목],$C37,잔액_2024[분류 항목],"토양수분량")) | L37: 8725963600 | M37: =IF(SUMIFS(잔액_2025[결의금액],잔액_2025[통계목],$C37,잔액_2025[분류 항목],"토양수분량")=0,"",SUMIFS(잔액_2025[결의금액],잔액_2025[통계목],$C37,잔액_2025[분류 항목],"토양수분량")) | N37: 4376960000
C38: 감리비 | G38: =IF(SUMIFS(잔액_2022[결의금액],잔액_2022[통계목],$C38,잔액_2022[분류 항목],"토양수분량")=0,"",SUMIFS(잔액_2022[결의금액],잔액_2022[통계목],$C38,잔액_2022[분류 항목],"토양수분량")) | I38: =IF(SUMIFS(잔액_2023[결의금액],잔액_2023[통계목],$C38,잔액_2023[분류 항목],"토양수분량")=0,"",SUMIFS(잔액_2023[결의금액],잔액_2023[통계목],$C38,잔액_2023[분류 항목],"토양수분량")) | K38: =IF(SUMIFS(잔액_2024[결의금액],잔액_2024[통계목],$C38,잔액_2024[분류 항목],"토양수분량")=0,"",SUMIFS(잔액_2024[결의금액],잔액_2024[통계목],$C38,잔액_2024[분류 항목],"토양수분량")) | L38: 1000000000 | M38: =IF(SUMIFS(잔액_2025[결의금액],잔액_2025[통계목],$C38,잔액_2025[분류 항목],"토양수분량")=0,"",SUMIFS(잔액_2025[결의금액],잔액_2025[통계목],$C38,잔액_2025[분류 항목],"토양수분량")) | N38: 513520000
C39: 시설부대비 | G39: =IF(SUMIFS(잔액_2022[결의금액],잔액_2022[통계목],$C39,잔액_2022[분류 항목],"토양수분량")=0,"",SUMIFS(잔액_2022[결의금액],잔액_2022[통계목],$C39,잔액_2022[분류 항목],"토양수분량")) | I39: =IF(SUMIFS(잔액_2023[결의금액],잔액_2023[통계목],$C39,잔액_2023[분류 항목],"토양수분량")=0,"",SUMIFS(잔액_2023[결의금액],잔액_2023[통계목],$C39,잔액_2023[분류 항목],"토양수분량")) | K39: =IF(SUMIFS(잔액_2024[결의금액],잔액_2024[통계목],$C39,잔액_2024[분류 항목],"토양수분량")=0,"",SUMIFS(잔액_2024[결의금액],잔액_2024[통계목],$C39,잔액_2024[분류 항목],"토양수분량")) | M39: =IF(SUMIFS(잔액_2025[결의금액],잔액_2025[통계목],$C39,잔액_2025[분류 항목],"토양수분량")=0,"",SUMIFS(잔액_2025[결의금액],잔액_2025[통계목],$C39,잔액_2025[분류 항목],"토양수분량"))
B40: 유형자산 | C40: 소계 | D40: =D41 -> 0 | E40: =E41 -> 0 | F40: =F41 -> 518000000 | G40: =G41 -> 41525000 | H40: =H41 -> 847383180 | I40: =I41 | J40: =J41 -> 2622000000 | K40: =K41 | ... O40: =O41 -> 0
C41: 자산취득비 | F41: 518000000 | G41: =IF(SUMIFS(잔액_2022[결의금액],잔액_2022[통계목],$C41,잔액_2022[분류 항목],"토양수분량")=0,"",SUMIFS(잔액_2022[결의금액],잔액_2022[통계목],$C41,잔액_2022[분류 항목],"토양수분량")) -> 41525000 | H41: 847383180 | I41: =IF(SUMIFS(잔액_2023[결의금액],잔액_2023[통계목],$C41,잔액_2023[분류 항목],"토양수분량")=0,"",SUMIFS(잔액_2023[결의금액],잔액_2023[통계목],$C41,잔액_2023[분류 항목],"토양수분량")) | J41: 2622000000 | K41: =IF(SUMIFS(잔액_2024[결의금액],잔액_2024[통계목],$C41,잔액_2024[분류 항목],"토양수분량")=0,"",SUMIFS(잔액_2024[결의금액],잔액_2024[통계목],$C41,잔액_2024[분류 항목],"토양수분량")) | L41: 17942936400 | M41: =IF(SUMIFS(잔액_2025[결의금액],잔액_2025[통계목],$C41,잔액_2025[분류 항목],"토양수분량")=0,"",SUMIFS(잔액_2025[결의금액],잔액_2025[통계목],$C41,잔액_2025[분류 항목],"토양수분량")) -> 15675000 | N41: 8207520000
B42: 무형자산 | C42: 소계 | D42: =D43 -> 0 | E42: =E43 -> 0 | F42: =F43 -> 3000000 | G42: =G43 | H42: =H43 -> 0 | I42: =I43 | J42: =J43 -> 0 | K42: =K43 | ... O42: =O43 -> 0
C43: 무형자산 | F43: 3000000 | G43: =IF(SUMIFS(잔액_2022[결의금액],잔액_2022[통계목],$C43,잔액_2022[분류 항목],"토양수분량")=0,"",SUMIFS(잔액_2022[결의금액],잔액_2022[통계목],$C43,잔액_2022[분류 항목],"토양수분량")) | I43: =IF(SUMIFS(잔액_2023[결의금액],잔액_2023[통계목],$C43,잔액_2023[분류 항목],"토양수분량")=0,"",SUMIFS(잔액_2023[결의금액],잔액_2023[통계목],$C43,잔액_2023[분류 항목],"토양수분량")) | K43: =IF(SUMIFS(잔액_2024[결의금액],잔액_2024[통계목],$C43,잔액_2024[분류 항목],"토양수분량")=0,"",SUMIFS(잔액_2024[결의금액],잔액_2024[통계목],$C43,잔액_2024[분류 항목],"토양수분량")) | M43: =IF(SUMIFS(잔액_2025[결의금액],잔액_2025[통계목],$C43,잔액_2025[분류 항목],"토양수분량")=0,"",SUMIFS(잔액_2025[결의금액],잔액_2025[통계목],$C43,잔액_2025[분류 항목],"토양수분량"))
B44: 예비비 및 기타 | C44: 소계 | D44: =D45 -> 0 | E44: =E45 -> 0 | F44: =F45 -> 0 | G44: =G45 | H44: =H45 -> 0 | I44: =I45 | J44: =J45 -> 0 | K44: =K45 | ... O44: =O45 -> 0
C45: 예비비 | G45: =IF(SUMIFS(잔액_2022[결의금액],잔액_2022[통계목],$C45,잔액_2022[분류 항목],"토양수분량")=0,"",SUMIFS(잔액_2022[결의금액],잔액_2022[통계목],$C45,잔액_2022[분류 항목],"토양수분량")) | I45: =IF(SUMIFS(잔액_2023[결의금액],잔액_2023[통계목],$C45,잔액_2023[분류 항목],"토양수분량")=0,"",SUMIFS(잔액_2023[결의금액],잔액_2023[통계목],$C45,잔액_2023[분류 항목],"토양수분량")) | K45: =IF(SUMIFS(잔액_2024[결의금액],잔액_2024[통계목],$C45,잔액_2024[분류 항목],"토양수분량")=0,"",SUMIFS(잔액_2024[결의금액],잔액_2024[통계목],$C45,잔액_2024[분류 항목],"토양수분량")) | M45: =IF(SUMIFS(잔액_2025[결의금액],잔액_2025[통계목],$C45,잔액_2025[분류 항목],"토양수분량")=0,"",SUMIFS(잔액_2025[결의금액],잔액_2025[통계목],$C45,잔액_2025[분류 항목],"토양수분량"))
B46: 일반관리비 | C46: 소계 | D46: =D47 -> 0 | E46: =E47 -> 0 | F46: =F47 -> 0 | G46: =G47 | H46: =H47 -> 0 | I46: =I47 | J46: =J47 -> 0 | K46: =K47 | ... O46: =O47 -> 0
C47: 일반관리비 | G47: =IF(SUMIFS(잔액_2022[결의금액],잔액_2022[통계목],$C47,잔액_2022[분류 항목],"토양수분량")=0,"",SUMIFS(잔액_2022[결의금액],잔액_2022[통계목],$C47,잔액_2022[분류 항목],"토양수분량")) | I47: =IF(SUMIFS(잔액_2023[결의금액],잔액_2023[통계목],$C47,잔액_2023[분류 항목],"토양수분량")=0,"",SUMIFS(잔액_2023[결의금액],잔액_2023[통계목],$C47,잔액_2023[분류 항목],"토양수분량")) | K47: =IF(SUMIFS(잔액_2024[결의금액],잔액_2024[통계목],$C47,잔액_2024[분류 항목],"토양수분량")=0,"",SUMIFS(잔액_2024[결의금액],잔액_2024[통계목],$C47,잔액_2024[분류 항목],"토양수분량")) | M47: =IF(SUMIFS(잔액_2025[결의금액],잔액_2025[통계목],$C47,잔액_2025[분류 항목],"토양수분량")=0,"",SUMIFS(잔액_2025[결의금액],잔액_2025[통계목],$C47,잔액_2025[분류 항목],"토양수분량"))

Sheet 잔액
B1: 잔액
B2: 세부사업명 | D2: 결재일 | E2: 결의명 | F2: 예산부서 | G2: 결의부서 | H2: 편성목 | I2: 통계목 | J2: 결의금액 | K2: 분류 항목
B3: 2021년 수문정보 인프라 확충 잔액 | D3: 44630 | E3: 2021년 한국수자원조사기술원 대표 SNS 채널 운영 용역 준공금 지급(40%) | F3: 정책기획실 | G3: 혁신기획팀 | H3: 연구용역비 | I3: 일반연구비 | J3: 19000000 | K3: 기관운영
D4: 44664 | E4: '드론의 자율운항 및 전자파표면유속계 연계 시스템 개발 용역' 선금 지급 | F4: 정책기획실 | G4: 금강4팀 | H4: 연구용역비 | I4: 일반연구비 | J4: 10000000 | K4: 유량
D5: 44699 | E5: '2022년 자동유량관측소 신설 실시설계' 용역 준공금 지급 | F5: 정책기획실 | G5: 인프라1팀 | H5: 연구용역비 | I5: 일반연구비 | J5: 29018000 | K5: 구축
D6: 44781 | E6: 이동거치형 다회선 표면유량측정시스템 구매 | F6: 정책기획실 | G6: 자동유량3팀 | H6: 연구용역비 | I6: 일반연구비 | J6: 104500000 | K6: 유량
D7: 44824 | E7: 영상 자동유량계측장비를 활용한 홍수기 측정시스템 구매 | F7: 정책기획실 | G7: 영산강2팀 | H7: 연구용역비 | I7: 일반연구비 | J7: 90695000 | K7: 유량
D8: 44627 | E8: 신형 전자파표면유속계(MU2730) 구매 | F8: 정책기획실 | G8: 총무팀 | H8: 유형자산 | I8: 자산취득비 | J8: 19390000 | K8: 유량
D9: 44699 | E9: 자동 제습보관함 및 건조기 구매 | F9: 정책기획실 | G9: 총무팀 | H9: 유형자산 | I9: 자산취득비 | J9: 2200000 | K9: 유사량
D10: 44699 | E10: 멀티 교반기 구매 | F10: 정책기획실 | G10: 총무팀 | H10: 유형자산 | I10: 자산취득비 | J10: 1639000 | K10: 유사량
D11: 44699 | E11: 실험대 구매 | F11: 정책기획실 | G11: 총무팀 | H11: 유형자산 | I11: 자산취득비 | J11: 1639000 | K11: 유사량
D12: 44720 | E12: 유사량 시료 보관용 냉장고 구매 | F12: 정책기획실 | G12: 총무팀 | H12: 유형자산 | I12: 자산취득비 | J12: 3760000 | K12: 유사량
D13: 44720 | E13: 유사량 시료 보관용 냉장고 구매 | F13: 정책기획실 | G13: 총무팀 | H13: 유형자산 | I13: 자산취득비 | J13: 19280 | K13: 유사량
D14: 44736 | E14: 순수제조장치(증류수기) 및 필터 구매 요청 | F14: 정책기획실 | G14: 총무팀 | H14: 유형자산 | I14: 자산취득비 | J14: 8382000 | K14: 유사량
D15: 44742 | E15: 자동 제습보관함 및 건조기 구매 | F15: 정책기획실 | G15: 총무팀 | H15: 유형자산 | I15: 자산취득비 | J15: 1386000 | K15: 유사량
... D17: 44917 | E17: [수의계약] 2022년 전자파 표면유속계(한강조사실, 3차) 구매 | F17: 정책기획실 | G17: 한강6팀 | H17: 유형자산 | I17: 자산취득비 | J17: 55554873 | K17: 유량
B19: 세부사업명 | D19: 결재일 | E19: 결의명 | F19: 예산부서 | G19: 결의부서 | H19: 편성목 | I19: 통계목 | J19: 결의금액 | K19: 분류 항목
B20: 2022년 수문정보 인프라 확충 잔액 | D20: 44956 | E20: 중장기 경영전략체계 개선 및 경영관리 고도화 용역 준공금 지급 | F20: 정책기획실 | G20: 혁신성과팀 | H20: 연구용역비 | I20: 일반연구비 | J20: 30960000 | K20: 기관운영
D21: 44956 | E21: 국내외 수문조사 기술 및 활용현황 조사분석 용역 준공금 신청 | F21: 정책기획실 | G21: 정책지원팀 | H21: 연구용역비 | I21: 일반연구비 | J21: 22321230 | K21: 기관운영
D22: 44963 | E22: 한국수자원조사기술원 지역사무소 설치를 위한 타당성 조사 및 기본계획 수립 준공금 지급 | F22: 정책기획실 | G22: 미래전략팀 | H22: 연구용역비 | I22: 일반연구비 | J22: 13827000 | K22: 기관운영
D23: 44970 | E23: 「유사량 실험실 강제순환건조기」 구매 | F23: 정책기획실 | G23: 하천조사팀 | H23: 유형자산 | I23: 자산취득비 | J23: 18062000 | K23: 유사량
D24: 44978 | E24: 부유사 입도분석기 구매 | F24: 정책기획실 | G24: 하천조사팀 | H24: 유형자산 | I24: 자산취득비 | J24: 91080000 | K24: 유사량
D25: 45007 | E25: 직무중심 보수체계 구축을 위한 직무분석 및 직무급 설계 용역 준공금 지급 | F25: 정책기획실 | G25: 혁신기획팀 | H25: 연구용역비 | I25: 일반연구비 | J25: 8900000 | K25: 기관운영
D26: 45037 | E26: [변경계약(2차)] 압력식수위계(첨단인프라실, 3차) 구매 | F26: 정책기획실 | G26: 수자원기획팀 | H26: 유형자산 | I26: 자산취득비 | J26: 69045710 | K26: 운영
D27: 45065 | E27: 유량산정 프로그램(CalPAD) GUI 고도화 용역 준공금 지급 | F27: 정책기획실 | G27: 하천정보팀 | H27: 연구용역비 | I27: 일반연구비 | J27: 5940000 | K27: 유량
D28: 45068 | E28: 2022년 한국수자원조사기술원 수문조사 교육 동영상 제작 용역 준공금 지급 | F28: 정책기획실 | G28: 하천정보팀 | H28: 연구용역비 | I28: 일반연구비 | J28: 56904904 | K28: 기관운영
D29: 45069 | E29: '2023년 실시간 유량측정시스템 구축 실시설계'용역 준공금 지급 | F29: 정책기획실 | G29: 자동유량1팀 | H29: 연구용역비 | I29: 일반연구비 | J29: 69366000 | K29: 구축
D30: 45069 | E30: '자동유량측정시설 운영관리시스템(IRDiMS) 고도화 컨설팅'용역 준공금 지급 요청 | F30: 정책기획실 | G30: 자동유량1팀 | H30: 연구용역비 | I30: 일반연구비 | J30: 29000000 | K30: 운영
D31: 45082 | E31: 2022년도 내부 성과평가 운영 및 성과관리체계 고도화 용역 준공금 지급(예산 변경) | F31: 정책기획실 | G31: 혁신기획팀 | H31: 연구용역비 | I31: 일반연구비 | J31: 26950000 | K31: 기관운영
D32: 45084 | E32: '수문자료정보관리시스템(HDIMS) 재구축사업(2단계) 용역' 준공 및 준공금 처리요청 | F32: 정책기획실 | G32: 수자원기획팀 | H32: 연구용역비 | I32: 일반연구비 | J32: 98525186 | K32: 기관운영
... D37: 45288 | E37: 초음파산란도 활용 유사량측정시스템 제조 | F37: 정책기획실 | G37: 자동유량2팀 | H37: 연구용역비 | I37: 일반연구비 | J37: 129096000 | K37: 운영
B39: 세부사업명 | D39: 결재일 | E39: 결의명 | F39: 예산부서 | G39: 결의부서 | H39: 편성목 | I39: 통계목 | J39: 결의금액 | K39: 분류 항목
B40: 2023년 수문정보 인프라 확충 잔액 | D40: 45336 | E40: 저평수기용 ADCP 무선보트 개선 물품 구매(2차) | F40: 정책기획실 | G40: 낙동강3팀 | H40: 유형자산 | I40: 자산취득비 | J40: 115540040 | K40: 유량
D41: 45355 | E41: '인공위성 토양수분 자료 검보정을 위한 지상관측망 구축 방법론 개발' 용역 준공금 지급 | F41: 정책기획실 | G41: 연구기획팀 | H41: 연구용역비 | I41: 일반연구비 | J41: 17392120 | K41: 토양수분량
D42: 45378 | E42: 2023년 수문조사 교육 동영상 제작 용역 준공금 지급 | F42: 정책기획실 | G42: 물재해정보·교육팀 | H42: 운영비 | I42: 일반용역비 | J42: 22660000 | K42: 기관운영
D43: 45385 | E43: '자동유량측정시설 운영관리시스템(IRDiMS) 고도화'용역(1차년도) 준공금 지급 | F43: 정책기획실 | G43: 자동유량1팀 | H43: 연구용역비 | I43: 일반연구비 | J43: 79069800 | K43: 운영
D44: 45398 | E44: '2023년 자동유량측정시설 개선 및 보수'용역 준공금 지급 | F44: 정책기획실 | G44: 자동유량1팀 | H44: 운영비 | I44: 관리용역비 | J44: 47846000 | K44: 유지관리
D45: 45436 | E45: '2024년 실시간 유량측정시스템 구축(2차)'용역 선금 지급 | F45: 정책기획실 | G45: 디지털자동화추진1팀 | H45: 건설비 | I45: 공사비 | J45: 827389140 | K45: 구축
D46: 45443 | E46: 수문자료정보관리시스템(HDIMS) 재구축(3단계) 용역 선금 지급 | F46: 정책기획실 | G46: 수자원기획팀 | H46: 연구용역비 | I46: 일반연구비 | J46: 492640000 | K46: 가관운영
D47: 45454 | E47: '2023년 자동유량측정시설 개선 및 보수(2차)'용역 준공금 지급 | F47: 정책기획실 | G47: 자동유량1팀 | H47: 운영비 | I47: 관리용역비 | J47: 117275580 | K47: 유지관리
D48: 45468 | E48: '2024년 자동유량측정시설 구축 실시설계' 용역 준공금 지급 | F48: 정책기획실 | G48: 디지털자동화추진1팀 | H48: 건설비 | I48: 실시설계비 | J48: 142370800 | K48: 구축
D49: 45650 | E49: 위성측량장비 구매(변경) | F49: 정책기획실 | G49: 수자원기획팀 | H49: 유형자산 | I49: 자산취득비 | J49: 43032815 | K49: 유량
B51: 세부사업명 | D51: 결재일 | E51: 결의명 | F51: 예산부서 | G51: 결의부서 | H51: 편성목 | I51: 통계목 | J51: 결의금액 | K51: 분류 항목
B52: 2024년 수문정보 인프라 확충 잔액 | D52: 45680 | E52: 2024년 수문조사 매뉴얼 및 가이드라인 영문화 용역 준공금 지급 | F52: 정책기획실 | G52: 물재해정보·교육팀 | H52: 연구용역비 | I52: 일반연구비 | J52: 11400000 | K52: 기관운영
D53: 45680 | E53: 홍수용(고유속) 무선보트 개선 물품 구매 (2차) | F53: 정책기획실 | G53: 한강2팀 | H53: 유형자산 | I53: 자산취득비 | J53: 32400000 | K53: 유량
D54: 45763 | E54: PAVOs용 VPN 라이선스 구매 | F54: 정책기획실 | G54: 경영지원팀 | H54: 유형자산 | I54: 자산취득비 | J54: 7524000 | K54: 유량
D55: 45763 | E55: PAVOs용 VPN 라이선스 구매 | F55: 정책기획실 | G55: 경영지원팀 | H55: 유형자산 | I55: 자산취득비 | J55: 32500 | K55: 유량
D56: 45768 | E56: '2024년 자동유량측정 개선 및 보수" 용역 준공금 지급 | F56: 정책기획실 | G56: 자동유량1팀 | H56: 운영비 | I56: 관리용역비 | J56: 179412470 | K56: 유지관리
D57: 45768 | E57: '나주시(남평교) 자동유량측정시설 보수' 용역 준공금 지급 | F57: 정책기획실 | G57: 자동유량1팀 | H57: 운영비 | I57: 관리용역비 | J57: 43427490 | K57: 유지관리
D58: 45770 | E58: '고정형 도플러방식 초음파유속계 현장검정 기술개발'용역 준공급 지급 | F58: 정책기획실 | G58: 자동유량1팀 | H58: 연구용역비 | I58: 일반연구비 | J58: 51212810 | K58: 운영
D59: 45804 | E59: '유량측정용 무선보트 제작 구매' 선금 지급 | F59: 정책기획실 | G59: 한강2팀 | H59: 유형자산 | I59: 자산취득비 | J59: 120000000 | K59: 유량
D60: 45810 | E60: 2025년 KIHS 수자원 포럼 운영 용역 선금 지급 | F60: 정책기획실 | G60: 예산정책팀 | H60: 연구용역비 | I60: 일반연구비 | J60: 230000000 | K60: 기관운영
D61: 45818 | E61: 키스 버디-S 구매 | F61: 정책기획실 | G61: 금강2팀 | H61: 유형자산 | I61: 자산취득비 | J61: 3949000 | K61: 유량
D62: 45825 | E62: 이동형자동유속관측시스템(PAVOs) 기능 개선 장비 구매 | F62: 정책기획실 | G62: 수자원기획팀 | H62: 유형자산 | I62: 자산취득비 | J62: 104006000 | K62: 유량
D63: 45859 | E63: '우주선 중성자 계측기(CRNP)를 활용한 공간 토양수분 측정기술 고도화 용역(1차년도)' 준공금 지급 | F63: 정책기획실 | G63: 물재해정보·교육팀 | H63: 연구용역비 | I63: 일반연구비 | J63: 28461330 | K63: 토양수분량
D64: 45882 | E64: "국내외 위성영상을 활용한 국내 증발산량 공간지도 생산 강화를 위한 알고리즘 개발" 연구용역 선금 지급 | F64: 정책기획실 | G64: 물재해정보·교육팀 | H64: 연구용역비 | I64: 일반연구비 | J64: 23712241 | K64: 증발산량
... D88: 46021 | E88: <하천유량측정장치(무선보트) 제작 구매>건 완료 대금 지급 | F88: 정책기획실 | G88: 금강2팀 | H88: 유형자산 | I88: 자산취득비 | J88: 86042000 | K88: 유량
