Workbook
Name excelContent: #REF!
Name excelContent: #REF!

Sheet 일별현황_2026
B3: 스마트 공장 원가계산 업무 일별 현황
B7: * 5일이상 진행건 사유 :
B9: *10일이상 진행건 사유 :
AD11: =TODAY() -> 46189
B12: 기준일 : | C12: =TODAY() -> 46189
B13: 사업연도 | C13: 수행기관(담당기관) | D13: 년도별 누계 | K13: 2026 | L13: 제출상태 | P13: 2026년 세금계산서 | S13: =TODAY() -> 46189 | U13: 진행중 (미완료+ 금일신규) | V13: 비고
D14: 2020 | E14: 2021 | F14: 2022 제출누계 | G14: 2022 제출완료누계 | H14: 2023 | I14: 2024 | J14: 2025 | K14: 누계 (전체건수) | L14: 현황 | N14: 완료건수 | P14: 세금계산서 발행 (누적) | Q14: 발행일자 | R14: 미발행건수
L15: 진행중 | M15: 금일신규 | N15: 현재제출 완료건수 | O15: 금일제출 완료건수 | S15: 금일 제출완료 | T15: 금일 신규
B16: 2025년도 | C16: 강원 | D16: 65 | E16: 23 | F16: 16 | G16: 14 | I16: 4 | J16: 13 | K16: =COUNTIF('세부(구축)'!$B:$B,C16) -> 0 | L16: =COUNTIFS('세부(구축)'!$B:$B,C16,'세부(구축)'!$G:$G,"<>승인") -> 0 | M16: =COUNTIFS('세부(구축)'!$B:$B,C16,'세부(구축)'!$G:$G,"신규") -> 0 | N16: =COUNTIFS('세부(구축)'!$B:$B,C16,'세부(구축)'!$G:$G,"승인") -> 0 | O16: =COUNTIFS('세부(구축)'!$I:$I,$C$12,'세부(구축)'!$B:$B,C16) -> 0 | P16: =COUNTIFS('세부(구축)'!$B:$B,C16,'세부(구축)'!$J:$J,"발행") -> 0 | R16: =K16-P16 -> 0 | S16: =COUNTIFS('세부(구축)'!$I:$I,$C$12,'세부(구축)'!$B:$B,C16) -> 0 | T16: =COUNTIFS('세부(구축)'!$B:$B,C16,'세부(구축)'!$H:$H,TODAY()) -> 0 | U16: =L16+T16 -> 0 | AA16: =IF(OR(AND(ISNUMBER(T16), T16<>0), AND(ISNUMBER(U16), U16<>0), AND(ISNUMBER(S16), S16<>0),AND(ISNUMBER(M16), M16<>0)), 1, 0) -> 0 | AD16: =M16+U16 -> 0 | AE16: =K16=AD16 -> TRUE | AG16: 진행중=자료수령+금일신규-금일신규中당일완료
C17: 경기 | D17: 60 | E17: 101 | F17: 21 | G17: 20 | H17: 1 | I17: 44 | J17: 10 | K17: =COUNTIF('세부(구축)'!$B:$B,C17) -> 0 | L17: =COUNTIFS('세부(구축)'!$B:$B,C17,'세부(구축)'!$G:$G,"<>승인") -> 0 | M17: =COUNTIFS('세부(구축)'!$B:$B,C17,'세부(구축)'!$G:$G,"신규") -> 0 | N17: =COUNTIFS('세부(구축)'!$B:$B,C17,'세부(구축)'!$G:$G,"승인") -> 0 | O17: =COUNTIFS('세부(구축)'!$I:$I,$C$12,'세부(구축)'!$B:$B,C17) -> 0 | P17: =COUNTIFS('세부(구축)'!$B:$B,C17,'세부(구축)'!$J:$J,"발행") -> 0 | R17: =K17-P17 -> 0 | S17: =COUNTIFS('세부(구축)'!$I:$I,$C$12,'세부(구축)'!$B:$B,C17) -> 0 | T17: =COUNTIFS('세부(구축)'!$B:$B,C17,'세부(구축)'!$H:$H,TODAY()) -> 0 | U17: =L17+T17 -> 0 | AA17: =IF(OR(AND(ISNUMBER(T17), T17<>0), AND(ISNUMBER(U17), U17<>0), AND(ISNUMBER(S17), S17<>0),AND(ISNUMBER(M17), M17<>0)), 1, 0) -> 0 | AD17: =M17+U17 -> 0 | AE17: =K17=AD17 -> TRUE | AG17: 진행중=자료수령+금일신규-금일신규中당일완료
C18: 경기북부 | D18: 129 | E18: 111 | F18: 92 | G18: 84 | H18: 0 | I18: 33 | J18: 28 | K18: =COUNTIF('세부(구축)'!$B:$B,C18) -> 0 | L18: =COUNTIFS('세부(구축)'!$B:$B,C18,'세부(구축)'!$G:$G,"<>승인") -> 0 | M18: =COUNTIFS('세부(구축)'!$B:$B,C18,'세부(구축)'!$G:$G,"신규") -> 0 | N18: =COUNTIFS('세부(구축)'!$B:$B,C18,'세부(구축)'!$G:$G,"승인") -> 0 | O18: =COUNTIFS('세부(구축)'!$I:$I,$C$12,'세부(구축)'!$B:$B,C18) -> 0 | P18: =COUNTIFS('세부(구축)'!$B:$B,C18,'세부(구축)'!$J:$J,"발행") -> 0 | R18: =K18-P18 -> 0 | S18: =COUNTIFS('세부(구축)'!$I:$I,$C$12,'세부(구축)'!$B:$B,C18) -> 0 | T18: =COUNTIFS('세부(구축)'!$B:$B,C18,'세부(구축)'!$H:$H,TODAY()) -> 0 | U18: =L18+T18 -> 0 | AA18: =IF(OR(AND(ISNUMBER(T18), T18<>0), AND(ISNUMBER(U18), U18<>0), AND(ISNUMBER(S18), S18<>0),AND(ISNUMBER(M18), M18<>0)), 1, 0) -> 0 | AD18: =M18+U18 -> 0 | AE18: =K18=AD18 -> TRUE | AG18: 진행중=자료수령+금일신규-금일신규中당일완료
C19: 경기대진 | K19: =COUNTIF('세부(구축)'!$B:$B,C19) -> 13 | L19: =COUNTIFS('세부(구축)'!$B:$B,C19,'세부(구축)'!$G:$G,"<>승인") -> 8 | M19: =COUNTIFS('세부(구축)'!$B:$B,C19,'세부(구축)'!$G:$G,"신규") -> 0 | N19: =COUNTIFS('세부(구축)'!$B:$B,C19,'세부(구축)'!$G:$G,"승인") -> 5 | O19: =COUNTIFS('세부(구축)'!$I:$I,$C$12,'세부(구축)'!$B:$B,C19) -> 0 | P19: =COUNTIFS('세부(구축)'!$B:$B,C19,'세부(구축)'!$J:$J,"발행") -> 0 | R19: =K19-P19 -> 13
C20: 경남 | D20: 7 | E20: 25 | F20: 0 | H20: 0 | I20: 100 | J20: 7 | K20: =COUNTIF('세부(구축)'!$B:$B,C20) -> 27 | L20: =COUNTIFS('세부(구축)'!$B:$B,C20,'세부(구축)'!$G:$G,"<>승인") -> 0 | M20: =COUNTIFS('세부(구축)'!$B:$B,C20,'세부(구축)'!$G:$G,"신규") -> 0 | N20: =COUNTIFS('세부(구축)'!$B:$B,C20,'세부(구축)'!$G:$G,"승인") -> 27 | O20: =COUNTIFS('세부(구축)'!$I:$I,$C$12,'세부(구축)'!$B:$B,C20) -> 0 | P20: =COUNTIFS('세부(구축)'!$B:$B,C20,'세부(구축)'!$J:$J,"발행") -> 0 | R20: =K20-P20 -> 27 | S20: =COUNTIFS('세부(구축)'!$I:$I,$C$12,'세부(구축)'!$B:$B,C20) -> 0 | T20: =COUNTIFS('세부(구축)'!$B:$B,C20,'세부(구축)'!$H:$H,TODAY()) -> 0 | U20: =L20+T20 -> 0 | AA20: =IF(OR(AND(ISNUMBER(T20), T20<>0), AND(ISNUMBER(U20), U20<>0), AND(ISNUMBER(S20), S20<>0),AND(ISNUMBER(M20), M20<>0)), 1, 0) -> 0
C21: 경북 | D21: 28 | E21: 64 | F21: 24 | G21: 23 | H21: 0 | I21: 5 | J21: 3 | K21: =COUNTIF('세부(구축)'!$B:$B,C21) -> 13 | L21: =COUNTIFS('세부(구축)'!$B:$B,C21,'세부(구축)'!$G:$G,"<>승인") -> 13 | M21: =COUNTIFS('세부(구축)'!$B:$B,C21,'세부(구축)'!$G:$G,"신규") -> 0 | N21: =COUNTIFS('세부(구축)'!$B:$B,C21,'세부(구축)'!$G:$G,"승인") -> 0 | O21: =COUNTIFS('세부(구축)'!$I:$I,$C$12,'세부(구축)'!$B:$B,C21) -> 0 | P21: =COUNTIFS('세부(구축)'!$B:$B,C21,'세부(구축)'!$J:$J,"발행") -> 0 | R21: =K21-P21 -> 13 | S21: =COUNTIFS('세부(구축)'!$I:$I,$C$12,'세부(구축)'!$B:$B,C21) -> 0 | T21: =COUNTIFS('세부(구축)'!$B:$B,C21,'세부(구축)'!$H:$H,TODAY()) -> 0 | U21: =L21+T21 -> 13 | AA21: =IF(OR(AND(ISNUMBER(T21), T21<>0), AND(ISNUMBER(U21), U21<>0), AND(ISNUMBER(S21), S21<>0),AND(ISNUMBER(M21), M21<>0)), 1, 0) -> 1
C22: 광주 | D22: 20 | E22: 14 | F22: 9 | G22: 9 | H22: 0 | I22: 1 | J22: 22 | K22: =COUNTIF('세부(구축)'!$B:$B,C22) -> 7 | L22: =COUNTIFS('세부(구축)'!$B:$B,C22,'세부(구축)'!$G:$G,"<>승인") -> 5 | M22: =COUNTIFS('세부(구축)'!$B:$B,C22,'세부(구축)'!$G:$G,"신규") -> 0 | N22: =COUNTIFS('세부(구축)'!$B:$B,C22,'세부(구축)'!$G:$G,"승인") -> 2 | O22: =COUNTIFS('세부(구축)'!$I:$I,$C$12,'세부(구축)'!$B:$B,C22) -> 0 | P22: =COUNTIFS('세부(구축)'!$B:$B,C22,'세부(구축)'!$J:$J,"발행") -> 0 | R22: =K22-P22 -> 7 | S22: =COUNTIFS('세부(구축)'!$I:$I,$C$12,'세부(구축)'!$B:$B,C22) -> 0 | T22: =COUNTIFS('세부(구축)'!$B:$B,C22,'세부(구축)'!$H:$H,TODAY()) -> 0 | U22: =L22+T22 -> 5 | AA22: =IF(OR(AND(ISNUMBER(T22), T22<>0), AND(ISNUMBER(U22), U22<>0), AND(ISNUMBER(S22), S22<>0),AND(ISNUMBER(M22), M22<>0)), 1, 0) -> 1
C23: 대구 | D23: 4 | E23: 57 | F23: 10 | G23: 10 | H23: 0 | I23: 9 | J23: 0 | K23: =COUNTIF('세부(구축)'!$B:$B,C23) -> 0 | L23: =COUNTIFS('세부(구축)'!$B:$B,C23,'세부(구축)'!$G:$G,"<>승인") -> 0 | M23: =COUNTIFS('세부(구축)'!$B:$B,C23,'세부(구축)'!$G:$G,"신규") -> 0 | N23: =COUNTIFS('세부(구축)'!$B:$B,C23,'세부(구축)'!$G:$G,"승인") -> 0 | O23: =COUNTIFS('세부(구축)'!$I:$I,$C$12,'세부(구축)'!$B:$B,C23) -> 0 | P23: =COUNTIFS('세부(구축)'!$B:$B,C23,'세부(구축)'!$J:$J,"발행") -> 0 | R23: =K23-P23 -> 0 | S23: =COUNTIFS('세부(구축)'!$I:$I,$C$12,'세부(구축)'!$B:$B,C23) -> 0 | T23: =COUNTIFS('세부(구축)'!$B:$B,C23,'세부(구축)'!$H:$H,TODAY()) -> 0 | U23: =L23+T23 -> 0 | AA23: =IF(OR(AND(ISNUMBER(T23), T23<>0), AND(ISNUMBER(U23), U23<>0), AND(ISNUMBER(S23), S23<>0),AND(ISNUMBER(M23), M23<>0)), 1, 0) -> 0
C24: 대전 | D24: 12 | E24: 10 | F24: 4 | G24: 4 | H24: 0 | I24: 1 | J24: 3 | K24: =COUNTIF('세부(구축)'!$B:$B,C24) -> 0 | L24: =COUNTIFS('세부(구축)'!$B:$B,C24,'세부(구축)'!$G:$G,"<>승인") -> 0 | M24: =COUNTIFS('세부(구축)'!$B:$B,C24,'세부(구축)'!$G:$G,"신규") -> 0 | N24: =COUNTIFS('세부(구축)'!$B:$B,C24,'세부(구축)'!$G:$G,"승인") -> 0 | O24: =COUNTIFS('세부(구축)'!$I:$I,$C$12,'세부(구축)'!$B:$B,C24) -> 0 | P24: =COUNTIFS('세부(구축)'!$B:$B,C24,'세부(구축)'!$J:$J,"발행") -> 0 | R24: =K24-P24 -> 0 | S24: =COUNTIFS('세부(구축)'!$I:$I,$C$12,'세부(구축)'!$B:$B,C24) -> 0 | T24: =COUNTIFS('세부(구축)'!$B:$B,C24,'세부(구축)'!$H:$H,TODAY()) -> 0 | U24: =L24+T24 -> 0 | AA24: =IF(OR(AND(ISNUMBER(T24), T24<>0), AND(ISNUMBER(U24), U24<>0), AND(ISNUMBER(S24), S24<>0),AND(ISNUMBER(M24), M24<>0)), 1, 0) -> 0
C25: 부산 | D25: 7 | E25: 40 | F25: 0 | H25: 0 | I25: 8 | J25: 3 | K25: =COUNTIF('세부(구축)'!$B:$B,C25) -> 0 | L25: =COUNTIFS('세부(구축)'!$B:$B,C25,'세부(구축)'!$G:$G,"<>승인") -> 0 | M25: =COUNTIFS('세부(구축)'!$B:$B,C25,'세부(구축)'!$G:$G,"신규") -> 0 | N25: =COUNTIFS('세부(구축)'!$B:$B,C25,'세부(구축)'!$G:$G,"승인") -> 0 | O25: =COUNTIFS('세부(구축)'!$I:$I,$C$12,'세부(구축)'!$B:$B,C25) -> 0 | P25: =COUNTIFS('세부(구축)'!$B:$B,C25,'세부(구축)'!$J:$J,"발행") -> 0 | R25: =K25-P25 -> 0 | S25: =COUNTIFS('세부(구축)'!$I:$I,$C$12,'세부(구축)'!$B:$B,C25) -> 0 | T25: =COUNTIFS('세부(구축)'!$B:$B,C25,'세부(구축)'!$H:$H,TODAY()) -> 0 | U25: =L25+T25 -> 0 | AA25: =IF(OR(AND(ISNUMBER(T25), T25<>0), AND(ISNUMBER(U25), U25<>0), AND(ISNUMBER(S25), S25<>0),AND(ISNUMBER(M25), M25<>0)), 1, 0) -> 0
C26: 서울 | D26: 46 | E26: 19 | F26: 10 | G26: 8 | H26: 0 | I26: 1 | J26: 0 | K26: =COUNTIF('세부(구축)'!$B:$B,C26) -> 0 | L26: =COUNTIFS('세부(구축)'!$B:$B,C26,'세부(구축)'!$G:$G,"<>승인") -> 0 | M26: =COUNTIFS('세부(구축)'!$B:$B,C26,'세부(구축)'!$G:$G,"신규") -> 0 | N26: =COUNTIFS('세부(구축)'!$B:$B,C26,'세부(구축)'!$G:$G,"승인") -> 0 | O26: =COUNTIFS('세부(구축)'!$I:$I,$C$12,'세부(구축)'!$B:$B,C26) -> 0 | P26: =COUNTIFS('세부(구축)'!$B:$B,C26,'세부(구축)'!$J:$J,"발행") -> 0 | R26: =K26-P26 -> 0 | S26: =COUNTIFS('세부(구축)'!$I:$I,$C$12,'세부(구축)'!$B:$B,C26) -> 0 | T26: =COUNTIFS('세부(구축)'!$B:$B,C26,'세부(구축)'!$H:$H,TODAY()) -> 0 | U26: =L26+T26 -> 0 | AA26: =IF(OR(AND(ISNUMBER(T26), T26<>0), AND(ISNUMBER(U26), U26<>0), AND(ISNUMBER(S26), S26<>0),AND(ISNUMBER(M26), M26<>0)), 1, 0) -> 0
C27: 세종 | D27: 7 | F27: 7 | G27: 6 | H27: 0 | I27: 4 | J27: 3 | K27: =COUNTIF('세부(구축)'!$B:$B,C27) -> 0 | L27: =COUNTIFS('세부(구축)'!$B:$B,C27,'세부(구축)'!$G:$G,"<>승인") -> 0 | M27: =COUNTIFS('세부(구축)'!$B:$B,C27,'세부(구축)'!$G:$G,"신규") -> 0 | N27: =COUNTIFS('세부(구축)'!$B:$B,C27,'세부(구축)'!$G:$G,"승인") -> 0 | O27: =COUNTIFS('세부(구축)'!$I:$I,$C$12,'세부(구축)'!$B:$B,C27) -> 0 | P27: =COUNTIFS('세부(구축)'!$B:$B,C27,'세부(구축)'!$J:$J,"발행") -> 0 | R27: =K27-P27 -> 0 | S27: =COUNTIFS('세부(구축)'!$I:$I,$C$12,'세부(구축)'!$B:$B,C27) -> 0 | T27: =COUNTIFS('세부(구축)'!$B:$B,C27,'세부(구축)'!$H:$H,TODAY()) -> 0 | U27: =L27+T27 -> 0 | AA27: =IF(OR(AND(ISNUMBER(T27), T27<>0), AND(ISNUMBER(U27), U27<>0), AND(ISNUMBER(S27), S27<>0),AND(ISNUMBER(M27), M27<>0)), 1, 0) -> 0
C28: 울산 | D28: 37 | E28: 14 | F28: 6 | G28: 6 | H28: 0 | I28: 2 | J28: 2 | K28: =COUNTIF('세부(구축)'!$B:$B,C28) -> 0 | L28: =COUNTIFS('세부(구축)'!$B:$B,C28,'세부(구축)'!$G:$G,"<>승인") -> 0 | M28: =COUNTIFS('세부(구축)'!$B:$B,C28,'세부(구축)'!$G:$G,"신규") -> 0 | N28: =COUNTIFS('세부(구축)'!$B:$B,C28,'세부(구축)'!$G:$G,"승인") -> 0 | O28: =COUNTIFS('세부(구축)'!$I:$I,$C$12,'세부(구축)'!$B:$B,C28) -> 0 | P28: =COUNTIFS('세부(구축)'!$B:$B,C28,'세부(구축)'!$J:$J,"발행") -> 0 | R28: =K28-P28 -> 0 | S28: =COUNTIFS('세부(구축)'!$I:$I,$C$12,'세부(구축)'!$B:$B,C28) -> 0 | T28: =COUNTIFS('세부(구축)'!$B:$B,C28,'세부(구축)'!$H:$H,TODAY()) -> 0 | U28: =L28+T28 -> 0 | AA28: =IF(OR(AND(ISNUMBER(T28), T28<>0), AND(ISNUMBER(U28), U28<>0), AND(ISNUMBER(S28), S28<>0),AND(ISNUMBER(M28), M28<>0)), 1, 0) -> 0
C29: 인천 | D29: 85 | E29: 65 | F29: 37 | G29: 23 | H29: 0 | I29: 18 | J29: 24 | K29: =COUNTIF('세부(구축)'!$B:$B,C29) -> 13 | L29: =COUNTIFS('세부(구축)'!$B:$B,C29,'세부(구축)'!$G:$G,"<>승인") -> 13 | M29: =COUNTIFS('세부(구축)'!$B:$B,C29,'세부(구축)'!$G:$G,"신규") -> 0 | N29: =COUNTIFS('세부(구축)'!$B:$B,C29,'세부(구축)'!$G:$G,"승인") -> 0 | O29: =COUNTIFS('세부(구축)'!$I:$I,$C$12,'세부(구축)'!$B:$B,C29) -> 0 | P29: =COUNTIFS('세부(구축)'!$B:$B,C29,'세부(구축)'!$J:$J,"발행") -> 0 | R29: =K29-P29 -> 13 | S29: =COUNTIFS('세부(구축)'!$I:$I,$C$12,'세부(구축)'!$B:$B,C29) -> 0 | T29: =COUNTIFS('세부(구축)'!$B:$B,C29,'세부(구축)'!$H:$H,TODAY()) -> 0 | U29: =L29+T29 -> 13 | AA29: =IF(OR(AND(ISNUMBER(T29), T29<>0), AND(ISNUMBER(U29), U29<>0), AND(ISNUMBER(S29), S29<>0),AND(ISNUMBER(M29), M29<>0)), 1, 0) -> 1
C30: 전남 | D30: 36 | E30: 38 | F30: 16 | G30: 15 | H30: 0 | I30: 7 | J30: 7 | K30: =COUNTIF('세부(구축)'!$B:$B,C30) -> 4 | L30: =COUNTIFS('세부(구축)'!$B:$B,C30,'세부(구축)'!$G:$G,"<>승인") -> 1 | M30: =COUNTIFS('세부(구축)'!$B:$B,C30,'세부(구축)'!$G:$G,"신규") -> 0 | N30: =COUNTIFS('세부(구축)'!$B:$B,C30,'세부(구축)'!$G:$G,"승인") -> 3 | O30: =COUNTIFS('세부(구축)'!$I:$I,$C$12,'세부(구축)'!$B:$B,C30) -> 0 | P30: =COUNTIFS('세부(구축)'!$B:$B,C30,'세부(구축)'!$J:$J,"발행") -> 0 | R30: =K30-P30 -> 4 | S30: =COUNTIFS('세부(구축)'!$I:$I,$C$12,'세부(구축)'!$B:$B,C30) -> 0 | T30: =COUNTIFS('세부(구축)'!$B:$B,C30,'세부(구축)'!$H:$H,TODAY()) -> 0 | U30: =L30+T30 -> 1 | AA30: =IF(OR(AND(ISNUMBER(T30), T30<>0), AND(ISNUMBER(U30), U30<>0), AND(ISNUMBER(S30), S30<>0),AND(ISNUMBER(M30), M30<>0)), 1, 0) -> 1
C31: 전북 | D31: 24 | E31: 14 | F31: 22 | G31: 19 | H31: 0 | I31: 19 | J31: 6 | K31: =COUNTIF('세부(구축)'!$B:$B,C31) -> 4 | L31: =COUNTIFS('세부(구축)'!$B:$B,C31,'세부(구축)'!$G:$G,"<>승인") -> 0 | M31: =COUNTIFS('세부(구축)'!$B:$B,C31,'세부(구축)'!$G:$G,"신규") -> 0 | N31: =COUNTIFS('세부(구축)'!$B:$B,C31,'세부(구축)'!$G:$G,"승인") -> 4 | O31: =COUNTIFS('세부(구축)'!$I:$I,$C$12,'세부(구축)'!$B:$B,C31) -> 0 | P31: =COUNTIFS('세부(구축)'!$B:$B,C31,'세부(구축)'!$J:$J,"발행") -> 0 | R31: =K31-P31 -> 4 | S31: =COUNTIFS('세부(구축)'!$I:$I,$C$12,'세부(구축)'!$B:$B,C31) -> 0 | T31: =COUNTIFS('세부(구축)'!$B:$B,C31,'세부(구축)'!$H:$H,TODAY()) -> 0 | U31: =L31+T31 -> 0 | AA31: =IF(OR(AND(ISNUMBER(T31), T31<>0), AND(ISNUMBER(U31), U31<>0), AND(ISNUMBER(S31), S31<>0),AND(ISNUMBER(M31), M31<>0)), 1, 0) -> 0
C32: 제주 | D32: 2 | F32: 11 | G32: 11 | H32: 0 | I32: 1 | J32: 0 | K32: =COUNTIF('세부(구축)'!$B:$B,C32) -> 0 | L32: =COUNTIFS('세부(구축)'!$B:$B,C32,'세부(구축)'!$G:$G,"<>승인") -> 0 | M32: =COUNTIFS('세부(구축)'!$B:$B,C32,'세부(구축)'!$G:$G,"신규") -> 0 | N32: =COUNTIFS('세부(구축)'!$B:$B,C32,'세부(구축)'!$G:$G,"승인") -> 0 | O32: =COUNTIFS('세부(구축)'!$I:$I,$C$12,'세부(구축)'!$B:$B,C32) -> 0 | P32: =COUNTIFS('세부(구축)'!$B:$B,C32,'세부(구축)'!$J:$J,"발행") -> 0 | R32: =K32-P32 -> 0 | S32: =COUNTIFS('세부(구축)'!$I:$I,$C$12,'세부(구축)'!$B:$B,C32) -> 0 | T32: =COUNTIFS('세부(구축)'!$B:$B,C32,'세부(구축)'!$H:$H,TODAY()) -> 0 | U32: =L32+T32 -> 0 | AA32: =IF(OR(AND(ISNUMBER(T32), T32<>0), AND(ISNUMBER(U32), U32<>0), AND(ISNUMBER(S32), S32<>0),AND(ISNUMBER(M32), M32<>0)), 1, 0) -> 0
C33: 충남 | D33: 41 | E33: 34 | F33: 13 | G33: 13 | H33: 0 | I33: 15 | J33: 4 | K33: =COUNTIF('세부(구축)'!$B:$B,C33) -> 0 | L33: =COUNTIFS('세부(구축)'!$B:$B,C33,'세부(구축)'!$G:$G,"<>승인") -> 0 | M33: =COUNTIFS('세부(구축)'!$B:$B,C33,'세부(구축)'!$G:$G,"신규") -> 0 | N33: =COUNTIFS('세부(구축)'!$B:$B,C33,'세부(구축)'!$G:$G,"승인") -> 0 | O33: =COUNTIFS('세부(구축)'!$I:$I,$C$12,'세부(구축)'!$B:$B,C33) -> 0 | P33: =COUNTIFS('세부(구축)'!$B:$B,C33,'세부(구축)'!$J:$J,"발행") -> 0 | R33: =K33-P33 -> 0 | S33: =COUNTIFS('세부(구축)'!$I:$I,$C$12,'세부(구축)'!$B:$B,C33) -> 0 | T33: =COUNTIFS('세부(구축)'!$B:$B,C33,'세부(구축)'!$H:$H,TODAY()) -> 0 | U33: =L33+T33 -> 0 | AA33: =IF(OR(AND(ISNUMBER(T33), T33<>0), AND(ISNUMBER(U33), U33<>0), AND(ISNUMBER(S33), S33<>0),AND(ISNUMBER(M33), M33<>0)), 1, 0) -> 0
C34: 충북 | D34: 33 | E34: 26 | F34: 14 | G34: 13 | H34: 0 | I34: 16 | J34: 9 | K34: =COUNTIF('세부(구축)'!$B:$B,C34) -> 5 | L34: =COUNTIFS('세부(구축)'!$B:$B,C34,'세부(구축)'!$G:$G,"<>승인") -> 1 | M34: =COUNTIFS('세부(구축)'!$B:$B,C34,'세부(구축)'!$G:$G,"신규") -> 0 | N34: =COUNTIFS('세부(구축)'!$B:$B,C34,'세부(구축)'!$G:$G,"승인") -> 4 | O34: =COUNTIFS('세부(구축)'!$I:$I,$C$12,'세부(구축)'!$B:$B,C34) -> 0 | P34: =COUNTIFS('세부(구축)'!$B:$B,C34,'세부(구축)'!$J:$J,"발행") -> 0 | R34: =K34-P34 -> 5 | S34: =COUNTIFS('세부(구축)'!$I:$I,$C$12,'세부(구축)'!$B:$B,C34) -> 0 | T34: =COUNTIFS('세부(구축)'!$B:$B,C34,'세부(구축)'!$H:$H,TODAY()) -> 0 | U34: =L34+T34 -> 1 | AA34: =IF(OR(AND(ISNUMBER(T34), T34<>0), AND(ISNUMBER(U34), U34<>0), AND(ISNUMBER(S34), S34<>0),AND(ISNUMBER(M34), M34<>0)), 1, 0) -> 1
C35: 포항 | D35: 7 | E35: 9 | F35: 0 | H35: 0 | I35: 1 | J35: 0 | K35: =COUNTIF('세부(구축)'!$B:$B,C35) -> 0 | L35: =COUNTIFS('세부(구축)'!$B:$B,C35,'세부(구축)'!$G:$G,"<>승인") -> 0 | M35: =COUNTIFS('세부(구축)'!$B:$B,C35,'세부(구축)'!$G:$G,"신규") -> 0 | N35: =COUNTIFS('세부(구축)'!$B:$B,C35,'세부(구축)'!$G:$G,"승인") -> 0 | O35: =COUNTIFS('세부(구축)'!$I:$I,$C$12,'세부(구축)'!$B:$B,C35) -> 0 | P35: =COUNTIFS('세부(구축)'!$B:$B,C35,'세부(구축)'!$J:$J,"발행") -> 0 | R35: =K35-P35 -> 0 | S35: =COUNTIFS('세부(구축)'!$I:$I,$C$12,'세부(구축)'!$B:$B,C35) -> 0 | T35: =COUNTIFS('세부(구축)'!$B:$B,C35,'세부(구축)'!$H:$H,TODAY()) -> 0 | U35: =L35+T35 -> 0 | AA35: =IF(OR(AND(ISNUMBER(T35), T35<>0), AND(ISNUMBER(U35), U35<>0), AND(ISNUMBER(S35), S35<>0),AND(ISNUMBER(M35), M35<>0)), 1, 0) -> 0
C36: (재)한국혁신의약품컨소시엄 | D36: 32 | E36: 17 | F36: 25 | G36: 25 | H36: 0 | I36: 0 | J36: 0 | K36: =COUNTIF('세부(구축)'!$B:$B,C36) -> 0 | L36: =COUNTIFS('세부(구축)'!$B:$B,C36,'세부(구축)'!$G:$G,"<>승인") -> 0 | M36: =COUNTIFS('세부(구축)'!$B:$B,C36,'세부(구축)'!$G:$G,"신규") -> 0 | N36: =COUNTIFS('세부(구축)'!$B:$B,C36,'세부(구축)'!$G:$G,"승인") -> 0 | O36: =COUNTIFS('세부(구축)'!$I:$I,$C$12,'세부(구축)'!$B:$B,C36) -> 0 | P36: =COUNTIFS('세부(구축)'!$B:$B,C36,'세부(구축)'!$J:$J,"발행") -> 0 | R36: =K36-P36 -> 0 | S36: =COUNTIFS('세부(구축)'!$I:$I,$C$12,'세부(구축)'!$B:$B,C36) -> 0 | T36: =COUNTIFS('세부(구축)'!$B:$B,C36,'세부(구축)'!$H:$H,TODAY()) -> 0 | U36: =L36+T36 -> 0 | AA36: =IF(OR(AND(ISNUMBER(T36), T36<>0), AND(ISNUMBER(U36), U36<>0), AND(ISNUMBER(S36), S36<>0),AND(ISNUMBER(M36), M36<>0)), 1, 0) -> 0
C37: 대구경북금형공업협동조합 | D37: 25 | E37: 14 | F37: 0 | H37: 0 | I37: 0 | J37: 0 | K37: =COUNTIF('세부(구축)'!$B:$B,C37) -> 0 | L37: =COUNTIFS('세부(구축)'!$B:$B,C37,'세부(구축)'!$G:$G,"<>승인") -> 0 | M37: =COUNTIFS('세부(구축)'!$B:$B,C37,'세부(구축)'!$G:$G,"신규") -> 0 | N37: =COUNTIFS('세부(구축)'!$B:$B,C37,'세부(구축)'!$G:$G,"승인") -> 0 | O37: =COUNTIFS('세부(구축)'!$I:$I,$C$12,'세부(구축)'!$B:$B,C37) -> 0 | P37: =COUNTIFS('세부(구축)'!$B:$B,C37,'세부(구축)'!$J:$J,"발행") -> 0 | R37: =K37-P37 -> 0 | S37: =COUNTIFS('세부(구축)'!$I:$I,$C$12,'세부(구축)'!$B:$B,C37) -> 0 | T37: =COUNTIFS('세부(구축)'!$B:$B,C37,'세부(구축)'!$H:$H,TODAY()) -> 0 | U37: =L37+T37 -> 0 | AA37: =IF(OR(AND(ISNUMBER(T37), T37<>0), AND(ISNUMBER(U37), U37<>0), AND(ISNUMBER(S37), S37<>0),AND(ISNUMBER(M37), M37<>0)), 1, 0) -> 0
C38: 대중소기업농어업협력재단 | F38: 0 | H38: 0 | I38: 0 | J38: 0 | K38: =COUNTIF('세부(구축)'!$B:$B,C38) -> 0 | L38: =COUNTIFS('세부(구축)'!$B:$B,C38,'세부(구축)'!$G:$G,"<>승인") -> 0 | M38: =COUNTIFS('세부(구축)'!$B:$B,C38,'세부(구축)'!$G:$G,"신규") -> 0 | N38: =COUNTIFS('세부(구축)'!$B:$B,C38,'세부(구축)'!$G:$G,"승인") -> 0 | O38: =COUNTIFS('세부(구축)'!$I:$I,$C$12,'세부(구축)'!$B:$B,C38) -> 0 | P38: =COUNTIFS('세부(구축)'!$B:$B,C38,'세부(구축)'!$J:$J,"발행") -> 0 | R38: =K38-P38 -> 0 | S38: =COUNTIFS('세부(구축)'!$I:$I,$C$12,'세부(구축)'!$B:$B,C38) -> 0 | T38: =COUNTIFS('세부(구축)'!$B:$B,C38,'세부(구축)'!$H:$H,TODAY()) -> 0 | U38: =L38+T38 -> 0 | AA38: =IF(OR(AND(ISNUMBER(T38), T38<>0), AND(ISNUMBER(U38), U38<>0), AND(ISNUMBER(S38), S38<>0),AND(ISNUMBER(M38), M38<>0)), 1, 0) -> 0
C39: 대한상공회의소 | D39: 24 | E39: 8 | F39: 40 | G39: 40 | H39: 12 | I39: 0 | J39: 18 | K39: =COUNTIF('세부(구축)'!$B:$B,C39) -> 13 | L39: =COUNTIFS('세부(구축)'!$B:$B,C39,'세부(구축)'!$G:$G,"<>승인") -> 0 | M39: =COUNTIFS('세부(구축)'!$B:$B,C39,'세부(구축)'!$G:$G,"신규") -> 0 | N39: =COUNTIFS('세부(구축)'!$B:$B,C39,'세부(구축)'!$G:$G,"승인") -> 13 | O39: =COUNTIFS('세부(구축)'!$I:$I,$C$12,'세부(구축)'!$B:$B,C39) -> 0 | P39: =COUNTIFS('세부(구축)'!$B:$B,C39,'세부(구축)'!$J:$J,"발행") -> 0 | R39: =K39-P39 -> 13 | S39: =COUNTIFS('세부(구축)'!$I:$I,$C$12,'세부(구축)'!$B:$B,C39) -> 0 | T39: =COUNTIFS('세부(구축)'!$B:$B,C39,'세부(구축)'!$H:$H,TODAY()) -> 0 | U39: =L39+T39 -> 0 | AA39: =IF(OR(AND(ISNUMBER(T39), T39<>0), AND(ISNUMBER(U39), U39<>0), AND(ISNUMBER(S39), S39<>0),AND(ISNUMBER(M39), M39<>0)), 1, 0) -> 0
C40: 자동차부품산업진흥재단 | E40: 58 | F40: 0 | H40: 0 | I40: 0 | J40: 0 | K40: =COUNTIF('세부(구축)'!$B:$B,C40) -> 0 | L40: =COUNTIFS('세부(구축)'!$B:$B,C40,'세부(구축)'!$G:$G,"<>승인") -> 0 | M40: =COUNTIFS('세부(구축)'!$B:$B,C40,'세부(구축)'!$G:$G,"신규") -> 0 | N40: =COUNTIFS('세부(구축)'!$B:$B,C40,'세부(구축)'!$G:$G,"승인") -> 0 | O40: =COUNTIFS('세부(구축)'!$I:$I,$C$12,'세부(구축)'!$B:$B,C40) -> 0 | P40: =COUNTIFS('세부(구축)'!$B:$B,C40,'세부(구축)'!$J:$J,"발행") -> 0 | R40: =K40-P40 -> 0 | S40: =COUNTIFS('세부(구축)'!$I:$I,$C$12,'세부(구축)'!$B:$B,C40) -> 0 | T40: =COUNTIFS('세부(구축)'!$B:$B,C40,'세부(구축)'!$H:$H,TODAY()) -> 0 | U40: =L40+T40 -> 0 | AA40: =IF(OR(AND(ISNUMBER(T40), T40<>0), AND(ISNUMBER(U40), U40<>0), AND(ISNUMBER(S40), S40<>0),AND(ISNUMBER(M40), M40<>0)), 1, 0) -> 0
C41: 중소기업기술혁신협회 | D41: 10 | E41: 2 | F41: 17 | G41: 17 | H41: 0 | I41: 0 | J41: 0 | K41: =COUNTIF('세부(구축)'!$B:$B,C41) -> 0 | L41: =COUNTIFS('세부(구축)'!$B:$B,C41,'세부(구축)'!$G:$G,"<>승인") -> 0 | M41: =COUNTIFS('세부(구축)'!$B:$B,C41,'세부(구축)'!$G:$G,"신규") -> 0 | N41: =COUNTIFS('세부(구축)'!$B:$B,C41,'세부(구축)'!$G:$G,"승인") -> 0 | O41: =COUNTIFS('세부(구축)'!$I:$I,$C$12,'세부(구축)'!$B:$B,C41) -> 0 | P41: =COUNTIFS('세부(구축)'!$B:$B,C41,'세부(구축)'!$J:$J,"발행") -> 0 | R41: =K41-P41 -> 0 | S41: =COUNTIFS('세부(구축)'!$I:$I,$C$12,'세부(구축)'!$B:$B,C41) -> 0 | T41: =COUNTIFS('세부(구축)'!$B:$B,C41,'세부(구축)'!$H:$H,TODAY()) -> 0 | U41: =L41+T41 -> 0 | AA41: =IF(OR(AND(ISNUMBER(T41), T41<>0), AND(ISNUMBER(U41), U41<>0), AND(ISNUMBER(S41), S41<>0),AND(ISNUMBER(M41), M41<>0)), 1, 0) -> 0
C42: 중소기업중앙회 | D42: 87 | E42: 62 | F42: 45 | G42: 45 | H42: 29 | I42: 0 | J42: 0 | K42: =COUNTIF('세부(구축)'!$B:$B,C42) -> 0 | L42: =COUNTIFS('세부(구축)'!$B:$B,C42,'세부(구축)'!$G:$G,"<>승인") -> 0 | M42: =COUNTIFS('세부(구축)'!$B:$B,C42,'세부(구축)'!$G:$G,"신규") -> 0 | N42: =COUNTIFS('세부(구축)'!$B:$B,C42,'세부(구축)'!$G:$G,"승인") -> 0 | O42: =COUNTIFS('세부(구축)'!$I:$I,$C$12,'세부(구축)'!$B:$B,C42) -> 0 | P42: =COUNTIFS('세부(구축)'!$B:$B,C42,'세부(구축)'!$J:$J,"발행") -> 0 | R42: =K42-P42 -> 0 | S42: =COUNTIFS('세부(구축)'!$I:$I,$C$12,'세부(구축)'!$B:$B,C42) -> 0 | T42: =COUNTIFS('세부(구축)'!$B:$B,C42,'세부(구축)'!$H:$H,TODAY()) -> 0 | U42: =L42+T42 -> 0 | AA42: =IF(OR(AND(ISNUMBER(T42), T42<>0), AND(ISNUMBER(U42), U42<>0), AND(ISNUMBER(S42), S42<>0),AND(ISNUMBER(M42), M42<>0)), 1, 0) -> 0
C43: 중소기업중앙회-원가감리 | F43: 0 | H43: 0 | I43: 0 | J43: 0 | K43: =COUNTIF('세부(구축)'!$B:$B,C43) -> 0 | L43: =COUNTIFS('세부(구축)'!$B:$B,C43,'세부(구축)'!$G:$G,"<>승인") -> 0 | M43: =COUNTIFS('세부(구축)'!$B:$B,C43,'세부(구축)'!$G:$G,"신규") -> 0 | N43: =COUNTIFS('세부(구축)'!$B:$B,C43,'세부(구축)'!$G:$G,"승인") -> 0 | O43: =COUNTIFS('세부(구축)'!$I:$I,$C$12,'세부(구축)'!$B:$B,C43) -> 0 | P43: =COUNTIFS('세부(구축)'!$B:$B,C43,'세부(구축)'!$J:$J,"발행") -> 0 | R43: =K43-P43 -> 0 | S43: =COUNTIFS('세부(구축)'!$I:$I,$C$12,'세부(구축)'!$B:$B,C43) -> 0 | T43: =COUNTIFS('세부(구축)'!$B:$B,C43,'세부(구축)'!$H:$H,TODAY()) -> 0 | U43: =L43+T43 -> 0 | AA43: =IF(OR(AND(ISNUMBER(T43), T43<>0), AND(ISNUMBER(U43), U43<>0), AND(ISNUMBER(S43), S43<>0),AND(ISNUMBER(M43), M43<>0)), 1, 0) -> 0
C44: 중소벤처기업진흥공단 | E44: 23 | F44: 34 | G44: 33 | H44: 16 | I44: 0 | J44: 0 | K44: =COUNTIF('세부(구축)'!$B:$B,C44) -> 0 | L44: =COUNTIFS('세부(구축)'!$B:$B,C44,'세부(구축)'!$G:$G,"<>승인") -> 0 | M44: =COUNTIFS('세부(구축)'!$B:$B,C44,'세부(구축)'!$G:$G,"신규") -> 0 | N44: =COUNTIFS('세부(구축)'!$B:$B,C44,'세부(구축)'!$G:$G,"승인") -> 0 | O44: =COUNTIFS('세부(구축)'!$I:$I,$C$12,'세부(구축)'!$B:$B,C44) -> 0 | P44: =COUNTIFS('세부(구축)'!$B:$B,C44,'세부(구축)'!$J:$J,"발행") -> 0 | R44: =K44-P44 -> 0 | S44: =COUNTIFS('세부(구축)'!$I:$I,$C$12,'세부(구축)'!$B:$B,C44) -> 0 | T44: =COUNTIFS('세부(구축)'!$B:$B,C44,'세부(구축)'!$H:$H,TODAY()) -> 0 | U44: =L44+T44 -> 0 | AA44: =IF(OR(AND(ISNUMBER(T44), T44<>0), AND(ISNUMBER(U44), U44<>0), AND(ISNUMBER(S44), S44<>0),AND(ISNUMBER(M44), M44<>0)), 1, 0) -> 0
C45: 한국생산기술연구원 | D45: 104 | E45: 11 | F45: 0 | H45: 0 | I45: 0 | J45: 0 | K45: =COUNTIF('세부(구축)'!$B:$B,C45) -> 0 | L45: =COUNTIFS('세부(구축)'!$B:$B,C45,'세부(구축)'!$G:$G,"<>승인") -> 0 | M45: =COUNTIFS('세부(구축)'!$B:$B,C45,'세부(구축)'!$G:$G,"신규") -> 0 | N45: =COUNTIFS('세부(구축)'!$B:$B,C45,'세부(구축)'!$G:$G,"승인") -> 0 | O45: =COUNTIFS('세부(구축)'!$I:$I,$C$12,'세부(구축)'!$B:$B,C45) -> 0 | P45: =COUNTIFS('세부(구축)'!$B:$B,C45,'세부(구축)'!$J:$J,"발행") -> 0 | R45: =K45-P45 -> 0 | S45: =COUNTIFS('세부(구축)'!$I:$I,$C$12,'세부(구축)'!$B:$B,C45) -> 0 | T45: =COUNTIFS('세부(구축)'!$B:$B,C45,'세부(구축)'!$H:$H,TODAY()) -> 0 | U45: =L45+T45 -> 0 | AA45: =IF(OR(AND(ISNUMBER(T45), T45<>0), AND(ISNUMBER(U45), U45<>0), AND(ISNUMBER(S45), S45<>0),AND(ISNUMBER(M45), M45<>0)), 1, 0) -> 0
C46: 한국생산성본부 | E46: 6 | F46: 51 | G46: 45 | H46: 18 | I46: 0 | J46: 50 | K46: =COUNTIF('세부(구축)'!$B:$B,C46) -> 0 | L46: =COUNTIFS('세부(구축)'!$B:$B,C46,'세부(구축)'!$G:$G,"<>승인") -> 0 | M46: =COUNTIFS('세부(구축)'!$B:$B,C46,'세부(구축)'!$G:$G,"신규") -> 0 | N46: =COUNTIFS('세부(구축)'!$B:$B,C46,'세부(구축)'!$G:$G,"승인") -> 0 | O46: =COUNTIFS('세부(구축)'!$I:$I,$C$12,'세부(구축)'!$B:$B,C46) -> 0 | P46: =COUNTIFS('세부(구축)'!$B:$B,C46,'세부(구축)'!$J:$J,"발행") -> 0 | R46: =K46-P46 -> 0 | S46: =COUNTIFS('세부(구축)'!$I:$I,$C$12,'세부(구축)'!$B:$B,C46) -> 0 | T46: =COUNTIFS('세부(구축)'!$B:$B,C46,'세부(구축)'!$H:$H,TODAY()) -> 0 | U46: =L46+T46 -> 0 | AA46: =IF(OR(AND(ISNUMBER(T46), T46<>0), AND(ISNUMBER(U46), U46<>0), AND(ISNUMBER(S46), S46<>0),AND(ISNUMBER(M46), M46<>0)), 1, 0) -> 0
C47: 한국스마트팩토리데이터협회 | D47: 13 | F47: 0 | H47: 0 | I47: 0 | J47: 0 | K47: =COUNTIF('세부(구축)'!$B:$B,C47) -> 0 | L47: =COUNTIFS('세부(구축)'!$B:$B,C47,'세부(구축)'!$G:$G,"<>승인") -> 0 | M47: =COUNTIFS('세부(구축)'!$B:$B,C47,'세부(구축)'!$G:$G,"신규") -> 0 | N47: =COUNTIFS('세부(구축)'!$B:$B,C47,'세부(구축)'!$G:$G,"승인") -> 0 | O47: =COUNTIFS('세부(구축)'!$I:$I,$C$12,'세부(구축)'!$B:$B,C47) -> 0 | P47: =COUNTIFS('세부(구축)'!$B:$B,C47,'세부(구축)'!$J:$J,"발행") -> 0 | R47: =K47-P47 -> 0 | S47: =COUNTIFS('세부(구축)'!$I:$I,$C$12,'세부(구축)'!$B:$B,C47) -> 0 | T47: =COUNTIFS('세부(구축)'!$B:$B,C47,'세부(구축)'!$H:$H,TODAY()) -> 0 | U47: =L47+T47 -> 0 | AA47: =IF(OR(AND(ISNUMBER(T47), T47<>0), AND(ISNUMBER(U47), U47<>0), AND(ISNUMBER(S47), S47<>0),AND(ISNUMBER(M47), M47<>0)), 1, 0) -> 0
C48: 한국섬유산업연합회 | E48: 12 | F48: 23 | G48: 20 | H48: 0 | I48: 0 | J48: 0 | K48: =COUNTIF('세부(구축)'!$B:$B,C48) -> 0 | L48: =COUNTIFS('세부(구축)'!$B:$B,C48,'세부(구축)'!$G:$G,"<>승인") -> 0 | M48: =COUNTIFS('세부(구축)'!$B:$B,C48,'세부(구축)'!$G:$G,"신규") -> 0 | N48: =COUNTIFS('세부(구축)'!$B:$B,C48,'세부(구축)'!$G:$G,"승인") -> 0 | O48: =COUNTIFS('세부(구축)'!$I:$I,$C$12,'세부(구축)'!$B:$B,C48) -> 0 | P48: =COUNTIFS('세부(구축)'!$B:$B,C48,'세부(구축)'!$J:$J,"발행") -> 0 | R48: =K48-P48 -> 0 | S48: =COUNTIFS('세부(구축)'!$I:$I,$C$12,'세부(구축)'!$B:$B,C48) -> 0 | T48: =COUNTIFS('세부(구축)'!$B:$B,C48,'세부(구축)'!$H:$H,TODAY()) -> 0 | U48: =L48+T48 -> 0 | AA48: =IF(OR(AND(ISNUMBER(T48), T48<>0), AND(ISNUMBER(U48), U48<>0), AND(ISNUMBER(S48), S48<>0),AND(ISNUMBER(M48), M48<>0)), 1, 0) -> 0
C49: 스마트제조혁신협회 | E49: 19 | F49: 0 | H49: 0 | I49: 0 | J49: 7 | K49: =COUNTIF('세부(구축)'!$B:$B,C49) -> 10 | L49: =COUNTIFS('세부(구축)'!$B:$B,C49,'세부(구축)'!$G:$G,"<>승인") -> 0 | M49: =COUNTIFS('세부(구축)'!$B:$B,C49,'세부(구축)'!$G:$G,"신규") -> 0 | N49: =COUNTIFS('세부(구축)'!$B:$B,C49,'세부(구축)'!$G:$G,"승인") -> 10 | O49: =COUNTIFS('세부(구축)'!$I:$I,$C$12,'세부(구축)'!$B:$B,C49) -> 0 | P49: =COUNTIFS('세부(구축)'!$B:$B,C49,'세부(구축)'!$J:$J,"발행") -> 0 | R49: =K49-P49 -> 10 | S49: =COUNTIFS('세부(구축)'!$I:$I,$C$12,'세부(구축)'!$B:$B,C49) -> 0 | T49: =COUNTIFS('세부(구축)'!$B:$B,C49,'세부(구축)'!$H:$H,TODAY()) -> 0 | U49: =L49+T49 -> 0 | AA49: =IF(OR(AND(ISNUMBER(T49), T49<>0), AND(ISNUMBER(U49), U49<>0), AND(ISNUMBER(S49), S49<>0),AND(ISNUMBER(M49), M49<>0)), 1, 0) -> 0
C50: 한국식품안전관리인증원 | D50: 20 | E50: 3 | F50: 4 | G50: 4 | H50: 0 | I50: 0 | J50: 0 | K50: =COUNTIF('세부(구축)'!$B:$B,C50) -> 0 | L50: =COUNTIFS('세부(구축)'!$B:$B,C50,'세부(구축)'!$G:$G,"<>승인") -> 0 | M50: =COUNTIFS('세부(구축)'!$B:$B,C50,'세부(구축)'!$G:$G,"신규") -> 0 | N50: =COUNTIFS('세부(구축)'!$B:$B,C50,'세부(구축)'!$G:$G,"승인") -> 0 | O50: =COUNTIFS('세부(구축)'!$I:$I,$C$12,'세부(구축)'!$B:$B,C50) -> 0 | P50: =COUNTIFS('세부(구축)'!$B:$B,C50,'세부(구축)'!$J:$J,"발행") -> 0 | R50: =K50-P50 -> 0 | S50: =COUNTIFS('세부(구축)'!$I:$I,$C$12,'세부(구축)'!$B:$B,C50) -> 0 | T50: =COUNTIFS('세부(구축)'!$B:$B,C50,'세부(구축)'!$H:$H,TODAY()) -> 0 | U50: =L50+T50 -> 0 | AA50: =IF(OR(AND(ISNUMBER(T50), T50<>0), AND(ISNUMBER(U50), U50<>0), AND(ISNUMBER(S50), S50<>0),AND(ISNUMBER(M50), M50<>0)), 1, 0) -> 0
C51: 한국인공지능제조이니셔티브 | E51: 12 | F51: 3 | G51: 2 | H51: 0 | I51: 0 | J51: 0 | K51: =COUNTIF('세부(구축)'!$B:$B,C51) -> 0 | L51: =COUNTIFS('세부(구축)'!$B:$B,C51,'세부(구축)'!$G:$G,"<>승인") -> 0 | M51: =COUNTIFS('세부(구축)'!$B:$B,C51,'세부(구축)'!$G:$G,"신규") -> 0 | N51: =COUNTIFS('세부(구축)'!$B:$B,C51,'세부(구축)'!$G:$G,"승인") -> 0 | O51: =COUNTIFS('세부(구축)'!$I:$I,$C$12,'세부(구축)'!$B:$B,C51) -> 0 | P51: =COUNTIFS('세부(구축)'!$B:$B,C51,'세부(구축)'!$J:$J,"발행") -> 0 | R51: =K51-P51 -> 0 | S51: =COUNTIFS('세부(구축)'!$I:$I,$C$12,'세부(구축)'!$B:$B,C51) -> 0 | T51: =COUNTIFS('세부(구축)'!$B:$B,C51,'세부(구축)'!$H:$H,TODAY()) -> 0 | U51: =L51+T51 -> 0 | AA51: =IF(OR(AND(ISNUMBER(T51), T51<>0), AND(ISNUMBER(U51), U51<>0), AND(ISNUMBER(S51), S51<>0),AND(ISNUMBER(M51), M51<>0)), 1, 0) -> 0
C52: 한국농수산식품유통공사 | K52: =COUNTIF('세부(구축)'!$B:$B,C52) -> 5 | L52: =COUNTIFS('세부(구축)'!$B:$B,C52,'세부(구축)'!$G:$G,"<>승인") -> 0 | M52: =COUNTIFS('세부(구축)'!$B:$B,C52,'세부(구축)'!$G:$G,"신규") -> 0 | N52: =COUNTIFS('세부(구축)'!$B:$B,C52,'세부(구축)'!$G:$G,"승인") -> 5 | O52: =COUNTIFS('세부(구축)'!$I:$I,$C$12,'세부(구축)'!$B:$B,C52) -> 0 | P52: =COUNTIFS('세부(구축)'!$B:$B,C52,'세부(구축)'!$J:$J,"발행") -> 0 | R52: =K52-P52 -> 5 | S52: =COUNTIFS('세부(구축)'!$I:$I,$C$12,'세부(구축)'!$B:$B,C52) -> 0 | T52: =COUNTIFS('세부(구축)'!$B:$B,C52,'세부(구축)'!$H:$H,TODAY()) -> 0 | U52: =L52+T52 -> 0
C53: 한국과학기술원 | F53: 43 | G53: 43 | H53: 34 | I53: 0 | J53: 3 | K53: =COUNTIF('세부(구축)'!$B:$B,C53) -> 2 | L53: =COUNTIFS('세부(구축)'!$B:$B,C53,'세부(구축)'!$G:$G,"<>승인") -> 0 | M53: =COUNTIFS('세부(구축)'!$B:$B,C53,'세부(구축)'!$G:$G,"신규") -> 0 | N53: =COUNTIFS('세부(구축)'!$B:$B,C53,'세부(구축)'!$G:$G,"승인") -> 2 | O53: =COUNTIFS('세부(구축)'!$I:$I,$C$12,'세부(구축)'!$B:$B,C53) -> 0 | P53: =COUNTIFS('세부(구축)'!$B:$B,C53,'세부(구축)'!$J:$J,"발행") -> 0 | R53: =K53-P53 -> 2 | S53: =COUNTIFS('세부(구축)'!$I:$I,$C$12,'세부(구축)'!$B:$B,C53) -> 0 | T53: =COUNTIFS('세부(구축)'!$B:$B,C53,'세부(구축)'!$H:$H,TODAY()) -> 0 | U53: =L53+T53 -> 0 | AA53: =IF(OR(AND(ISNUMBER(T53), T53<>0), AND(ISNUMBER(U53), U53<>0), AND(ISNUMBER(S53), S53<>0),AND(ISNUMBER(M53), M53<>0)), 1, 0) -> 0
C54: 전남대불산학융합원 | F54: 7 | G54: 6 | H54: 0 | I54: 0 | J54: 0 | K54: =COUNTIF('세부(구축)'!$B:$B,C54) -> 0 | L54: =COUNTIFS('세부(구축)'!$B:$B,C54,'세부(구축)'!$G:$G,"<>승인") -> 0 | M54: =COUNTIFS('세부(구축)'!$B:$B,C54,'세부(구축)'!$G:$G,"신규") -> 0 | N54: =COUNTIFS('세부(구축)'!$B:$B,C54,'세부(구축)'!$G:$G,"승인") -> 0 | O54: =COUNTIFS('세부(구축)'!$I:$I,$C$12,'세부(구축)'!$B:$B,C54) -> 0 | P54: =COUNTIFS('세부(구축)'!$B:$B,C54,'세부(구축)'!$J:$J,"발행") -> 0 | R54: =K54-P54 -> 0 | S54: =COUNTIFS('세부(구축)'!$I:$I,$C$12,'세부(구축)'!$B:$B,C54) -> 0 | T54: =COUNTIFS('세부(구축)'!$B:$B,C54,'세부(구축)'!$H:$H,TODAY()) -> 0 | U54: =L54+T54 -> 0 | AA54: =IF(OR(AND(ISNUMBER(T54), T54<>0), AND(ISNUMBER(U54), U54<>0), AND(ISNUMBER(S54), S54<>0),AND(ISNUMBER(M54), M54<>0)), 1, 0) -> 0
C55: 재단법인 한국혁신의약품컨소시엄 | H55: 9 | I55: 0 | J55: 0 | K55: =COUNTIF('세부(구축)'!$B:$B,C55) -> 0 | L55: =COUNTIFS('세부(구축)'!$B:$B,C55,'세부(구축)'!$G:$G,"<>승인") -> 0 | M55: =COUNTIFS('세부(구축)'!$B:$B,C55,'세부(구축)'!$G:$G,"신규") -> 0 | N55: =COUNTIFS('세부(구축)'!$B:$B,C55,'세부(구축)'!$G:$G,"승인") -> 0 | O55: =COUNTIFS('세부(구축)'!$I:$I,$C$12,'세부(구축)'!$B:$B,C55) -> 0 | P55: =COUNTIFS('세부(구축)'!$B:$B,C55,'세부(구축)'!$J:$J,"발행") -> 0 | R55: =K55-P55 -> 0 | S55: =COUNTIFS('세부(구축)'!$I:$I,$C$12,'세부(구축)'!$B:$B,C55) -> 0 | T55: =COUNTIFS('세부(구축)'!$B:$B,C55,'세부(구축)'!$H:$H,TODAY()) -> 0 | U55: =L55+T55 -> 0 | AA55: =IF(OR(AND(ISNUMBER(T55), T55<>0), AND(ISNUMBER(U55), U55<>0), AND(ISNUMBER(S55), S55<>0),AND(ISNUMBER(M55), M55<>0)), 1, 0) -> 0
C56: 이노비즈협회 | I56: 0 | J56: 3 | K56: =COUNTIF('세부(구축)'!$B:$B,C56) -> 0 | L56: =COUNTIFS('세부(구축)'!$B:$B,C56,'세부(구축)'!$G:$G,"<>승인") -> 0 | M56: =COUNTIFS('세부(구축)'!$B:$B,C56,'세부(구축)'!$G:$G,"신규") -> 0 | N56: =COUNTIFS('세부(구축)'!$B:$B,C56,'세부(구축)'!$G:$G,"승인") -> 0 | O56: =COUNTIFS('세부(구축)'!$I:$I,$C$12,'세부(구축)'!$B:$B,C56) -> 0 | P56: =COUNTIFS('세부(구축)'!$B:$B,C56,'세부(구축)'!$J:$J,"발행") -> 0 | R56: =K56-P56 -> 0 | S56: =COUNTIFS('세부(구축)'!$I:$I,$C$12,'세부(구축)'!$B:$B,C56) -> 0 | T56: =COUNTIFS('세부(구축)'!$B:$B,C56,'세부(구축)'!$H:$H,TODAY()) -> 0 | U56: =L56+T56 -> 0 | AA56: =IF(OR(AND(ISNUMBER(T56), T56<>0), AND(ISNUMBER(U56), U56<>0), AND(ISNUMBER(S56), S56<>0),AND(ISNUMBER(M56), M56<>0)), 1, 0) -> 0
C57: 수행기관모름 | E57: 4 | F57: 0 | H57: 0 | I57: 0 | J57: 0 | K57: =COUNTIF('세부(구축)'!$B:$B,C57) -> 0 | L57: =COUNTIFS('세부(구축)'!$B:$B,C57,'세부(구축)'!$G:$G,"<>승인") -> 0 | M57: =COUNTIFS('세부(구축)'!$B:$B,C57,'세부(구축)'!$G:$G,"신규") -> 0 | N57: =COUNTIFS('세부(구축)'!$B:$B,C57,'세부(구축)'!$G:$G,"승인") -> 0 | O57: =COUNTIFS('세부(구축)'!$I:$I,$C$12,'세부(구축)'!$B:$B,C57) -> 0 | P57: =COUNTIFS('세부(구축)'!$B:$B,C57,'세부(구축)'!$J:$J,"발행") -> 0 | R57: =K57-P57 -> 0 | S57: =COUNTIFS('세부(구축)'!$I:$I,$C$12,'세부(구축)'!$B:$B,C57) -> 0 | T57: =COUNTIFS('세부(구축)'!$B:$B,C57,'세부(구축)'!$H:$H,TODAY()) -> 0 | U57: =L57+T57 -> 0 | AA57: =IF(OR(AND(ISNUMBER(T57), T57<>0), AND(ISNUMBER(U57), U57<>0), AND(ISNUMBER(S57), S57<>0),AND(ISNUMBER(M57), M57<>0)), 1, 0) -> 0
C58: 합계 | D58: =SUM(D16:D57) -> 965 | E58: =SUM(E16:E57) -> 915 | F58: =SUM(F16:F57) -> 604 | G58: =SUM(G16:G57) -> 558 | H58: =SUM(H16:H57) -> 119 | I58: =SUM(I16:I57) -> 289 | J58: =SUM(J16:J57) -> 225 | K58: =SUM(K16:K57) -> 116 | ... P58: =SUM(P16:P57) -> 0 | R58: =SUM(R16:R57) -> 116 | S58: =SUM(S16:S57) -> 0 | T58: =SUM(T16:T57) -> 0 | U58: =SUM(U16:U57) -> 33

Sheet 세부(구축)
A1: 세부 내용
A3: 순번 | B3: 요청기관 | C3: 사업분류 | D3: 세부공고명 | E3: 도입기업 | F3: 공급기업 | G3: 상태 | H3: 수령일 | I3: 제출일 | J3: 세금계산서 | K3: 대금수령 | L3: 보고서 작성자 | M3: 비고
A4: 1 | B4: 충북 | C4: 스마트공장 구축 및 고도화 사업(고도화1) | D4: 2026년도 정부형 스마트공장 구축사업 공고(고도화) | E4: ㈜모젤디앤에스 | F4: ㈜컨포트랩 | G4: 승인 | L4: 하은정 | P4: 농업회사법인 주식회사 연우 | Q4: (주)큐이노텍 | R4: =P4=E4 -> FALSE
A5: =A4+1 -> 2 | B5: 충북 | C5: 스마트공장 구축 및 고도화 사업(고도화1) | D5: 2026년도 정부형 스마트공장 구축사업 공고(고도화) | E5: 청호나이스㈜ | F5: 한솔코에버㈜ | G5: 승인 | L5: 하은정 | P5: 주식회사태원글로벌테크 | Q5: (주)큐이노텍 | R5: =P5=E5 -> FALSE
A6: =A5+1 -> 3 | B6: 경기대진 | C6: 스마트공장 구축 및 고도화 사업(고도화1) | D6: 2026년도 정부형 스마트공장 구축사업 공고(고도화) | E6: ㈜노나 | F6: ㈜아이씨엔아이이티 | G6: 승인 | L6: 하은정 | P6: (주)으뜸엘엔에스 | Q6: (주)큐이노텍 | R6: =P6=E6 -> FALSE
A7: =A6+1 -> 4 | B7: 경기대진 | C7: 스마트공장 구축 및 고도화 사업(고도화1) | D7: 2026년도 정부형 스마트공장 구축사업 공고(고도화) | E7: 솔브레인㈜ | F7: ㈜하이지노 | G7: 승인 | L7: 하은정 | P7: 주식회사 미소찬 | Q7: (주)에스엠해썹 | R7: =P7=E7 -> FALSE
A8: =A7+1 -> 5 | B8: 경기대진 | C8: 스마트공장 구축 및 고도화 사업(고도화1) | D8: 2026년도 정부형 스마트공장 구축사업 공고(고도화) | E8: ㈜신성베이커리 | F8: 솔뱅크정보㈜ | G8: 승인 | L8: 하은정 | P8: (주)메가코스 평택공장 | Q8: (주)루텍에스 | R8: =P8=E8 -> FALSE
A9: =A8+1 -> 6 | B9: 경기대진 | C9: 스마트공장 구축 및 고도화 사업(고도화1) | D9: 2026년도 정부형 스마트공장 구축사업 공고(고도화) | E9: ㈜안성기업 | F9: ㈜헤드아이티 | G9: 승인 | L9: 하은정 | P9: (주)태성산업 군포지점 | Q9: (주)루텍에스 | R9: =P9=E9 -> FALSE
A10: =A9+1 -> 7 | B10: 전남 | C10: 스마트공장 구축 및 고도화 사업(고도화1) | D10: 2026년도 정부형 스마트공장 구축사업 공고(고도화) | E10: ㈜삼정내츄럴 | F10: ㈜엘앤에스 | G10: 승인 | L10: 하은정
A11: =A10+1 -> 8 | B11: 전남 | C11: 스마트공장 구축 및 고도화 사업(고도화1) | D11: 2026년도 정부형 스마트공장 구축사업 공고(고도화) | E11: ㈜현대푸드시스템 | F11: ㈜하이스마트 | G11: 승인 | L11: 하은정 | N11: 7/30
A12: =A11+1 -> 9 | B12: 전남 | C12: 스마트공장 구축 및 고도화 사업(고도화1) | D12: 2026년도 정부형 스마트공장 구축사업 공고(고도화) | E12: ㈜경덕농수산 | F12: ㈜하이스마트 | G12: 승인 | L12: 하은정 | N12: 7/30
A13: =A12+1 -> 10 | B13: 한국과학기술원 | C13: 2026 | D13: 2026년 대전 AI 융합지원사업 제조 AI 솔루션 실증지원사업 | E13: 동아프라텍㈜ | F13: ㈜큐빅테크 | G13: 승인 | L13: 하은정 | N13: 8/9
A14: =A13+1 -> 11 | B14: 한국과학기술원 | C14: 2026 | D14: 2026년 대전 AI 융합지원사업 제조 AI 솔루션 실증지원사업 | E14: ㈜쓰리포인트덴탈 | F14: ㈜빛날덴탈스튜디오 | G14: 승인 | L14: 하은정 | P14: =COUNTIFS('세부(구축)'!$B:$B,C16,'세부(구축)'!$G:$G,"승인")
A15: =A14+1 -> 12 | B15: 경기대진 | C15: 스마트공장 구축 및 고도화 사업(동일수준) | D15: 2026년 스마트공장 구축 및 고도화 사업(동일수준) | E15: 에이스메티칼㈜ | F15: 워크핏㈜ | G15: 승인 | L15: 하은정
A16: =A15+1 -> 13 | B16: 광주 | C16: 스마트공장 구축 및 고도화 사업(고도화1) | D16: 2026년도 정부형 스마트공장 구축사업 공고(고도화) | E16: (주)커피볶는집 | F16: 주식회사 하이스마트 | G16: 승인 | L16: 하은정
A17: =A16+1 -> 14 | B17: 광주 | C17: 스마트공장 구축 및 고도화 사업(고도화1) | D17: 2026년도 정부형 스마트공장 구축사업 공고(고도화) | E17: 지금강㈜ | F17: (주)더블유비에스(WBS) | G17: 승인 | L17: 하은정
A18: =A17+1 -> 15 | B18: 광주 | C18: 스마트공장 구축 및 고도화 사업(고도화1) | D18: 2026년도 정부형 스마트공장 구축사업 공고(고도화) | E18: 광주포장산업 | F18: 주식회사 이지엠 | G18: 검토중 | L18: 하은정
A19: =A18+1 -> 16 | B19: 광주 | C19: 스마트공장 구축 및 고도화 사업(고도화1) | D19: 2026년도 정부형 스마트공장 구축사업 공고(고도화) | E19: 주식회사 정상에이치씨 | F19: 알엠텍주식회사 | G19: 검토중 | L19: 하은정
A20: =A19+1 -> 17 | B20: 광주 | C20: 스마트공장 구축 및 고도화 사업(고도화1) | D20: 2026년도 정부형 스마트공장 구축사업 공고(고도화) | E20: (주)아이코디 | F20: (주)쌍용소프트웨어 | G20: 검토중 | L20: 하은정
A21: =A20+1 -> 18 | B21: 광주 | C21: 스마트공장 구축 및 고도화 사업(고도화1) | D21: 2026년도 정부형 스마트공장 구축사업 공고(고도화) | E21: (주)엠피에스아이 | F21: (주)임픽스 | G21: 검토중 | L21: 하은정
A22: =A21+1 -> 19 | B22: 광주 | C22: 스마트공장 구축 및 고도화 사업(고도화1) | D22: 2026년도 정부형 스마트공장 구축사업 공고(고도화) | E22: 화천기공㈜ | F22: 주식회사 지앤씨소프트코리아 | G22: 검토중 | L22: 하은정 | P22: (주)건어명가디앤에이치 | Q22: 솔루션코리아(주) | R22: =P22=E22 -> FALSE
A23: =A22+1 -> 20 | B23: 한국농수산식품유통공사 | C23: 선도형 스마트공장(부처협업형) | D23: 2026년 부처협업형(K-푸드분야) 스마트공장 구축지원사업 | E23: (주)한국소스 | F23: 슬랙앤소프트 | G23: 승인 | L23: 하은정 | P23: (주)광명전기 | Q23: 삼미정보시스템 | R23: =P23=E23 -> FALSE
A24: =A23+1 -> 21 | B24: 한국농수산식품유통공사 | C24: 선도형 스마트공장(부처협업형) | D24: 2026년 부처협업형(K-푸드분야) 스마트공장 구축지원사업 | E24: 이레홍삼공사 | F24: 주식회사 스마트업 | G24: 승인 | L24: 하은정 | P24: (주)광성식품 | Q24: 플랭크 | R24: =P24=E24 -> FALSE
A25: =A24+1 -> 22 | B25: 전북 | C25: 스마트공장 구축 및 고도화 사업(신규구축) | D25: 2026년도 전북 지역특화형 스마트공장 구축지원 사업 공고(기초) | E25: 주식회사 춘향골식품 | F25: 주식회사 이지엠 | G25: 승인 | L25: 하은정 | P25: (주)대세 | Q25: 주식회사 제스텍 | R25: =P25=E25 -> FALSE
A26: =A25+1 -> 23 | B26: 전북 | C26: 스마트공장 구축 및 고도화 사업(신규구축) | D26: 2026년도 전북 지역특화형 스마트공장 구축지원 사업 공고(기초) | E26: 흥부골농업회사법인유한회사 | F26: (주)제이지컴퍼니 | G26: 승인 | L26: 하은정 | P26: (주)대영에스지 | Q26: (주)에이엔디시스템 | R26: =P26=E26 -> FALSE
A27: =A26+1 -> 24 | B27: 전북 | C27: 스마트공장 구축 및 고도화 사업(신규구축) | D27: 2026년도 전북 지역특화형 스마트공장 구축지원 사업 공고(기초) | E27: 마포종합식품 | F27: (주)망고시스템즈 | G27: 승인 | L27: 하은정 | P27: (주)대현산업 | Q27: 솔루션코리아(주) | R27: =P27=E27 -> FALSE
A28: =A27+1 -> 25 | B28: 전북 | C28: 스마트공장 구축 및 고도화 사업(신규구축) | D28: 2026년도 전북 지역특화형 스마트공장 구축지원 사업 공고(기초) | E28: 지리산처럼영농조합법인 | F28: 지음소프트 | G28: 승인 | L28: 하은정 | P28: (주)봉우금속 | Q28: 이크론소프트 | R28: =P28=E28 -> FALSE
A29: =A28+1 -> 26 | B29: 한국농수산식품유통공사 | C29: 선도형 스마트공장(부처협업형) | D29: 2026년 부처협업형(K-푸드분야) 스마트공장 구축지원사업 | E29: 보성일억조코리아 | F29: 주식회사 코드기어 | G29: 승인 | L29: 하은정 | P29: (주)서진밴드 | Q29: (주)미래융합정보기술 | R29: =P29=E29 -> FALSE
A30: =A29+1 -> 27 | B30: 한국농수산식품유통공사 | C30: 선도형 스마트공장(부처협업형) | D30: 2026년 부처협업형(K-푸드분야) 스마트공장 구축지원사업 | E30: 주식회사 스위트바이오 | F30: 주식회사 이노비 | G30: 승인 | L30: 하은정 | P30: (주)성화기계 | Q30: 강한솔루션 | R30: =P30=E30 -> FALSE
A31: =A30+1 -> 28 | B31: 한국농수산식품유통공사 | C31: 선도형 스마트공장(부처협업형) | D31: 2026년 부처협업형(K-푸드분야) 스마트공장 구축지원사업 | E31: 농업회사법인 주식회사 정남미그룹 | F31: 런시스(주) | G31: 승인 | L31: 하은정 | P31: (주)세림 | Q31: 넷플러스주식회사 | R31: =P31=E31 -> FALSE
A32: =A31+1 -> 29 | B32: 스마트제조혁신협회 | C32: 선도형 스마트공장(부처협업형) | D32: 2026년 부처협업형(화장품분야) 스마트공장 구축지원사업 | E32: 바른티에스테크 | F32: 라온비즈컴 주식회사 | G32: 승인 | L32: 하은정 | P32: (주)신라병가 | Q32: (주)투톤 | R32: =P32=E32 -> FALSE
A33: =A32+1 -> 30 | B33: 스마트제조혁신협회 | C33: 선도형 스마트공장(부처협업형) | D33: 2026년 부처협업형(화장품분야) 스마트공장 구축지원사업 | E33: 옥시젠디벨롭먼트(주) | F33: (주)인프라시스템 | G33: 승인 | L33: 하은정 | P33: (주)신화하이드로릭스 | Q33: (주)씨테크시스템 | R33: =P33=E33 -> FALSE
... A78: =A77+1 -> 75 | B78: 경남 | C78: 제조DX멘토단 활용지원(사후관리) | D78: [경남] 2026년 제조DX멘토단 활용지원(사후관리) 도입기업 모집 공고 | E78: 동인테크 | F78: (주)비엔씨정보기술 | G78: 승인 | L78: 하은정 | P78: 희수테크 | Q78: (주)태진시스템 | R78: =P78=E78 -> FALSE
A79: =A78+1 -> 76 | B79: 경남 | C79: 제조DX멘토단 활용지원(사후관리) | D79: [경남] 2026년 제조DX멘토단 활용지원(사후관리) 도입기업 모집 공고 | E79: (주)대륜 | F79: 에스티엘소프트 | G79: 승인 | L79: 하은정
A80: =A79+1 -> 77 | B80: 경남 | C80: 제조DX멘토단 활용지원(사후관리) | D80: [경남] 2026년 제조DX멘토단 활용지원(사후관리) 도입기업 모집 공고 | E80: 제일케미텍 | F80: 주식회사 키소스 | G80: 승인 | L80: 하은정
A81: =A80+1 -> 78 | B81: 경남 | C81: 제조DX멘토단 활용지원(사후관리) | D81: [경남] 2026년 제조DX멘토단 활용지원(사후관리) 도입기업 모집 공고 | E81: 농업회사법인진산명가주식회사 | F81: 주식회사 팔피엠 | G81: 승인 | L81: 하은정
A82: =A81+1 -> 79 | B82: 경남 | C82: 제조DX멘토단 활용지원(사후관리) | D82: [경남] 2026년 제조DX멘토단 활용지원(사후관리) 도입기업 모집 공고 | E82: 세일공업(주) | F82: (주)TIS | G82: 승인 | L82: 하은정
A83: =A82+1 -> 80 | B83: 경남 | C83: 제조DX멘토단 활용지원(사후관리) | D83: [경남] 2026년 제조DX멘토단 활용지원(사후관리) 도입기업 모집 공고 | E83: 금호조침 | F83: (주)매직시스템 | G83: 승인 | L83: 하은정
A84: =A83+1 -> 81 | B84: 경남 | C84: 제조DX멘토단 활용지원(사후관리) | D84: [경남] 2026년 제조DX멘토단 활용지원(사후관리) 도입기업 모집 공고 | E84: 동진기전 | F84: (주)비엔씨정보기술 | G84: 승인 | L84: 하은정
A85: =A84+1 -> 82 | B85: 경남 | C85: 제조DX멘토단 활용지원(사후관리) | D85: [경남] 2026년 제조DX멘토단 활용지원(사후관리) 도입기업 모집 공고 | E85: 삼원기업 | F85: (주)이지지오 | G85: 승인 | L85: 하은정
A86: =A85+1 -> 83 | B86: 경기대진 | C86: 제조DX멘토단 활용지원(사후관리) | D86: [경기북부] 2026년 제조DX멘토단 활용지원(사후관리) 도입기업 모집 공고 | E86: 에스에프에스 주식회사(SFS) | F86: (주)브로넥스 | G86: 검토중 | L86: 하은정
A87: =A86+1 -> 84 | B87: 경기대진 | C87: 제조DX멘토단 활용지원(사후관리) | D87: [경기북부] 2026년 제조DX멘토단 활용지원(사후관리) 도입기업 모집 공고 | E87: (주)천보콘크리트 | F87: (주)브로넥스 | G87: 검토중 | L87: 하은정
A88: =A87+1 -> 85 | B88: 경기대진 | C88: 제조DX멘토단 활용지원(사후관리) | D88: [경기북부] 2026년 제조DX멘토단 활용지원(사후관리) 도입기업 모집 공고 | E88: 네추럴웨이 | F88: (주)이젬코 | G88: 검토중 | L88: 하은정
A89: =A88+1 -> 86 | B89: 경기대진 | C89: 제조DX멘토단 활용지원(사후관리) | D89: [경기북부] 2026년 제조DX멘토단 활용지원(사후관리) 도입기업 모집 공고 | E89: 휘앤비 농업회사법인 주식회사 | F89: (주)지에스티 | G89: 기업확인 | L89: 하은정
A90: =A89+1 -> 87 | B90: 경기대진 | C90: 제조DX멘토단 활용지원(사후관리) | D90: [경기북부] 2026년 제조DX멘토단 활용지원(사후관리) 도입기업 모집 공고 | E90: (주)성안당 | F90: (주)카리스마아이텍 | G90: 기업확인 | L90: 하은정
A91: =A90+1 -> 88 | B91: 경기대진 | C91: 제조DX멘토단 활용지원(사후관리) | D91: [경기북부] 2026년 제조DX멘토단 활용지원(사후관리) 도입기업 모집 공고 | E91: 주)에스엔디산업 | F91: (주)에스큐솔루션 | G91: 검토중 | L91: 하은정 | P91: (주)미건테크 | Q91: 에이치앤아이씨 | R91: =P91=E91 -> FALSE
A92: =A91+1 -> 89 | B92: 경기대진 | C92: 제조DX멘토단 활용지원(사후관리) | D92: [경기북부] 2026년 제조DX멘토단 활용지원(사후관리) 도입기업 모집 공고 | E92: 주식회사 성진텍스타일 | F92: 주식회사 평화아이씨티 | G92: 검토중 | L92: 하은정 | P92: 향아수산영어조합법인 | Q92: 엠엔디시스템 | R92: =P92=E92 -> FALSE
A93: =A92+1 -> 90 | B93: 전남 | C93: 스마트공장 구축 및 고도화 사업(고도화1) | D93: 2026년도 정부형 스마트공장 구축사업 공고(고도화) | E93: 광진기연 | F93: 주식회사 이지엠 | G93: 작성중 | L93: 하은정 | P93: (주)태정 | Q93: 엠엔디시스템 | R93: =P93=E93 -> FALSE
A94: =A93+1 -> 91 | B94: 인천 | C94: 제조DX멘토단 활용지원(사후관리) | D94: [인천] 2026년 제조DX멘토단 활용지원(사후관리) 도입기업 모집 공고 | E94: (주)우진피앤티 | F94: 라온비즈컴 주식회사 | G94: 작성중 | L94: 하은정 | P94: 나라플라테크(주) | Q94: 주식회사 리오정보기술 | R94: =P94=E94 -> FALSE
A95: =A94+1 -> 92 | B95: 인천 | C95: 제조DX멘토단 활용지원(사후관리) | D95: [인천] 2026년 제조DX멘토단 활용지원(사후관리) 도입기업 모집 공고 | E95: 승화고무 | F95: (주)에스큐솔루션 | G95: 작성중 | L95: 하은정 | P95: 한진케미칼(주) | Q95: (주)대운이엔씨 | R95: =P95=E95 -> FALSE
A96: =A95+1 -> 93 | B96: 인천 | C96: 제조DX멘토단 활용지원(사후관리) | D96: [인천] 2026년 제조DX멘토단 활용지원(사후관리) 도입기업 모집 공고 | E96: 유한책임회사 라라전자 | F96: (주)비지언스 | G96: 작성중 | L96: 하은정 | P96: 주식회사 보은테크 | Q96: 엠엔디시스템 | R96: =P96=E96 -> FALSE
A97: =A96+1 -> 94 | B97: 인천 | C97: 제조DX멘토단 활용지원(사후관리) | D97: [인천] 2026년 제조DX멘토단 활용지원(사후관리) 도입기업 모집 공고 | E97: 형일기술 | F97: 나이스솔루션뱅크 | G97: 작성중 | L97: 하은정 | P97: 대신금속(주)마산공장 | Q97: 큐빅테크 | R97: =P97=E97 -> FALSE
A98: =A97+1 -> 95 | B98: 인천 | C98: 제조DX멘토단 활용지원(사후관리) | D98: [인천] 2026년 제조DX멘토단 활용지원(사후관리) 도입기업 모집 공고 | E98: 주식회사 성원피에프 | F98: (주)이노베이스 | G98: 작성중 | L98: 하은정 | P98: (주)에스디케스텍 | Q98: 두베 주식회사 | R98: =P98=E98 -> FALSE
A99: =A98+1 -> 96 | B99: 인천 | C99: 제조DX멘토단 활용지원(사후관리) | D99: [인천] 2026년 제조DX멘토단 활용지원(사후관리) 도입기업 모집 공고 | E99: (주)성원엠텍 | F99: (주)이노베이스 | G99: 작성중 | L99: 하은정 | P99: (주)경호섬유 | Q99: 주식회사 평화아이씨티 | R99: =P99=E99 -> FALSE
A100: =A99+1 -> 97 | B100: 인천 | C100: 제조DX멘토단 활용지원(사후관리) | D100: [인천] 2026년 제조DX멘토단 활용지원(사후관리) 도입기업 모집 공고 | E100: (주)하인스 | F100: 라온비즈컴 주식회사 | G100: 작성중 | L100: 하은정 | P100: 해성특수지 | Q100: (주)아텍콘트롤 | R100: =P100=E100 -> FALSE
A101: =A100+1 -> 98 | B101: 인천 | C101: 제조DX멘토단 활용지원(사후관리) | D101: [인천] 2026년 제조DX멘토단 활용지원(사후관리) 도입기업 모집 공고 | E101: (주)에스앤아이 | F101: 라온비즈컴 주식회사 | G101: 작성중 | L101: 하은정 | P101: 쌍신전자통신(주) | Q101: (주)더블유앤이케이 | R101: =P101=E101 -> FALSE
A102: =A101+1 -> 99 | B102: 인천 | C102: 제조DX멘토단 활용지원(사후관리) | D102: [인천] 2026년 제조DX멘토단 활용지원(사후관리) 도입기업 모집 공고 | E102: (주)에이스홈데코 | F102: 주식회사 우드앤소프트 | G102: 작성중 | L102: 하은정 | P102: 다정 | Q102: (주)지에스티 | R102: =P102=E102 -> FALSE
... A105: =A104+1 -> 102 | B105: 인천 | C105: 제조DX멘토단 활용지원(사후관리) | D105: [인천] 2026년 제조DX멘토단 활용지원(사후관리) 도입기업 모집 공고 | E105: 솔팩주식회사 | F105: (주)이앤비솔루션 | G105: 작성중 | L105: 하은정 | P105: 대신레미콘(주) | Q105: (주)무한콘트롤 | R105: =P105=E105 -> FALSE
A106: =A105+1 -> 103 | B106: 인천 | C106: 제조DX멘토단 활용지원(사후관리) | D106: [인천] 2026년 제조DX멘토단 활용지원(사후관리) 도입기업 모집 공고 | E106: 주식회사 비앤비코리아 | F106: (주)이젬코 | G106: 작성중 | L106: 하은정
A107: =A106+1 -> 104 | B107: 경북 | C107: 제조DX멘토단 활용지원(사후관리) | D107: [경북] 2026년 제조DX멘토단 활용지원(사후관리) 도입기업 모집 공고 | E107: 주식회사영인테크 | F107: (주)케이아이에스 | G107: 작성중 | L107: 하은정
A108: =A107+1 -> 105 | B108: 경북 | C108: 제조DX멘토단 활용지원(사후관리) | D108: [경북] 2026년 제조DX멘토단 활용지원(사후관리) 도입기업 모집 공고 | E108: 승산산업(주) | F108: 주식회사 애드온소프트 | G108: 작성중 | L108: 하은정
A109: =A108+1 -> 106 | B109: 경북 | C109: 제조DX멘토단 활용지원(사후관리) | D109: [경북] 2026년 제조DX멘토단 활용지원(사후관리) 도입기업 모집 공고 | E109: 엠에치다이나믹스(주) 김천지점 | F109: (주)위저드 정보시스템 | G109: 작성중 | L109: 하은정
A110: =A109+1 -> 107 | B110: 경북 | C110: 제조DX멘토단 활용지원(사후관리) | D110: [경북] 2026년 제조DX멘토단 활용지원(사후관리) 도입기업 모집 공고 | E110: 주식회사 보백씨엔에스 | F110: (주)케이아이에스 | G110: 작성중 | L110: 하은정
A111: =A110+1 -> 108 | B111: 경북 | C111: 제조DX멘토단 활용지원(사후관리) | D111: [경북] 2026년 제조DX멘토단 활용지원(사후관리) 도입기업 모집 공고 | E111: (주)동성테크노스 | F111: 애니온 | G111: 작성중 | L111: 하은정
A112: =A111+1 -> 109 | B112: 경북 | C112: 제조DX멘토단 활용지원(사후관리) | D112: [경북] 2026년 제조DX멘토단 활용지원(사후관리) 도입기업 모집 공고 | E112: 알에스이 | F112: (주)제이에스시스템 | G112: 작성중 | L112: 하은정 | N112: 청구
A113: =A112+1 -> 110 | B113: 경북 | C113: 제조DX멘토단 활용지원(사후관리) | D113: [경북] 2026년 제조DX멘토단 활용지원(사후관리) 도입기업 모집 공고 | E113: (주)경원에스피 | F113: 주식회사 팔피엠 | G113: 작성중 | L113: 하은정 | N113: 청구
A114: =A113+1 -> 111 | B114: 경북 | C114: 제조DX멘토단 활용지원(사후관리) | D114: [경북] 2026년 제조DX멘토단 활용지원(사후관리) 도입기업 모집 공고 | E114: (주)덕진 | F114: (주)엔에스정보 | G114: 작성중 | L114: 하은정 | N114: 청구
A115: =A114+1 -> 112 | B115: 경북 | C115: 제조DX멘토단 활용지원(사후관리) | D115: [경북] 2026년 제조DX멘토단 활용지원(사후관리) 도입기업 모집 공고 | E115: 에스케이지주식회사 | F115: (주)성원정보기술 | G115: 작성중 | L115: 하은정 | N115: 청구
A116: =A115+1 -> 113 | B116: 경북 | C116: 제조DX멘토단 활용지원(사후관리) | D116: [경북] 2026년 제조DX멘토단 활용지원(사후관리) 도입기업 모집 공고 | E116: (주)유진제지 | F116: 주식회사 팔피엠 | G116: 작성중 | L116: 하은정
A117: =A116+1 -> 114 | B117: 경북 | C117: 제조DX멘토단 활용지원(사후관리) | D117: [경북] 2026년 제조DX멘토단 활용지원(사후관리) 도입기업 모집 공고 | E117: 성우플라텍 | F117: (주)성원정보기술 | G117: 작성중 | L117: 하은정
A118: =A117+1 -> 115 | B118: 경북 | C118: 제조DX멘토단 활용지원(사후관리) | D118: [경북] 2026년 제조DX멘토단 활용지원(사후관리) 도입기업 모집 공고 | E118: 주식회사 한덕 | F118: 티에스에스 | G118: 작성중 | L118: 하은정
A119: =A118+1 -> 116 | B119: 경북 | C119: 제조DX멘토단 활용지원(사후관리) | D119: [경북] 2026년 제조DX멘토단 활용지원(사후관리) 도입기업 모집 공고 | E119: 대한공업 | F119: 신성정보기술 | G119: 작성중 | L119: 하은정
A120: =A119+1 -> 117
A121: =A120+1 -> 118
A122: =A121+1 -> 119
A123: =A122+1 -> 120
A124: =A123+1 -> 121
A125: =A124+1 -> 122
A126: =A125+1 -> 123
A127: =A126+1 -> 124
A128: =A127+1 -> 125
A129: =A128+1 -> 126
A130: =A129+1 -> 127
A131: =A130+1 -> 128
... A178: =A177+1 -> 175
A179: =A178+1 -> 176 | N179: 9/27 사업취소된 걸 김기태 전임과 확인, 일단 청구는 하기로 함
A180: =A179+1 -> 177
A181: =A180+1 -> 178
A182: =A181+1 -> 179
A183: =A182+1 -> 180
A184: =A183+1 -> 181
A185: =A184+1 -> 182
A186: =A185+1 -> 183
A187: =A186+1 -> 184
A188: =A187+1 -> 185 | N188: 9/27 사업취소된 걸 김기태 전임과 확인, 일단 청구는 하기로 함
A189: =A188+1 -> 186
A190: =A189+1 -> 187
A191: =A190+1 -> 188
A192: =A191+1 -> 189
A193: =A192+1 -> 190
...

Sheet 결재도장란
P49: 결 재 | Q49: 담당 | S49: 검토 | U49: 이사 | W49: 원장
Q50: 김나경
Q55: =TODAY() -> 46189

Sheet 집계(구축)
A1: 2024년 스마트공장 구축지원사업 진행현황
A3: ○ 용역개요 | K3: =TODAY() -> 46189
A4: 주관기관 | C4: 주요내용 | U4: 전체 | V4: 완료 | W4: 진행중
A5: 중소벤처기업부 | C5: 스마트공장 구축(고도화)을 지원하여 기업의 제조혁신 경쟁력 향상 도모 | U5: =C10+#REF!+#REF!+#REF!+#REF!+#REF!+#REF!+#REF! -> #REF! | V5: =D10+#REF!+#REF!+#REF!+#REF!+#REF!+#REF!+#REF! -> #REF! | W5: =J10+#REF!+#REF!+#REF!+#REF!+#REF!+#REF!+#REF! -> #REF!
U6: ="취소 "&SUM(COUNTIF('세부(구축)'!M:M,"취소"),COUNTIF(#REF!,"취소"),COUNTIF(#REF!,"취소"),COUNTIF(#REF!,"취소"))&"건 포함" -> #REF!
A7: ○ 전체 진행현황
A8: 대상 | C8: 업무진행 | F8: 청구
C9: 수령건수 (A) | D9: 완료* (B) | E9: 진행중 (C=A-B) | F9: 세금계산서 발행(D) | G9: 대금수령 (E) | H9: 취소 | J9: 진행중
A10: =COUNTA(B16:B37)&"개 TP" -> 22개 TP | C10: =C38 -> 29 | D10: =D38 -> 0 | E10: =C10-D10 -> 29 | F10: =F38 -> 0 | G10: =G38 -> 0 | H10: =H38 -> 0 | J10: =C10-D10 -> 29
A11: ="*취소 "&H10&"건 포함" -> *취소 0건 포함 | I11: =D10-H10 -> 0
A13: ○ TP별 세부 진행현황
A14: 순번 | B14: 요청기관 | C14: 업무진행 | F14: 청구 | H14: 취소 | I14: 사업별 구분
C15: 수령건수 (A) | D15: 완료* (B) | E15: 진행중 (C=A-B) | F15: 세금계산서 발행(D) | G15: 대금수령 (E) | I15: (기초 및 고도화지원)농림부-삼성전자 | J15: (기초지원)지자체-삼성전자 | K15: (상생형)고도화-LG이노텍 | L15: (상생형)고도화-LG전자 | M15: (상생형)고도화-삼성전자 | N15: 경남형 스마트 제조혁신 프로젝트 | O15: 선도형 스마트공장(부처협업형) | P15: 스마트공장 AS 지원 | Q15: 스마트공장 구축 및 고도화 사업(고도화1) | R15: 스마트공장 구축 및 고도화 사업(동일수준) | S15: 전북형 스마트 제조혁신 프로젝트 | T15: 탄소중립형 스마트공장
A16: 1 | B16: 경기 | C16: =SUM(D16:E16) -> 0 | D16: =COUNTIFS('세부(구축)'!B:B,'집계(구축)'!B16,'세부(구축)'!G:G,"완료")+H16 -> 0 | E16: =SUM(COUNTIFS('세부(구축)'!B:B,'집계(구축)'!B16,'세부(구축)'!G:G,"작성중"),COUNTIFS('세부(구축)'!B:B,'집계(구축)'!B16,'세부(구축)'!G:G,"접수대기")) -> 0 | F16: =COUNTIFS('세부(구축)'!J:J,"발행",'세부(구축)'!$B:$B,'집계(구축)'!$B16) -> 0 | G16: =COUNTIFS('세부(구축)'!K:K,"수령",'세부(구축)'!$B:$B,'집계(구축)'!$B16) -> 0 | H16: =COUNTIFS('세부(구축)'!$B:$B,'집계(구축)'!B16,'세부(구축)'!$G:$G,"취소") -> 0 | I16: =COUNTIFS('세부(구축)'!B:B,'집계(구축)'!B$16,'세부(구축)'!C:C,'집계(구축)'!$I$15) -> 0 | J16: =COUNTIFS('세부(구축)'!$B:$B,'집계(구축)'!$B$16,'세부(구축)'!$C:$C,'집계(구축)'!J$15) -> 0 | K16: =COUNTIFS('세부(구축)'!$B:$B,'집계(구축)'!$B$16,'세부(구축)'!$C:$C,'집계(구축)'!K$15) -> 0 | L16: =COUNTIFS('세부(구축)'!$B:$B,'집계(구축)'!$B$16,'세부(구축)'!$C:$C,'집계(구축)'!L$15) -> 0 | M16: =COUNTIFS('세부(구축)'!$B:$B,'집계(구축)'!$B$16,'세부(구축)'!$C:$C,'집계(구축)'!M$15) -> 0 | N16: =COUNTIFS('세부(구축)'!$B:$B,'집계(구축)'!$B$16,'세부(구축)'!$C:$C,'집계(구축)'!N$15) -> 0 | O16: =COUNTIFS('세부(구축)'!$B:$B,'집계(구축)'!$B$16,'세부(구축)'!$C:$C,'집계(구축)'!O$15) -> 0 | P16: =COUNTIFS('세부(구축)'!$B:$B,'집계(구축)'!$B$16,'세부(구축)'!$C:$C,'집계(구축)'!P$15) -> 0 | Q16: =COUNTIFS('세부(구축)'!$B:$B,'집계(구축)'!$B$16,'세부(구축)'!$C:$C,'집계(구축)'!Q$15) -> 0 | ... T16: =COUNTIFS('세부(구축)'!$B:$B,'집계(구축)'!$B$16,'세부(구축)'!$C:$C,'집계(구축)'!T$15) -> 0
A17: =A16+1 -> 2 | B17: 경기북부 | C17: =SUM(D17:E17) -> 0 | D17: =COUNTIFS('세부(구축)'!B:B,'집계(구축)'!B17,'세부(구축)'!G:G,"완료")+H17 -> 0 | E17: =SUM(COUNTIFS('세부(구축)'!B:B,'집계(구축)'!B17,'세부(구축)'!G:G,"작성중"),COUNTIFS('세부(구축)'!B:B,'집계(구축)'!B17,'세부(구축)'!G:G,"접수대기")) -> 0 | F17: =COUNTIFS('세부(구축)'!J:J,"발행",'세부(구축)'!B:B,'집계(구축)'!B17) -> 0 | G17: =COUNTIFS('세부(구축)'!K:K,"수령",'세부(구축)'!$B:$B,'집계(구축)'!$B17) -> 0 | H17: =COUNTIFS('세부(구축)'!$B:$B,'집계(구축)'!B17,'세부(구축)'!$G:$G,"취소") -> 0 | I17: =COUNTIFS('세부(구축)'!$B:$B,'집계(구축)'!$B$17,'세부(구축)'!$C:$C,'집계(구축)'!I$15) -> 0 | J17: =COUNTIFS('세부(구축)'!$B:$B,'집계(구축)'!$B$17,'세부(구축)'!$C:$C,'집계(구축)'!J$15) -> 0 | K17: =COUNTIFS('세부(구축)'!$B:$B,'집계(구축)'!$B$17,'세부(구축)'!$C:$C,'집계(구축)'!K$15) -> 0 | L17: =COUNTIFS('세부(구축)'!$B:$B,'집계(구축)'!$B$17,'세부(구축)'!$C:$C,'집계(구축)'!L$15) -> 0 | M17: =COUNTIFS('세부(구축)'!$B:$B,'집계(구축)'!$B$17,'세부(구축)'!$C:$C,'집계(구축)'!M$15) -> 0 | N17: =COUNTIFS('세부(구축)'!$B:$B,'집계(구축)'!$B$17,'세부(구축)'!$C:$C,'집계(구축)'!N$15) -> 0 | O17: =COUNTIFS('세부(구축)'!$B:$B,'집계(구축)'!$B$17,'세부(구축)'!$C:$C,'집계(구축)'!O$15) -> 0 | P17: =COUNTIFS('세부(구축)'!$B:$B,'집계(구축)'!$B$17,'세부(구축)'!$C:$C,'집계(구축)'!P$15) -> 0 | ... T17: =COUNTIFS('세부(구축)'!$B:$B,'집계(구축)'!$B$17,'세부(구축)'!$C:$C,'집계(구축)'!T$15) -> 0
A18: =A17+1 -> 3 | B18: 경남 | C18: =SUM(D18:E18) -> 0 | D18: =COUNTIFS('세부(구축)'!B:B,'집계(구축)'!B18,'세부(구축)'!G:G,"완료")+H18 -> 0 | E18: =SUM(COUNTIFS('세부(구축)'!B:B,'집계(구축)'!B18,'세부(구축)'!G:G,"작성중"),COUNTIFS('세부(구축)'!B:B,'집계(구축)'!B18,'세부(구축)'!G:G,"접수대기")) -> 0 | F18: =COUNTIFS('세부(구축)'!J:J,"발행",'세부(구축)'!B:B,'집계(구축)'!B18) -> 0 | G18: =COUNTIFS('세부(구축)'!K:K,"수령",'세부(구축)'!$B:$B,'집계(구축)'!$B18) -> 0 | H18: =COUNTIFS('세부(구축)'!$B:$B,'집계(구축)'!B18,'세부(구축)'!$G:$G,"취소") -> 0 | I18: =COUNTIFS('세부(구축)'!B:B,'집계(구축)'!B18,'세부(구축)'!C:C,'집계(구축)'!$I$15) -> 0 | J18: =COUNTIFS('세부(구축)'!$B:$B,'집계(구축)'!$B18,'세부(구축)'!$C:$C,'집계(구축)'!J$15) -> 0 | K18: =COUNTIFS('세부(구축)'!$B:$B,'집계(구축)'!$B18,'세부(구축)'!$C:$C,'집계(구축)'!K$15) -> 0 | L18: =COUNTIFS('세부(구축)'!$B:$B,'집계(구축)'!$B18,'세부(구축)'!$C:$C,'집계(구축)'!L$15) -> 0 | M18: =COUNTIFS('세부(구축)'!$B:$B,'집계(구축)'!$B18,'세부(구축)'!$C:$C,'집계(구축)'!M$15) -> 0 | N18: =COUNTIFS('세부(구축)'!$B:$B,'집계(구축)'!$B18,'세부(구축)'!$C:$C,'집계(구축)'!N$15) -> 0 | O18: =COUNTIFS('세부(구축)'!$B:$B,'집계(구축)'!$B18,'세부(구축)'!$C:$C,'집계(구축)'!O$15) -> 0 | P18: =COUNTIFS('세부(구축)'!$B:$B,'집계(구축)'!$B18,'세부(구축)'!$C:$C,'집계(구축)'!P$15) -> 0 | Q18: =COUNTIFS('세부(구축)'!$B:$B,'집계(구축)'!$B18,'세부(구축)'!$C:$C,'집계(구축)'!Q$15) -> 0 | ... T18: =COUNTIFS('세부(구축)'!$B:$B,'집계(구축)'!$B18,'세부(구축)'!$C:$C,'집계(구축)'!T$15) -> 0
A19: =A18+1 -> 4 | B19: 대구 | C19: =SUM(D19:E19) -> 0 | D19: =COUNTIFS('세부(구축)'!B:B,'집계(구축)'!B19,'세부(구축)'!G:G,"완료")+H19 -> 0 | E19: =SUM(COUNTIFS('세부(구축)'!B:B,'집계(구축)'!B19,'세부(구축)'!G:G,"작성중"),COUNTIFS('세부(구축)'!B:B,'집계(구축)'!B19,'세부(구축)'!G:G,"접수대기")) -> 0 | F19: =COUNTIFS('세부(구축)'!J:J,"발행",'세부(구축)'!B:B,'집계(구축)'!B19) -> 0 | G19: =COUNTIFS('세부(구축)'!K:K,"수령",'세부(구축)'!$B:$B,'집계(구축)'!$B19) -> 0 | H19: =COUNTIFS('세부(구축)'!$B:$B,'집계(구축)'!B19,'세부(구축)'!$G:$G,"취소") -> 0 | I19: =COUNTIFS('세부(구축)'!B:B,'집계(구축)'!B19,'세부(구축)'!C:C,'집계(구축)'!$I$15) -> 0 | J19: =COUNTIFS('세부(구축)'!$B:$B,'집계(구축)'!$B19,'세부(구축)'!$C:$C,'집계(구축)'!J$15) -> 0 | K19: =COUNTIFS('세부(구축)'!$B:$B,'집계(구축)'!$B19,'세부(구축)'!$C:$C,'집계(구축)'!K$15) -> 0 | L19: =COUNTIFS('세부(구축)'!$B:$B,'집계(구축)'!$B19,'세부(구축)'!$C:$C,'집계(구축)'!L$15) -> 0 | M19: =COUNTIFS('세부(구축)'!$B:$B,'집계(구축)'!$B19,'세부(구축)'!$C:$C,'집계(구축)'!M$15) -> 0 | N19: =COUNTIFS('세부(구축)'!$B:$B,'집계(구축)'!$B19,'세부(구축)'!$C:$C,'집계(구축)'!N$15) -> 0 | O19: =COUNTIFS('세부(구축)'!$B:$B,'집계(구축)'!$B19,'세부(구축)'!$C:$C,'집계(구축)'!O$15) -> 0 | P19: =COUNTIFS('세부(구축)'!$B:$B,'집계(구축)'!$B19,'세부(구축)'!$C:$C,'집계(구축)'!P$15) -> 0 | Q19: =COUNTIFS('세부(구축)'!$B:$B,'집계(구축)'!$B19,'세부(구축)'!$C:$C,'집계(구축)'!Q$15) -> 0 | ... T19: =COUNTIFS('세부(구축)'!$B:$B,'집계(구축)'!$B19,'세부(구축)'!$C:$C,'집계(구축)'!T$15) -> 0
A20: =A19+1 -> 5 | B20: 대전 | C20: =SUM(D20:E20) -> 0 | D20: =COUNTIFS('세부(구축)'!B:B,'집계(구축)'!B20,'세부(구축)'!G:G,"완료")+H20 -> 0 | E20: =SUM(COUNTIFS('세부(구축)'!B:B,'집계(구축)'!B20,'세부(구축)'!G:G,"작성중"),COUNTIFS('세부(구축)'!B:B,'집계(구축)'!B20,'세부(구축)'!G:G,"접수대기")) -> 0 | F20: =COUNTIFS('세부(구축)'!J:J,"발행",'세부(구축)'!B:B,'집계(구축)'!B20) -> 0 | G20: =COUNTIFS('세부(구축)'!K:K,"수령",'세부(구축)'!$B:$B,'집계(구축)'!$B20) -> 0 | H20: =COUNTIFS('세부(구축)'!$B:$B,'집계(구축)'!B20,'세부(구축)'!$G:$G,"취소") -> 0 | I20: =COUNTIFS('세부(구축)'!B:B,'집계(구축)'!B20,'세부(구축)'!C:C,'집계(구축)'!$I$15) -> 0 | J20: =COUNTIFS('세부(구축)'!$B:$B,'집계(구축)'!$B20,'세부(구축)'!$C:$C,'집계(구축)'!J$15) -> 0 | K20: =COUNTIFS('세부(구축)'!$B:$B,'집계(구축)'!$B20,'세부(구축)'!$C:$C,'집계(구축)'!K$15) -> 0 | L20: =COUNTIFS('세부(구축)'!$B:$B,'집계(구축)'!$B20,'세부(구축)'!$C:$C,'집계(구축)'!L$15) -> 0 | M20: =COUNTIFS('세부(구축)'!$B:$B,'집계(구축)'!$B20,'세부(구축)'!$C:$C,'집계(구축)'!M$15) -> 0 | N20: =COUNTIFS('세부(구축)'!$B:$B,'집계(구축)'!$B20,'세부(구축)'!$C:$C,'집계(구축)'!N$15) -> 0 | O20: =COUNTIFS('세부(구축)'!$B:$B,'집계(구축)'!$B20,'세부(구축)'!$C:$C,'집계(구축)'!O$15) -> 0 | P20: =COUNTIFS('세부(구축)'!$B:$B,'집계(구축)'!$B20,'세부(구축)'!$C:$C,'집계(구축)'!P$15) -> 0 | Q20: =COUNTIFS('세부(구축)'!$B:$B,'집계(구축)'!$B20,'세부(구축)'!$C:$C,'집계(구축)'!Q$15) -> 0 | ... T20: =COUNTIFS('세부(구축)'!$B:$B,'집계(구축)'!$B20,'세부(구축)'!$C:$C,'집계(구축)'!T$15) -> 0
A21: =A20+1 -> 6 | B21: 부산 | C21: =SUM(D21:E21) -> 0 | D21: =COUNTIFS('세부(구축)'!B:B,'집계(구축)'!B21,'세부(구축)'!G:G,"완료")+H21 -> 0 | E21: =SUM(COUNTIFS('세부(구축)'!B:B,'집계(구축)'!B21,'세부(구축)'!G:G,"작성중"),COUNTIFS('세부(구축)'!B:B,'집계(구축)'!B21,'세부(구축)'!G:G,"접수대기")) -> 0 | F21: =COUNTIFS('세부(구축)'!J:J,"발행",'세부(구축)'!B:B,'집계(구축)'!B21) -> 0 | G21: =COUNTIFS('세부(구축)'!K:K,"수령",'세부(구축)'!$B:$B,'집계(구축)'!$B21) -> 0 | H21: =COUNTIFS('세부(구축)'!$B:$B,'집계(구축)'!B21,'세부(구축)'!$G:$G,"취소") -> 0 | I21: =COUNTIFS('세부(구축)'!B:B,'집계(구축)'!B21,'세부(구축)'!C:C,'집계(구축)'!$I$15) -> 0 | J21: =COUNTIFS('세부(구축)'!$B:$B,'집계(구축)'!$B21,'세부(구축)'!$C:$C,'집계(구축)'!J$15) -> 0 | K21: =COUNTIFS('세부(구축)'!$B:$B,'집계(구축)'!$B21,'세부(구축)'!$C:$C,'집계(구축)'!K$15) -> 0 | L21: =COUNTIFS('세부(구축)'!$B:$B,'집계(구축)'!$B21,'세부(구축)'!$C:$C,'집계(구축)'!L$15) -> 0 | M21: =COUNTIFS('세부(구축)'!$B:$B,'집계(구축)'!$B21,'세부(구축)'!$C:$C,'집계(구축)'!M$15) -> 0 | N21: =COUNTIFS('세부(구축)'!$B:$B,'집계(구축)'!$B21,'세부(구축)'!$C:$C,'집계(구축)'!N$15) -> 0 | O21: =COUNTIFS('세부(구축)'!$B:$B,'집계(구축)'!$B21,'세부(구축)'!$C:$C,'집계(구축)'!O$15) -> 0 | P21: =COUNTIFS('세부(구축)'!$B:$B,'집계(구축)'!$B21,'세부(구축)'!$C:$C,'집계(구축)'!P$15) -> 0 | Q21: =COUNTIFS('세부(구축)'!$B:$B,'집계(구축)'!$B21,'세부(구축)'!$C:$C,'집계(구축)'!Q$15) -> 0 | ... T21: =COUNTIFS('세부(구축)'!$B:$B,'집계(구축)'!$B21,'세부(구축)'!$C:$C,'집계(구축)'!T$15) -> 0
A22: =A21+1 -> 7 | B22: 세종 | C22: =SUM(D22:E22) -> 0 | D22: =COUNTIFS('세부(구축)'!B:B,'집계(구축)'!B22,'세부(구축)'!G:G,"완료")+H22 -> 0 | E22: =SUM(COUNTIFS('세부(구축)'!B:B,'집계(구축)'!B22,'세부(구축)'!G:G,"작성중"),COUNTIFS('세부(구축)'!B:B,'집계(구축)'!B22,'세부(구축)'!G:G,"접수대기")) -> 0 | F22: =COUNTIFS('세부(구축)'!J:J,"발행",'세부(구축)'!B:B,'집계(구축)'!B22) -> 0 | G22: =COUNTIFS('세부(구축)'!K:K,"수령",'세부(구축)'!$B:$B,'집계(구축)'!$B22) -> 0 | H22: =COUNTIFS('세부(구축)'!$B:$B,'집계(구축)'!B22,'세부(구축)'!$G:$G,"취소") -> 0 | I22: =COUNTIFS('세부(구축)'!B:B,'집계(구축)'!B22,'세부(구축)'!C:C,'집계(구축)'!$I$15) -> 0 | J22: =COUNTIFS('세부(구축)'!$B:$B,'집계(구축)'!$B22,'세부(구축)'!$C:$C,'집계(구축)'!J$15) -> 0 | K22: =COUNTIFS('세부(구축)'!$B:$B,'집계(구축)'!$B22,'세부(구축)'!$C:$C,'집계(구축)'!K$15) -> 0 | L22: =COUNTIFS('세부(구축)'!$B:$B,'집계(구축)'!$B22,'세부(구축)'!$C:$C,'집계(구축)'!L$15) -> 0 | M22: =COUNTIFS('세부(구축)'!$B:$B,'집계(구축)'!$B22,'세부(구축)'!$C:$C,'집계(구축)'!M$15) -> 0 | N22: =COUNTIFS('세부(구축)'!$B:$B,'집계(구축)'!$B22,'세부(구축)'!$C:$C,'집계(구축)'!N$15) -> 0 | O22: =COUNTIFS('세부(구축)'!$B:$B,'집계(구축)'!$B22,'세부(구축)'!$C:$C,'집계(구축)'!O$15) -> 0 | P22: =COUNTIFS('세부(구축)'!$B:$B,'집계(구축)'!$B22,'세부(구축)'!$C:$C,'집계(구축)'!P$15) -> 0 | Q22: =COUNTIFS('세부(구축)'!$B:$B,'집계(구축)'!$B22,'세부(구축)'!$C:$C,'집계(구축)'!Q$15) -> 0 | ... T22: =COUNTIFS('세부(구축)'!$B:$B,'집계(구축)'!$B22,'세부(구축)'!$C:$C,'집계(구축)'!T$15) -> 0
A23: =A22+1 -> 8 | B23: 울산 | C23: =SUM(D23:E23) -> 0 | D23: =COUNTIFS('세부(구축)'!B:B,'집계(구축)'!B23,'세부(구축)'!G:G,"완료")+H23 -> 0 | E23: =SUM(COUNTIFS('세부(구축)'!B:B,'집계(구축)'!B23,'세부(구축)'!G:G,"작성중"),COUNTIFS('세부(구축)'!B:B,'집계(구축)'!B23,'세부(구축)'!G:G,"접수대기")) -> 0 | F23: =COUNTIFS('세부(구축)'!J:J,"발행",'세부(구축)'!B:B,'집계(구축)'!B23) -> 0 | G23: =COUNTIFS('세부(구축)'!K:K,"수령",'세부(구축)'!$B:$B,'집계(구축)'!$B23) -> 0 | H23: =COUNTIFS('세부(구축)'!$B:$B,'집계(구축)'!B23,'세부(구축)'!$G:$G,"취소") -> 0 | I23: =COUNTIFS('세부(구축)'!B:B,'집계(구축)'!B23,'세부(구축)'!C:C,'집계(구축)'!$I$15) -> 0 | J23: =COUNTIFS('세부(구축)'!$B:$B,'집계(구축)'!$B23,'세부(구축)'!$C:$C,'집계(구축)'!J$15) -> 0 | K23: =COUNTIFS('세부(구축)'!$B:$B,'집계(구축)'!$B23,'세부(구축)'!$C:$C,'집계(구축)'!K$15) -> 0 | L23: =COUNTIFS('세부(구축)'!$B:$B,'집계(구축)'!$B23,'세부(구축)'!$C:$C,'집계(구축)'!L$15) -> 0 | M23: =COUNTIFS('세부(구축)'!$B:$B,'집계(구축)'!$B23,'세부(구축)'!$C:$C,'집계(구축)'!M$15) -> 0 | N23: =COUNTIFS('세부(구축)'!$B:$B,'집계(구축)'!$B23,'세부(구축)'!$C:$C,'집계(구축)'!N$15) -> 0 | O23: =COUNTIFS('세부(구축)'!$B:$B,'집계(구축)'!$B23,'세부(구축)'!$C:$C,'집계(구축)'!O$15) -> 0 | P23: =COUNTIFS('세부(구축)'!$B:$B,'집계(구축)'!$B23,'세부(구축)'!$C:$C,'집계(구축)'!P$15) -> 0 | Q23: =COUNTIFS('세부(구축)'!$B:$B,'집계(구축)'!$B23,'세부(구축)'!$C:$C,'집계(구축)'!Q$15) -> 0 | ... T23: =COUNTIFS('세부(구축)'!$B:$B,'집계(구축)'!$B23,'세부(구축)'!$C:$C,'집계(구축)'!T$15) -> 0
A24: =A23+1 -> 9 | B24: 인천 | C24: =SUM(D24:E24) -> 13 | D24: =COUNTIFS('세부(구축)'!B:B,'집계(구축)'!B24,'세부(구축)'!G:G,"완료")+H24 -> 0 | E24: =SUM(COUNTIFS('세부(구축)'!B:B,'집계(구축)'!B24,'세부(구축)'!G:G,"작성중"),COUNTIFS('세부(구축)'!B:B,'집계(구축)'!B24,'세부(구축)'!G:G,"접수대기")) -> 13 | F24: =COUNTIFS('세부(구축)'!J:J,"발행",'세부(구축)'!B:B,'집계(구축)'!B24) -> 0 | G24: =COUNTIFS('세부(구축)'!K:K,"수령",'세부(구축)'!$B:$B,'집계(구축)'!$B24) -> 0 | H24: =COUNTIFS('세부(구축)'!$B:$B,'집계(구축)'!B24,'세부(구축)'!$G:$G,"취소") -> 0 | I24: =COUNTIFS('세부(구축)'!B:B,'집계(구축)'!B24,'세부(구축)'!C:C,'집계(구축)'!$I$15) -> 0 | J24: =COUNTIFS('세부(구축)'!$B:$B,'집계(구축)'!$B24,'세부(구축)'!$C:$C,'집계(구축)'!J$15) -> 0 | K24: =COUNTIFS('세부(구축)'!$B:$B,'집계(구축)'!$B24,'세부(구축)'!$C:$C,'집계(구축)'!K$15) -> 0 | L24: =COUNTIFS('세부(구축)'!$B:$B,'집계(구축)'!$B24,'세부(구축)'!$C:$C,'집계(구축)'!L$15) -> 0 | M24: =COUNTIFS('세부(구축)'!$B:$B,'집계(구축)'!$B24,'세부(구축)'!$C:$C,'집계(구축)'!M$15) -> 0 | N24: =COUNTIFS('세부(구축)'!$B:$B,'집계(구축)'!$B24,'세부(구축)'!$C:$C,'집계(구축)'!N$15) -> 0 | O24: =COUNTIFS('세부(구축)'!$B:$B,'집계(구축)'!$B24,'세부(구축)'!$C:$C,'집계(구축)'!O$15) -> 0 | P24: =COUNTIFS('세부(구축)'!$B:$B,'집계(구축)'!$B24,'세부(구축)'!$C:$C,'집계(구축)'!P$15) -> 0 | Q24: =COUNTIFS('세부(구축)'!$B:$B,'집계(구축)'!$B24,'세부(구축)'!$C:$C,'집계(구축)'!Q$15) -> 0 | ... T24: =COUNTIFS('세부(구축)'!$B:$B,'집계(구축)'!$B24,'세부(구축)'!$C:$C,'집계(구축)'!T$15) -> 0
A25: =A24+1 -> 10 | B25: 전남 | C25: =SUM(D25:E25) -> 1 | D25: =COUNTIFS('세부(구축)'!B:B,'집계(구축)'!B25,'세부(구축)'!G:G,"완료")+H25 -> 0 | E25: =SUM(COUNTIFS('세부(구축)'!B:B,'집계(구축)'!B25,'세부(구축)'!G:G,"작성중"),COUNTIFS('세부(구축)'!B:B,'집계(구축)'!B25,'세부(구축)'!G:G,"접수대기")) -> 1 | F25: =COUNTIFS('세부(구축)'!J:J,"발행",'세부(구축)'!B:B,'집계(구축)'!B25) -> 0 | G25: =COUNTIFS('세부(구축)'!K:K,"수령",'세부(구축)'!$B:$B,'집계(구축)'!$B25) -> 0 | H25: =COUNTIFS('세부(구축)'!$B:$B,'집계(구축)'!B25,'세부(구축)'!$G:$G,"취소") -> 0 | I25: =COUNTIFS('세부(구축)'!B:B,'집계(구축)'!B25,'세부(구축)'!C:C,'집계(구축)'!$I$15) -> 0 | J25: =COUNTIFS('세부(구축)'!$B:$B,'집계(구축)'!$B25,'세부(구축)'!$C:$C,'집계(구축)'!J$15) -> 0 | K25: =COUNTIFS('세부(구축)'!$B:$B,'집계(구축)'!$B25,'세부(구축)'!$C:$C,'집계(구축)'!K$15) -> 0 | L25: =COUNTIFS('세부(구축)'!$B:$B,'집계(구축)'!$B25,'세부(구축)'!$C:$C,'집계(구축)'!L$15) -> 0 | M25: =COUNTIFS('세부(구축)'!$B:$B,'집계(구축)'!$B25,'세부(구축)'!$C:$C,'집계(구축)'!M$15) -> 0 | N25: =COUNTIFS('세부(구축)'!$B:$B,'집계(구축)'!$B25,'세부(구축)'!$C:$C,'집계(구축)'!N$15) -> 0 | O25: =COUNTIFS('세부(구축)'!$B:$B,'집계(구축)'!$B25,'세부(구축)'!$C:$C,'집계(구축)'!O$15) -> 0 | P25: =COUNTIFS('세부(구축)'!$B:$B,'집계(구축)'!$B25,'세부(구축)'!$C:$C,'집계(구축)'!P$15) -> 0 | Q25: =COUNTIFS('세부(구축)'!$B:$B,'집계(구축)'!$B25,'세부(구축)'!$C:$C,'집계(구축)'!Q$15) -> 4 | ... T25: =COUNTIFS('세부(구축)'!$B:$B,'집계(구축)'!$B25,'세부(구축)'!$C:$C,'집계(구축)'!T$15) -> 0
A26: =A25+1 -> 11 | B26: 전북 | C26: =SUM(D26:E26) -> 0 | D26: =COUNTIFS('세부(구축)'!B:B,'집계(구축)'!B26,'세부(구축)'!G:G,"완료")+H26 -> 0 | E26: =SUM(COUNTIFS('세부(구축)'!B:B,'집계(구축)'!B26,'세부(구축)'!G:G,"작성중"),COUNTIFS('세부(구축)'!B:B,'집계(구축)'!B26,'세부(구축)'!G:G,"접수대기")) -> 0 | F26: =COUNTIFS('세부(구축)'!J:J,"발행",'세부(구축)'!B:B,'집계(구축)'!B26) -> 0 | G26: =COUNTIFS('세부(구축)'!K:K,"수령",'세부(구축)'!$B:$B,'집계(구축)'!$B26) -> 0 | H26: =COUNTIFS('세부(구축)'!$B:$B,'집계(구축)'!B26,'세부(구축)'!$G:$G,"취소") -> 0 | I26: =COUNTIFS('세부(구축)'!B:B,'집계(구축)'!B26,'세부(구축)'!C:C,'집계(구축)'!$I$15) -> 0 | J26: =COUNTIFS('세부(구축)'!$B:$B,'집계(구축)'!$B26,'세부(구축)'!$C:$C,'집계(구축)'!J$15) -> 0 | K26: =COUNTIFS('세부(구축)'!$B:$B,'집계(구축)'!$B26,'세부(구축)'!$C:$C,'집계(구축)'!K$15) -> 0 | L26: =COUNTIFS('세부(구축)'!$B:$B,'집계(구축)'!$B26,'세부(구축)'!$C:$C,'집계(구축)'!L$15) -> 0 | M26: =COUNTIFS('세부(구축)'!$B:$B,'집계(구축)'!$B26,'세부(구축)'!$C:$C,'집계(구축)'!M$15) -> 0 | N26: =COUNTIFS('세부(구축)'!$B:$B,'집계(구축)'!$B26,'세부(구축)'!$C:$C,'집계(구축)'!N$15) -> 0 | O26: =COUNTIFS('세부(구축)'!$B:$B,'집계(구축)'!$B26,'세부(구축)'!$C:$C,'집계(구축)'!O$15) -> 0 | P26: =COUNTIFS('세부(구축)'!$B:$B,'집계(구축)'!$B26,'세부(구축)'!$C:$C,'집계(구축)'!P$15) -> 0 | Q26: =COUNTIFS('세부(구축)'!$B:$B,'집계(구축)'!$B26,'세부(구축)'!$C:$C,'집계(구축)'!Q$15) -> 0 | ... T26: =COUNTIFS('세부(구축)'!$B:$B,'집계(구축)'!$B26,'세부(구축)'!$C:$C,'집계(구축)'!T$15) -> 0
A27: =A26+1 -> 12 | B27: 충남 | C27: =SUM(D27:E27) -> 0 | D27: =COUNTIFS('세부(구축)'!B:B,'집계(구축)'!B27,'세부(구축)'!G:G,"완료")+H27 -> 0 | E27: =SUM(COUNTIFS('세부(구축)'!B:B,'집계(구축)'!B27,'세부(구축)'!G:G,"작성중"),COUNTIFS('세부(구축)'!B:B,'집계(구축)'!B27,'세부(구축)'!G:G,"접수대기")) -> 0 | F27: =COUNTIFS('세부(구축)'!J:J,"발행",'세부(구축)'!B:B,'집계(구축)'!B27) -> 0 | G27: =COUNTIFS('세부(구축)'!K:K,"수령",'세부(구축)'!$B:$B,'집계(구축)'!$B27) -> 0 | H27: =COUNTIFS('세부(구축)'!$B:$B,'집계(구축)'!B27,'세부(구축)'!$G:$G,"취소") -> 0 | I27: =COUNTIFS('세부(구축)'!B:B,'집계(구축)'!B27,'세부(구축)'!C:C,'집계(구축)'!$I$15) -> 0 | J27: =COUNTIFS('세부(구축)'!$B:$B,'집계(구축)'!$B27,'세부(구축)'!$C:$C,'집계(구축)'!J$15) -> 0 | K27: =COUNTIFS('세부(구축)'!$B:$B,'집계(구축)'!$B27,'세부(구축)'!$C:$C,'집계(구축)'!K$15) -> 0 | L27: =COUNTIFS('세부(구축)'!$B:$B,'집계(구축)'!$B27,'세부(구축)'!$C:$C,'집계(구축)'!L$15) -> 0 | M27: =COUNTIFS('세부(구축)'!$B:$B,'집계(구축)'!$B27,'세부(구축)'!$C:$C,'집계(구축)'!M$15) -> 0 | N27: =COUNTIFS('세부(구축)'!$B:$B,'집계(구축)'!$B27,'세부(구축)'!$C:$C,'집계(구축)'!N$15) -> 0 | O27: =COUNTIFS('세부(구축)'!$B:$B,'집계(구축)'!$B27,'세부(구축)'!$C:$C,'집계(구축)'!O$15) -> 0 | P27: =COUNTIFS('세부(구축)'!$B:$B,'집계(구축)'!$B27,'세부(구축)'!$C:$C,'집계(구축)'!P$15) -> 0 | Q27: =COUNTIFS('세부(구축)'!$B:$B,'집계(구축)'!$B27,'세부(구축)'!$C:$C,'집계(구축)'!Q$15) -> 0 | ... T27: =COUNTIFS('세부(구축)'!$B:$B,'집계(구축)'!$B27,'세부(구축)'!$C:$C,'집계(구축)'!T$15) -> 0
A28: =A27+1 -> 13 | B28: 충북 | C28: =SUM(D28:E28) -> 1 | D28: =COUNTIFS('세부(구축)'!B:B,'집계(구축)'!B28,'세부(구축)'!G:G,"완료")+H28 -> 0 | E28: =SUM(COUNTIFS('세부(구축)'!B:B,'집계(구축)'!B28,'세부(구축)'!G:G,"작성중"),COUNTIFS('세부(구축)'!B:B,'집계(구축)'!B28,'세부(구축)'!G:G,"접수대기")) -> 1 | F28: =COUNTIFS('세부(구축)'!J:J,"발행",'세부(구축)'!B:B,'집계(구축)'!B28) -> 0 | G28: =COUNTIFS('세부(구축)'!K:K,"수령",'세부(구축)'!$B:$B,'집계(구축)'!$B28) -> 0 | H28: =COUNTIFS('세부(구축)'!$B:$B,'집계(구축)'!B28,'세부(구축)'!$G:$G,"취소") -> 0 | I28: =COUNTIFS('세부(구축)'!B:B,'집계(구축)'!B28,'세부(구축)'!C:C,'집계(구축)'!$I$15) -> 0 | J28: =COUNTIFS('세부(구축)'!$B:$B,'집계(구축)'!$B28,'세부(구축)'!$C:$C,'집계(구축)'!J$15) -> 0 | K28: =COUNTIFS('세부(구축)'!$B:$B,'집계(구축)'!$B28,'세부(구축)'!$C:$C,'집계(구축)'!K$15) -> 0 | L28: =COUNTIFS('세부(구축)'!$B:$B,'집계(구축)'!$B28,'세부(구축)'!$C:$C,'집계(구축)'!L$15) -> 0 | M28: =COUNTIFS('세부(구축)'!$B:$B,'집계(구축)'!$B28,'세부(구축)'!$C:$C,'집계(구축)'!M$15) -> 0 | N28: =COUNTIFS('세부(구축)'!$B:$B,'집계(구축)'!$B28,'세부(구축)'!$C:$C,'집계(구축)'!N$15) -> 0 | O28: =COUNTIFS('세부(구축)'!$B:$B,'집계(구축)'!$B28,'세부(구축)'!$C:$C,'집계(구축)'!O$15) -> 0 | P28: =COUNTIFS('세부(구축)'!$B:$B,'집계(구축)'!$B28,'세부(구축)'!$C:$C,'집계(구축)'!P$15) -> 0 | Q28: =COUNTIFS('세부(구축)'!$B:$B,'집계(구축)'!$B28,'세부(구축)'!$C:$C,'집계(구축)'!Q$15) -> 2 | ... T28: =COUNTIFS('세부(구축)'!$B:$B,'집계(구축)'!$B28,'세부(구축)'!$C:$C,'집계(구축)'!T$15) -> 0
A29: =A28+1 -> 14 | B29: 제주 | C29: =SUM(D29:E29) -> 0 | D29: =COUNTIFS('세부(구축)'!B:B,'집계(구축)'!B29,'세부(구축)'!G:G,"완료")+H29 -> 0 | E29: =SUM(COUNTIFS('세부(구축)'!B:B,'집계(구축)'!B29,'세부(구축)'!G:G,"작성중"),COUNTIFS('세부(구축)'!B:B,'집계(구축)'!B29,'세부(구축)'!G:G,"접수대기")) -> 0 | F29: =COUNTIFS('세부(구축)'!J:J,"발행",'세부(구축)'!B:B,'집계(구축)'!B29) -> 0 | G29: =COUNTIFS('세부(구축)'!K:K,"수령",'세부(구축)'!$B:$B,'집계(구축)'!$B29) -> 0 | H29: =COUNTIFS('세부(구축)'!$B:$B,'집계(구축)'!B29,'세부(구축)'!$G:$G,"취소") -> 0
A30: =A29+1 -> 15 | B30: 경북 | C30: =SUM(D30:E30) -> 13 | D30: =COUNTIFS('세부(구축)'!B:B,'집계(구축)'!B30,'세부(구축)'!G:G,"완료")+H30 -> 0 | E30: =SUM(COUNTIFS('세부(구축)'!B:B,'집계(구축)'!B30,'세부(구축)'!G:G,"작성중"),COUNTIFS('세부(구축)'!B:B,'집계(구축)'!B30,'세부(구축)'!G:G,"접수대기")) -> 13 | F30: =COUNTIFS('세부(구축)'!J:J,"발행",'세부(구축)'!B:B,'집계(구축)'!B30) -> 0 | G30: =COUNTIFS('세부(구축)'!K:K,"수령",'세부(구축)'!$B:$B,'집계(구축)'!$B30) -> 0 | H30: =COUNTIFS('세부(구축)'!$B:$B,'집계(구축)'!B30,'세부(구축)'!$G:$G,"취소") -> 0
A31: =A30+1 -> 16 | B31: 강원 | C31: =SUM(D31:E31) -> 0 | D31: =COUNTIFS('세부(구축)'!B:B,'집계(구축)'!B31,'세부(구축)'!G:G,"완료")+H31 -> 0 | E31: =SUM(COUNTIFS('세부(구축)'!B:B,'집계(구축)'!B31,'세부(구축)'!G:G,"작성중"),COUNTIFS('세부(구축)'!B:B,'집계(구축)'!B31,'세부(구축)'!G:G,"접수대기")) -> 0 | F31: =COUNTIFS('세부(구축)'!J:J,"발행",'세부(구축)'!B:B,'집계(구축)'!B31) -> 0 | G31: =COUNTIFS('세부(구축)'!K:K,"수령",'세부(구축)'!$B:$B,'집계(구축)'!$B31) -> 0 | H31: =COUNTIFS('세부(구축)'!$B:$B,'집계(구축)'!B31,'세부(구축)'!$G:$G,"취소") -> 0
A32: =A31+1 -> 17 | B32: 포항 | C32: =SUM(D32:E32) -> 0 | D32: =COUNTIFS('세부(구축)'!B:B,'집계(구축)'!B32,'세부(구축)'!G:G,"완료")+H32 -> 0 | E32: =SUM(COUNTIFS('세부(구축)'!B:B,'집계(구축)'!B32,'세부(구축)'!G:G,"작성중"),COUNTIFS('세부(구축)'!B:B,'집계(구축)'!B32,'세부(구축)'!G:G,"접수대기")) -> 0 | F32: =COUNTIFS('세부(구축)'!J:J,"발행",'세부(구축)'!B:B,'집계(구축)'!B32) -> 0 | G32: =COUNTIFS('세부(구축)'!K:K,"수령",'세부(구축)'!$B:$B,'집계(구축)'!$B32) -> 0 | H32: =COUNTIFS('세부(구축)'!$B:$B,'집계(구축)'!B32,'세부(구축)'!$G:$G,"취소") -> 0
A33: =A32+1 -> 18 | B33: 광주 | C33: =SUM(D33:E33) -> 0 | D33: =COUNTIFS('세부(구축)'!B:B,'집계(구축)'!B33,'세부(구축)'!G:G,"완료")+H33 -> 0 | E33: =SUM(COUNTIFS('세부(구축)'!B:B,'집계(구축)'!B33,'세부(구축)'!G:G,"작성중"),COUNTIFS('세부(구축)'!B:B,'집계(구축)'!B33,'세부(구축)'!G:G,"접수대기")) -> 0 | F33: =COUNTIFS('세부(구축)'!J:J,"발행",'세부(구축)'!B:B,'집계(구축)'!B33) -> 0 | G33: =COUNTIFS('세부(구축)'!K:K,"수령",'세부(구축)'!$B:$B,'집계(구축)'!$B33) -> 0 | H33: =COUNTIFS('세부(구축)'!$B:$B,'집계(구축)'!B33,'세부(구축)'!$G:$G,"취소") -> 0
A34: =A33+1 -> 19 | B34: 서울 | C34: =SUM(D34:E34) -> 0 | D34: =COUNTIFS('세부(구축)'!B:B,'집계(구축)'!B34,'세부(구축)'!G:G,"완료")+H34 -> 0 | E34: =SUM(COUNTIFS('세부(구축)'!B:B,'집계(구축)'!B34,'세부(구축)'!G:G,"작성중"),COUNTIFS('세부(구축)'!B:B,'집계(구축)'!B34,'세부(구축)'!G:G,"접수대기")) -> 0 | F34: =COUNTIFS('세부(구축)'!J:J,"발행",'세부(구축)'!B:B,'집계(구축)'!B34) -> 0 | G34: =COUNTIFS('세부(구축)'!K:K,"수령",'세부(구축)'!$B:$B,'집계(구축)'!$B34) -> 0 | H34: =COUNTIFS('세부(구축)'!$B:$B,'집계(구축)'!B34,'세부(구축)'!$G:$G,"취소") -> 0
A35: =A34+1 -> 20 | B35: 한국과학기술원 | C35: =SUM(D35:E35) -> 0 | D35: =COUNTIFS('세부(구축)'!B:B,'집계(구축)'!B35,'세부(구축)'!G:G,"완료")+H35 -> 0 | E35: =SUM(COUNTIFS('세부(구축)'!B:B,'집계(구축)'!B35,'세부(구축)'!G:G,"작성중"),COUNTIFS('세부(구축)'!B:B,'집계(구축)'!B35,'세부(구축)'!G:G,"접수대기")) -> 0 | F35: =COUNTIFS('세부(구축)'!J:J,"발행",'세부(구축)'!B:B,'집계(구축)'!B35) -> 0 | G35: =COUNTIFS('세부(구축)'!K:K,"수령",'세부(구축)'!$B:$B,'집계(구축)'!$B35) -> 0 | H35: =COUNTIFS('세부(구축)'!$B:$B,'집계(구축)'!B35,'세부(구축)'!$G:$G,"취소") -> 0
A36: =A35+1 -> 21 | B36: 경기대진 | C36: =SUM(D36:E36) -> 1 | D36: =COUNTIFS('세부(구축)'!B:B,'집계(구축)'!B36,'세부(구축)'!G:G,"완료")+H36 -> 0 | E36: =SUM(COUNTIFS('세부(구축)'!B:B,'집계(구축)'!B36,'세부(구축)'!G:G,"작성중"),COUNTIFS('세부(구축)'!B:B,'집계(구축)'!B36,'세부(구축)'!G:G,"접수대기")) -> 1 | F36: =COUNTIFS('세부(구축)'!J:J,"발행",'세부(구축)'!B:B,'집계(구축)'!B36) -> 0 | G36: =COUNTIFS('세부(구축)'!K:K,"수령",'세부(구축)'!$B:$B,'집계(구축)'!$B36) -> 0 | H36: =COUNTIFS('세부(구축)'!$B:$B,'집계(구축)'!B36,'세부(구축)'!$G:$G,"취소") -> 0
A37: =A36+1 -> 22 | B37: 이노비즈협회 | C37: =SUM(D37:E37) -> 0 | D37: =COUNTIFS('세부(구축)'!B:B,'집계(구축)'!B37,'세부(구축)'!G:G,"완료")+H37 -> 0 | E37: =SUM(COUNTIFS('세부(구축)'!B:B,'집계(구축)'!B37,'세부(구축)'!G:G,"작성중"),COUNTIFS('세부(구축)'!B:B,'집계(구축)'!B37,'세부(구축)'!G:G,"접수대기")) -> 0 | F37: =COUNTIFS('세부(구축)'!J:J,"발행",'세부(구축)'!B:B,'집계(구축)'!B37) -> 0 | G37: =COUNTIFS('세부(구축)'!K:K,"수령",'세부(구축)'!$B:$B,'집계(구축)'!$B37) -> 0 | H37: =COUNTIFS('세부(구축)'!$B:$B,'집계(구축)'!B37,'세부(구축)'!$G:$G,"취소") -> 0
A38: 합 계 | C38: =SUM(D38:E38) -> 29 | D38: =SUM(D16:D37) -> 0 | E38: =SUM(E16:E37) -> 29 | F38: =SUM(F16:F37) -> 0 | G38: =SUM(G16:G37) -> 0 | H38: =SUM(H16:H37) -> 0 | I38: =SUM(I16:I28) -> 0 | J38: =SUM(J16:J28) -> 0 | K38: =SUM(K16:K28) -> 0 | L38: =SUM(L16:L28) -> 0 | M38: =SUM(M16:M28) -> 0 | N38: =SUM(N16:N28) -> 0 | O38: =SUM(O16:O28) -> 0 | P38: =SUM(P16:P28) -> 0 | ... T38: =SUM(T16:T28) -> 0
A40: ○ 사업별 세부 진행현황
A41: 순번 | B41: 사업명 | C41: 업무진행 | F41: 청구 | H41: 취소 | I41: 사업별 구분
C42: 수령건수 (A) | D42: 완료* (B) | E42: 진행중 (C=A-B) | F42: 세금계산서 발행(D) | G42: 대금수령 (E) | I42: (기초 및 고도화지원)농림부-삼성전자 | J42: (기초지원)지자체-삼성전자 | K42: (상생형)고도화-LG이노텍 | L42: (상생형)고도화-LG전자 | M42: (상생형)고도화-삼성전자 | N42: 경남형 스마트 제조혁신 프로젝트 | O42: 선도형 스마트공장(부처협업형) | P42: 스마트공장 AS 지원 | Q42: 스마트공장 구축 및 고도화 사업(고도화1) | R42: 스마트공장 구축 및 고도화 사업(동일수준) | S42: 전북형 스마트 제조혁신 프로젝트 | T42: 탄소중립형 스마트공장
A43: 1 | B43: (기초 및 고도화지원)농림부-삼성전자 | C43: =SUM(D43:E43) -> 0 | D43: =COUNTIFS('세부(구축)'!C:C,'집계(구축)'!B43,'세부(구축)'!G:G,"완료")+H43 -> 0 | E43: =SUM(COUNTIFS('세부(구축)'!C:C,'집계(구축)'!B43,'세부(구축)'!G:G,"작성중"),COUNTIFS('세부(구축)'!C:C,'집계(구축)'!B43,'세부(구축)'!G:G,"접수대기")) -> 0 | F43: =COUNTIFS('세부(구축)'!J:J,"발행",'세부(구축)'!$C:$C,'집계(구축)'!$B43) -> 0 | G43: =COUNTIFS('세부(구축)'!K:K,"수령",'세부(구축)'!$C:$C,'집계(구축)'!$B43) -> 0 | H43: =COUNTIFS('세부(구축)'!$C:$C,'집계(구축)'!B43,'세부(구축)'!$G:$G,"취소") -> 0 | I43: =COUNTIFS('세부(구축)'!B:B,'집계(구축)'!B$16,'세부(구축)'!C:C,'집계(구축)'!$I$15) -> 0 | J43: =COUNTIFS('세부(구축)'!$B:$B,'집계(구축)'!$B$16,'세부(구축)'!$C:$C,'집계(구축)'!J$15) -> 0 | K43: =COUNTIFS('세부(구축)'!$B:$B,'집계(구축)'!$B$16,'세부(구축)'!$C:$C,'집계(구축)'!K$15) -> 0 | L43: =COUNTIFS('세부(구축)'!$B:$B,'집계(구축)'!$B$16,'세부(구축)'!$C:$C,'집계(구축)'!L$15) -> 0 | M43: =COUNTIFS('세부(구축)'!$B:$B,'집계(구축)'!$B$16,'세부(구축)'!$C:$C,'집계(구축)'!M$15) -> 0 | N43: =COUNTIFS('세부(구축)'!$B:$B,'집계(구축)'!$B$16,'세부(구축)'!$C:$C,'집계(구축)'!N$15) -> 0 | O43: =COUNTIFS('세부(구축)'!$B:$B,'집계(구축)'!$B$16,'세부(구축)'!$C:$C,'집계(구축)'!O$15) -> 0 | P43: =COUNTIFS('세부(구축)'!$B:$B,'집계(구축)'!$B$16,'세부(구축)'!$C:$C,'집계(구축)'!P$15) -> 0 | Q43: =COUNTIFS('세부(구축)'!$B:$B,'집계(구축)'!$B$16,'세부(구축)'!$C:$C,'집계(구축)'!Q$15) -> 0 | ... T43: =COUNTIFS('세부(구축)'!$B:$B,'집계(구축)'!$B$16,'세부(구축)'!$C:$C,'집계(구축)'!T$15) -> 0
A44: =A43+1 -> 2 | B44: (기초지원)지자체-삼성전자 | C44: =SUM(D44:E44) -> 0 | D44: =COUNTIFS('세부(구축)'!C:C,'집계(구축)'!B44,'세부(구축)'!G:G,"완료")+H44 -> 0 | E44: =SUM(COUNTIFS('세부(구축)'!C:C,'집계(구축)'!B44,'세부(구축)'!G:G,"작성중"),COUNTIFS('세부(구축)'!C:C,'집계(구축)'!B44,'세부(구축)'!G:G,"접수대기")) -> 0 | F44: =COUNTIFS('세부(구축)'!J:J,"발행",'세부(구축)'!$C:$C,'집계(구축)'!$B44) -> 0 | G44: =COUNTIFS('세부(구축)'!K:K,"수령",'세부(구축)'!$C:$C,'집계(구축)'!$B44) -> 0 | H44: =COUNTIFS('세부(구축)'!$C:$C,'집계(구축)'!B44,'세부(구축)'!$G:$G,"취소") -> 0 | I44: =COUNTIFS('세부(구축)'!$B:$B,'집계(구축)'!$B$17,'세부(구축)'!$C:$C,'집계(구축)'!I$15) -> 0 | J44: =COUNTIFS('세부(구축)'!$B:$B,'집계(구축)'!$B$17,'세부(구축)'!$C:$C,'집계(구축)'!J$15) -> 0 | K44: =COUNTIFS('세부(구축)'!$B:$B,'집계(구축)'!$B$17,'세부(구축)'!$C:$C,'집계(구축)'!K$15) -> 0 | L44: =COUNTIFS('세부(구축)'!$B:$B,'집계(구축)'!$B$17,'세부(구축)'!$C:$C,'집계(구축)'!L$15) -> 0 | M44: =COUNTIFS('세부(구축)'!$B:$B,'집계(구축)'!$B$17,'세부(구축)'!$C:$C,'집계(구축)'!M$15) -> 0 | N44: =COUNTIFS('세부(구축)'!$B:$B,'집계(구축)'!$B$17,'세부(구축)'!$C:$C,'집계(구축)'!N$15) -> 0 | O44: =COUNTIFS('세부(구축)'!$B:$B,'집계(구축)'!$B$17,'세부(구축)'!$C:$C,'집계(구축)'!O$15) -> 0 | P44: =COUNTIFS('세부(구축)'!$B:$B,'집계(구축)'!$B$17,'세부(구축)'!$C:$C,'집계(구축)'!P$15) -> 0 | ... T44: =COUNTIFS('세부(구축)'!$B:$B,'집계(구축)'!$B$17,'세부(구축)'!$C:$C,'집계(구축)'!T$15) -> 0
A45: =A44+1 -> 3 | B45: (상생형)고도화-LG이노텍 | C45: =SUM(D45:E45) -> 0 | D45: =COUNTIFS('세부(구축)'!C:C,'집계(구축)'!B45,'세부(구축)'!G:G,"완료")+H45 -> 0 | E45: =SUM(COUNTIFS('세부(구축)'!C:C,'집계(구축)'!B45,'세부(구축)'!G:G,"작성중"),COUNTIFS('세부(구축)'!C:C,'집계(구축)'!B45,'세부(구축)'!G:G,"접수대기")) -> 0 | F45: =COUNTIFS('세부(구축)'!J:J,"발행",'세부(구축)'!$C:$C,'집계(구축)'!$B45) -> 0 | G45: =COUNTIFS('세부(구축)'!K:K,"수령",'세부(구축)'!$C:$C,'집계(구축)'!$B45) -> 0 | H45: =COUNTIFS('세부(구축)'!$C:$C,'집계(구축)'!B45,'세부(구축)'!$G:$G,"취소") -> 0 | I45: =COUNTIFS('세부(구축)'!B:B,'집계(구축)'!B45,'세부(구축)'!C:C,'집계(구축)'!$I$15) -> 0 | J45: =COUNTIFS('세부(구축)'!$B:$B,'집계(구축)'!$B45,'세부(구축)'!$C:$C,'집계(구축)'!J$15) -> 0 | K45: =COUNTIFS('세부(구축)'!$B:$B,'집계(구축)'!$B45,'세부(구축)'!$C:$C,'집계(구축)'!K$15) -> 0 | L45: =COUNTIFS('세부(구축)'!$B:$B,'집계(구축)'!$B45,'세부(구축)'!$C:$C,'집계(구축)'!L$15) -> 0 | M45: =COUNTIFS('세부(구축)'!$B:$B,'집계(구축)'!$B45,'세부(구축)'!$C:$C,'집계(구축)'!M$15) -> 0 | N45: =COUNTIFS('세부(구축)'!$B:$B,'집계(구축)'!$B45,'세부(구축)'!$C:$C,'집계(구축)'!N$15) -> 0 | O45: =COUNTIFS('세부(구축)'!$B:$B,'집계(구축)'!$B45,'세부(구축)'!$C:$C,'집계(구축)'!O$15) -> 0 | P45: =COUNTIFS('세부(구축)'!$B:$B,'집계(구축)'!$B45,'세부(구축)'!$C:$C,'집계(구축)'!P$15) -> 0 | Q45: =COUNTIFS('세부(구축)'!$B:$B,'집계(구축)'!$B45,'세부(구축)'!$C:$C,'집계(구축)'!Q$15) -> 0 | ... T45: =COUNTIFS('세부(구축)'!$B:$B,'집계(구축)'!$B45,'세부(구축)'!$C:$C,'집계(구축)'!T$15) -> 0
A46: =A45+1 -> 4 | B46: (상생형)고도화-LG전자 | C46: =SUM(D46:E46) -> 0 | D46: =COUNTIFS('세부(구축)'!C:C,'집계(구축)'!B46,'세부(구축)'!G:G,"완료")+H46 -> 0 | E46: =SUM(COUNTIFS('세부(구축)'!C:C,'집계(구축)'!B46,'세부(구축)'!G:G,"작성중"),COUNTIFS('세부(구축)'!C:C,'집계(구축)'!B46,'세부(구축)'!G:G,"접수대기")) -> 0 | F46: =COUNTIFS('세부(구축)'!J:J,"발행",'세부(구축)'!$C:$C,'집계(구축)'!$B46) -> 0 | G46: =COUNTIFS('세부(구축)'!K:K,"수령",'세부(구축)'!$C:$C,'집계(구축)'!$B46) -> 0 | H46: =COUNTIFS('세부(구축)'!$C:$C,'집계(구축)'!B46,'세부(구축)'!$G:$G,"취소") -> 0 | I46: =COUNTIFS('세부(구축)'!B:B,'집계(구축)'!B46,'세부(구축)'!C:C,'집계(구축)'!$I$15) -> 0 | J46: =COUNTIFS('세부(구축)'!$B:$B,'집계(구축)'!$B46,'세부(구축)'!$C:$C,'집계(구축)'!J$15) -> 0 | K46: =COUNTIFS('세부(구축)'!$B:$B,'집계(구축)'!$B46,'세부(구축)'!$C:$C,'집계(구축)'!K$15) -> 0 | L46: =COUNTIFS('세부(구축)'!$B:$B,'집계(구축)'!$B46,'세부(구축)'!$C:$C,'집계(구축)'!L$15) -> 0 | M46: =COUNTIFS('세부(구축)'!$B:$B,'집계(구축)'!$B46,'세부(구축)'!$C:$C,'집계(구축)'!M$15) -> 0 | N46: =COUNTIFS('세부(구축)'!$B:$B,'집계(구축)'!$B46,'세부(구축)'!$C:$C,'집계(구축)'!N$15) -> 0 | O46: =COUNTIFS('세부(구축)'!$B:$B,'집계(구축)'!$B46,'세부(구축)'!$C:$C,'집계(구축)'!O$15) -> 0 | P46: =COUNTIFS('세부(구축)'!$B:$B,'집계(구축)'!$B46,'세부(구축)'!$C:$C,'집계(구축)'!P$15) -> 0 | Q46: =COUNTIFS('세부(구축)'!$B:$B,'집계(구축)'!$B46,'세부(구축)'!$C:$C,'집계(구축)'!Q$15) -> 0 | ... T46: =COUNTIFS('세부(구축)'!$B:$B,'집계(구축)'!$B46,'세부(구축)'!$C:$C,'집계(구축)'!T$15) -> 0
A47: =A46+1 -> 5 | B47: (상생형)고도화-삼성전자 | C47: =SUM(D47:E47) -> 0 | D47: =COUNTIFS('세부(구축)'!C:C,'집계(구축)'!B47,'세부(구축)'!G:G,"완료")+H47 -> 0 | E47: =SUM(COUNTIFS('세부(구축)'!C:C,'집계(구축)'!B47,'세부(구축)'!G:G,"작성중"),COUNTIFS('세부(구축)'!C:C,'집계(구축)'!B47,'세부(구축)'!G:G,"접수대기")) -> 0 | F47: =COUNTIFS('세부(구축)'!J:J,"발행",'세부(구축)'!$C:$C,'집계(구축)'!$B47) -> 0 | G47: =COUNTIFS('세부(구축)'!K:K,"수령",'세부(구축)'!$C:$C,'집계(구축)'!$B47) -> 0 | H47: =COUNTIFS('세부(구축)'!$C:$C,'집계(구축)'!B47,'세부(구축)'!$G:$G,"취소") -> 0 | I47: =COUNTIFS('세부(구축)'!B:B,'집계(구축)'!B47,'세부(구축)'!C:C,'집계(구축)'!$I$15) -> 0 | J47: =COUNTIFS('세부(구축)'!$B:$B,'집계(구축)'!$B47,'세부(구축)'!$C:$C,'집계(구축)'!J$15) -> 0 | K47: =COUNTIFS('세부(구축)'!$B:$B,'집계(구축)'!$B47,'세부(구축)'!$C:$C,'집계(구축)'!K$15) -> 0 | L47: =COUNTIFS('세부(구축)'!$B:$B,'집계(구축)'!$B47,'세부(구축)'!$C:$C,'집계(구축)'!L$15) -> 0 | M47: =COUNTIFS('세부(구축)'!$B:$B,'집계(구축)'!$B47,'세부(구축)'!$C:$C,'집계(구축)'!M$15) -> 0 | N47: =COUNTIFS('세부(구축)'!$B:$B,'집계(구축)'!$B47,'세부(구축)'!$C:$C,'집계(구축)'!N$15) -> 0 | O47: =COUNTIFS('세부(구축)'!$B:$B,'집계(구축)'!$B47,'세부(구축)'!$C:$C,'집계(구축)'!O$15) -> 0 | P47: =COUNTIFS('세부(구축)'!$B:$B,'집계(구축)'!$B47,'세부(구축)'!$C:$C,'집계(구축)'!P$15) -> 0 | Q47: =COUNTIFS('세부(구축)'!$B:$B,'집계(구축)'!$B47,'세부(구축)'!$C:$C,'집계(구축)'!Q$15) -> 0 | ... T47: =COUNTIFS('세부(구축)'!$B:$B,'집계(구축)'!$B47,'세부(구축)'!$C:$C,'집계(구축)'!T$15) -> 0
A48: =A47+1 -> 6 | B48: 경남형 스마트 제조혁신 프로젝트 | C48: =SUM(D48:E48) -> 0 | D48: =COUNTIFS('세부(구축)'!C:C,'집계(구축)'!B48,'세부(구축)'!G:G,"완료")+H48 -> 0 | E48: =SUM(COUNTIFS('세부(구축)'!C:C,'집계(구축)'!B48,'세부(구축)'!G:G,"작성중"),COUNTIFS('세부(구축)'!C:C,'집계(구축)'!B48,'세부(구축)'!G:G,"접수대기")) -> 0 | F48: =COUNTIFS('세부(구축)'!J:J,"발행",'세부(구축)'!$C:$C,'집계(구축)'!$B48) -> 0 | G48: =COUNTIFS('세부(구축)'!K:K,"수령",'세부(구축)'!$C:$C,'집계(구축)'!$B48) -> 0 | H48: =COUNTIFS('세부(구축)'!$C:$C,'집계(구축)'!B48,'세부(구축)'!$G:$G,"취소") -> 0 | I48: =COUNTIFS('세부(구축)'!B:B,'집계(구축)'!B48,'세부(구축)'!C:C,'집계(구축)'!$I$15) -> 0 | J48: =COUNTIFS('세부(구축)'!$B:$B,'집계(구축)'!$B48,'세부(구축)'!$C:$C,'집계(구축)'!J$15) -> 0 | K48: =COUNTIFS('세부(구축)'!$B:$B,'집계(구축)'!$B48,'세부(구축)'!$C:$C,'집계(구축)'!K$15) -> 0 | L48: =COUNTIFS('세부(구축)'!$B:$B,'집계(구축)'!$B48,'세부(구축)'!$C:$C,'집계(구축)'!L$15) -> 0 | M48: =COUNTIFS('세부(구축)'!$B:$B,'집계(구축)'!$B48,'세부(구축)'!$C:$C,'집계(구축)'!M$15) -> 0 | N48: =COUNTIFS('세부(구축)'!$B:$B,'집계(구축)'!$B48,'세부(구축)'!$C:$C,'집계(구축)'!N$15) -> 0 | O48: =COUNTIFS('세부(구축)'!$B:$B,'집계(구축)'!$B48,'세부(구축)'!$C:$C,'집계(구축)'!O$15) -> 0 | P48: =COUNTIFS('세부(구축)'!$B:$B,'집계(구축)'!$B48,'세부(구축)'!$C:$C,'집계(구축)'!P$15) -> 0 | Q48: =COUNTIFS('세부(구축)'!$B:$B,'집계(구축)'!$B48,'세부(구축)'!$C:$C,'집계(구축)'!Q$15) -> 0 | ... T48: =COUNTIFS('세부(구축)'!$B:$B,'집계(구축)'!$B48,'세부(구축)'!$C:$C,'집계(구축)'!T$15) -> 0
A49: =A48+1 -> 7 | B49: 선도형 스마트공장(부처협업형) | C49: =SUM(D49:E49) -> 0 | D49: =COUNTIFS('세부(구축)'!C:C,'집계(구축)'!B49,'세부(구축)'!G:G,"완료")+H49 -> 0 | E49: =SUM(COUNTIFS('세부(구축)'!C:C,'집계(구축)'!B49,'세부(구축)'!G:G,"작성중"),COUNTIFS('세부(구축)'!C:C,'집계(구축)'!B49,'세부(구축)'!G:G,"접수대기")) -> 0 | F49: =COUNTIFS('세부(구축)'!J:J,"발행",'세부(구축)'!$C:$C,'집계(구축)'!$B49) -> 0 | G49: =COUNTIFS('세부(구축)'!K:K,"수령",'세부(구축)'!$C:$C,'집계(구축)'!$B49) -> 0 | H49: =COUNTIFS('세부(구축)'!$C:$C,'집계(구축)'!B49,'세부(구축)'!$G:$G,"취소") -> 0 | I49: =COUNTIFS('세부(구축)'!B:B,'집계(구축)'!B49,'세부(구축)'!C:C,'집계(구축)'!$I$15) -> 0 | J49: =COUNTIFS('세부(구축)'!$B:$B,'집계(구축)'!$B49,'세부(구축)'!$C:$C,'집계(구축)'!J$15) -> 0 | K49: =COUNTIFS('세부(구축)'!$B:$B,'집계(구축)'!$B49,'세부(구축)'!$C:$C,'집계(구축)'!K$15) -> 0 | L49: =COUNTIFS('세부(구축)'!$B:$B,'집계(구축)'!$B49,'세부(구축)'!$C:$C,'집계(구축)'!L$15) -> 0 | M49: =COUNTIFS('세부(구축)'!$B:$B,'집계(구축)'!$B49,'세부(구축)'!$C:$C,'집계(구축)'!M$15) -> 0 | N49: =COUNTIFS('세부(구축)'!$B:$B,'집계(구축)'!$B49,'세부(구축)'!$C:$C,'집계(구축)'!N$15) -> 0 | O49: =COUNTIFS('세부(구축)'!$B:$B,'집계(구축)'!$B49,'세부(구축)'!$C:$C,'집계(구축)'!O$15) -> 0 | P49: =COUNTIFS('세부(구축)'!$B:$B,'집계(구축)'!$B49,'세부(구축)'!$C:$C,'집계(구축)'!P$15) -> 0 | Q49: =COUNTIFS('세부(구축)'!$B:$B,'집계(구축)'!$B49,'세부(구축)'!$C:$C,'집계(구축)'!Q$15) -> 0 | ... T49: =COUNTIFS('세부(구축)'!$B:$B,'집계(구축)'!$B49,'세부(구축)'!$C:$C,'집계(구축)'!T$15) -> 0
A50: =A49+1 -> 8 | B50: 스마트공장 AS 지원 | C50: =SUM(D50:E50) -> 0 | D50: =COUNTIFS('세부(구축)'!C:C,'집계(구축)'!B50,'세부(구축)'!G:G,"완료")+H50 -> 0 | E50: =SUM(COUNTIFS('세부(구축)'!C:C,'집계(구축)'!B50,'세부(구축)'!G:G,"작성중"),COUNTIFS('세부(구축)'!C:C,'집계(구축)'!B50,'세부(구축)'!G:G,"접수대기")) -> 0 | F50: =COUNTIFS('세부(구축)'!J:J,"발행",'세부(구축)'!$C:$C,'집계(구축)'!$B50) -> 0 | G50: =COUNTIFS('세부(구축)'!K:K,"수령",'세부(구축)'!$C:$C,'집계(구축)'!$B50) -> 0 | H50: =COUNTIFS('세부(구축)'!$C:$C,'집계(구축)'!B50,'세부(구축)'!$G:$G,"취소") -> 0 | I50: =COUNTIFS('세부(구축)'!B:B,'집계(구축)'!B50,'세부(구축)'!C:C,'집계(구축)'!$I$15) -> 0 | J50: =COUNTIFS('세부(구축)'!$B:$B,'집계(구축)'!$B50,'세부(구축)'!$C:$C,'집계(구축)'!J$15) -> 0 | K50: =COUNTIFS('세부(구축)'!$B:$B,'집계(구축)'!$B50,'세부(구축)'!$C:$C,'집계(구축)'!K$15) -> 0 | L50: =COUNTIFS('세부(구축)'!$B:$B,'집계(구축)'!$B50,'세부(구축)'!$C:$C,'집계(구축)'!L$15) -> 0 | M50: =COUNTIFS('세부(구축)'!$B:$B,'집계(구축)'!$B50,'세부(구축)'!$C:$C,'집계(구축)'!M$15) -> 0 | N50: =COUNTIFS('세부(구축)'!$B:$B,'집계(구축)'!$B50,'세부(구축)'!$C:$C,'집계(구축)'!N$15) -> 0 | O50: =COUNTIFS('세부(구축)'!$B:$B,'집계(구축)'!$B50,'세부(구축)'!$C:$C,'집계(구축)'!O$15) -> 0 | P50: =COUNTIFS('세부(구축)'!$B:$B,'집계(구축)'!$B50,'세부(구축)'!$C:$C,'집계(구축)'!P$15) -> 0 | Q50: =COUNTIFS('세부(구축)'!$B:$B,'집계(구축)'!$B50,'세부(구축)'!$C:$C,'집계(구축)'!Q$15) -> 0 | ... T50: =COUNTIFS('세부(구축)'!$B:$B,'집계(구축)'!$B50,'세부(구축)'!$C:$C,'집계(구축)'!T$15) -> 0
A51: =A50+1 -> 9 | B51: 스마트공장 구축 및 고도화 사업(고도화1) | C51: =SUM(D51:E51) -> 2 | D51: =COUNTIFS('세부(구축)'!C:C,'집계(구축)'!B51,'세부(구축)'!G:G,"완료")+H51 -> 0 | E51: =SUM(COUNTIFS('세부(구축)'!C:C,'집계(구축)'!B51,'세부(구축)'!G:G,"작성중"),COUNTIFS('세부(구축)'!C:C,'집계(구축)'!B51,'세부(구축)'!G:G,"접수대기")) -> 2 | F51: =COUNTIFS('세부(구축)'!J:J,"발행",'세부(구축)'!$C:$C,'집계(구축)'!$B51) -> 0 | G51: =COUNTIFS('세부(구축)'!K:K,"수령",'세부(구축)'!$C:$C,'집계(구축)'!$B51) -> 0 | H51: =COUNTIFS('세부(구축)'!$C:$C,'집계(구축)'!B51,'세부(구축)'!$G:$G,"취소") -> 0 | I51: =COUNTIFS('세부(구축)'!B:B,'집계(구축)'!B51,'세부(구축)'!C:C,'집계(구축)'!$I$15) -> 0 | J51: =COUNTIFS('세부(구축)'!$B:$B,'집계(구축)'!$B51,'세부(구축)'!$C:$C,'집계(구축)'!J$15) -> 0 | K51: =COUNTIFS('세부(구축)'!$B:$B,'집계(구축)'!$B51,'세부(구축)'!$C:$C,'집계(구축)'!K$15) -> 0 | L51: =COUNTIFS('세부(구축)'!$B:$B,'집계(구축)'!$B51,'세부(구축)'!$C:$C,'집계(구축)'!L$15) -> 0 | M51: =COUNTIFS('세부(구축)'!$B:$B,'집계(구축)'!$B51,'세부(구축)'!$C:$C,'집계(구축)'!M$15) -> 0 | N51: =COUNTIFS('세부(구축)'!$B:$B,'집계(구축)'!$B51,'세부(구축)'!$C:$C,'집계(구축)'!N$15) -> 0 | O51: =COUNTIFS('세부(구축)'!$B:$B,'집계(구축)'!$B51,'세부(구축)'!$C:$C,'집계(구축)'!O$15) -> 0 | P51: =COUNTIFS('세부(구축)'!$B:$B,'집계(구축)'!$B51,'세부(구축)'!$C:$C,'집계(구축)'!P$15) -> 0 | Q51: =COUNTIFS('세부(구축)'!$B:$B,'집계(구축)'!$B51,'세부(구축)'!$C:$C,'집계(구축)'!Q$15) -> 0 | ... T51: =COUNTIFS('세부(구축)'!$B:$B,'집계(구축)'!$B51,'세부(구축)'!$C:$C,'집계(구축)'!T$15) -> 0
A52: =A51+1 -> 10 | B52: 스마트공장 구축 및 고도화 사업(동일수준) | C52: =SUM(D52:E52) -> 0 | D52: =COUNTIFS('세부(구축)'!C:C,'집계(구축)'!B52,'세부(구축)'!G:G,"완료")+H52 -> 0 | E52: =SUM(COUNTIFS('세부(구축)'!C:C,'집계(구축)'!B52,'세부(구축)'!G:G,"작성중"),COUNTIFS('세부(구축)'!C:C,'집계(구축)'!B52,'세부(구축)'!G:G,"접수대기")) -> 0 | F52: =COUNTIFS('세부(구축)'!J:J,"발행",'세부(구축)'!$C:$C,'집계(구축)'!$B52) -> 0 | G52: =COUNTIFS('세부(구축)'!K:K,"수령",'세부(구축)'!$C:$C,'집계(구축)'!$B52) -> 0 | H52: =COUNTIFS('세부(구축)'!$C:$C,'집계(구축)'!B52,'세부(구축)'!$G:$G,"취소") -> 0 | I52: =COUNTIFS('세부(구축)'!B:B,'집계(구축)'!B52,'세부(구축)'!C:C,'집계(구축)'!$I$15) -> 0 | J52: =COUNTIFS('세부(구축)'!$B:$B,'집계(구축)'!$B52,'세부(구축)'!$C:$C,'집계(구축)'!J$15) -> 0 | K52: =COUNTIFS('세부(구축)'!$B:$B,'집계(구축)'!$B52,'세부(구축)'!$C:$C,'집계(구축)'!K$15) -> 0 | L52: =COUNTIFS('세부(구축)'!$B:$B,'집계(구축)'!$B52,'세부(구축)'!$C:$C,'집계(구축)'!L$15) -> 0 | M52: =COUNTIFS('세부(구축)'!$B:$B,'집계(구축)'!$B52,'세부(구축)'!$C:$C,'집계(구축)'!M$15) -> 0 | N52: =COUNTIFS('세부(구축)'!$B:$B,'집계(구축)'!$B52,'세부(구축)'!$C:$C,'집계(구축)'!N$15) -> 0 | O52: =COUNTIFS('세부(구축)'!$B:$B,'집계(구축)'!$B52,'세부(구축)'!$C:$C,'집계(구축)'!O$15) -> 0 | P52: =COUNTIFS('세부(구축)'!$B:$B,'집계(구축)'!$B52,'세부(구축)'!$C:$C,'집계(구축)'!P$15) -> 0 | Q52: =COUNTIFS('세부(구축)'!$B:$B,'집계(구축)'!$B52,'세부(구축)'!$C:$C,'집계(구축)'!Q$15) -> 0 | ... T52: =COUNTIFS('세부(구축)'!$B:$B,'집계(구축)'!$B52,'세부(구축)'!$C:$C,'집계(구축)'!T$15) -> 0
A53: =A52+1 -> 11 | B53: 전북형 스마트 제조혁신 프로젝트 | C53: =SUM(D53:E53) -> 0 | D53: =COUNTIFS('세부(구축)'!C:C,'집계(구축)'!B53,'세부(구축)'!G:G,"완료")+H53 -> 0 | E53: =SUM(COUNTIFS('세부(구축)'!C:C,'집계(구축)'!B53,'세부(구축)'!G:G,"작성중"),COUNTIFS('세부(구축)'!C:C,'집계(구축)'!B53,'세부(구축)'!G:G,"접수대기")) -> 0 | F53: =COUNTIFS('세부(구축)'!J:J,"발행",'세부(구축)'!$C:$C,'집계(구축)'!$B53) -> 0 | G53: =COUNTIFS('세부(구축)'!K:K,"수령",'세부(구축)'!$C:$C,'집계(구축)'!$B53) -> 0 | H53: =COUNTIFS('세부(구축)'!$C:$C,'집계(구축)'!B53,'세부(구축)'!$G:$G,"취소") -> 0 | I53: =COUNTIFS('세부(구축)'!B:B,'집계(구축)'!B53,'세부(구축)'!C:C,'집계(구축)'!$I$15) -> 0 | J53: =COUNTIFS('세부(구축)'!$B:$B,'집계(구축)'!$B53,'세부(구축)'!$C:$C,'집계(구축)'!J$15) -> 0 | K53: =COUNTIFS('세부(구축)'!$B:$B,'집계(구축)'!$B53,'세부(구축)'!$C:$C,'집계(구축)'!K$15) -> 0 | L53: =COUNTIFS('세부(구축)'!$B:$B,'집계(구축)'!$B53,'세부(구축)'!$C:$C,'집계(구축)'!L$15) -> 0 | M53: =COUNTIFS('세부(구축)'!$B:$B,'집계(구축)'!$B53,'세부(구축)'!$C:$C,'집계(구축)'!M$15) -> 0 | N53: =COUNTIFS('세부(구축)'!$B:$B,'집계(구축)'!$B53,'세부(구축)'!$C:$C,'집계(구축)'!N$15) -> 0 | O53: =COUNTIFS('세부(구축)'!$B:$B,'집계(구축)'!$B53,'세부(구축)'!$C:$C,'집계(구축)'!O$15) -> 0 | P53: =COUNTIFS('세부(구축)'!$B:$B,'집계(구축)'!$B53,'세부(구축)'!$C:$C,'집계(구축)'!P$15) -> 0 | Q53: =COUNTIFS('세부(구축)'!$B:$B,'집계(구축)'!$B53,'세부(구축)'!$C:$C,'집계(구축)'!Q$15) -> 0 | ... T53: =COUNTIFS('세부(구축)'!$B:$B,'집계(구축)'!$B53,'세부(구축)'!$C:$C,'집계(구축)'!T$15) -> 0
A54: =A53+1 -> 12 | B54: 탄소중립형 스마트공장 | C54: =SUM(D54:E54) -> 0 | D54: =COUNTIFS('세부(구축)'!C:C,'집계(구축)'!B54,'세부(구축)'!G:G,"완료")+H54 -> 0 | E54: =SUM(COUNTIFS('세부(구축)'!C:C,'집계(구축)'!B54,'세부(구축)'!G:G,"작성중"),COUNTIFS('세부(구축)'!C:C,'집계(구축)'!B54,'세부(구축)'!G:G,"접수대기")) -> 0 | F54: =COUNTIFS('세부(구축)'!J:J,"발행",'세부(구축)'!$C:$C,'집계(구축)'!$B54) -> 0 | G54: =COUNTIFS('세부(구축)'!K:K,"수령",'세부(구축)'!$C:$C,'집계(구축)'!$B54) -> 0 | H54: =COUNTIFS('세부(구축)'!$C:$C,'집계(구축)'!B54,'세부(구축)'!$G:$G,"취소") -> 0 | I54: =COUNTIFS('세부(구축)'!B:B,'집계(구축)'!B54,'세부(구축)'!C:C,'집계(구축)'!$I$15) -> 0 | J54: =COUNTIFS('세부(구축)'!$B:$B,'집계(구축)'!$B54,'세부(구축)'!$C:$C,'집계(구축)'!J$15) -> 0 | K54: =COUNTIFS('세부(구축)'!$B:$B,'집계(구축)'!$B54,'세부(구축)'!$C:$C,'집계(구축)'!K$15) -> 0 | L54: =COUNTIFS('세부(구축)'!$B:$B,'집계(구축)'!$B54,'세부(구축)'!$C:$C,'집계(구축)'!L$15) -> 0 | M54: =COUNTIFS('세부(구축)'!$B:$B,'집계(구축)'!$B54,'세부(구축)'!$C:$C,'집계(구축)'!M$15) -> 0 | N54: =COUNTIFS('세부(구축)'!$B:$B,'집계(구축)'!$B54,'세부(구축)'!$C:$C,'집계(구축)'!N$15) -> 0 | O54: =COUNTIFS('세부(구축)'!$B:$B,'집계(구축)'!$B54,'세부(구축)'!$C:$C,'집계(구축)'!O$15) -> 0 | P54: =COUNTIFS('세부(구축)'!$B:$B,'집계(구축)'!$B54,'세부(구축)'!$C:$C,'집계(구축)'!P$15) -> 0 | Q54: =COUNTIFS('세부(구축)'!$B:$B,'집계(구축)'!$B54,'세부(구축)'!$C:$C,'집계(구축)'!Q$15) -> 0 | ... T54: =COUNTIFS('세부(구축)'!$B:$B,'집계(구축)'!$B54,'세부(구축)'!$C:$C,'집계(구축)'!T$15) -> 0
A55: =A54+1 -> 13 | B55: (상생형)고도화-한국동서발전 | C55: =SUM(D55:E55) -> 0 | D55: =COUNTIFS('세부(구축)'!C:C,'집계(구축)'!B55,'세부(구축)'!G:G,"완료")+H55 -> 0 | E55: =SUM(COUNTIFS('세부(구축)'!C:C,'집계(구축)'!B55,'세부(구축)'!G:G,"작성중"),COUNTIFS('세부(구축)'!C:C,'집계(구축)'!B55,'세부(구축)'!G:G,"접수대기")) -> 0 | F55: =COUNTIFS('세부(구축)'!J:J,"발행",'세부(구축)'!$C:$C,'집계(구축)'!$B55) -> 0 | G55: =COUNTIFS('세부(구축)'!K:K,"수령",'세부(구축)'!$C:$C,'집계(구축)'!$B55) -> 0 | H55: =COUNTIFS('세부(구축)'!$C:$C,'집계(구축)'!B55,'세부(구축)'!$G:$G,"취소") -> 0 | I55: =COUNTIFS('세부(구축)'!B:B,'집계(구축)'!B55,'세부(구축)'!C:C,'집계(구축)'!$I$15) -> 0 | J55: =COUNTIFS('세부(구축)'!$B:$B,'집계(구축)'!$B55,'세부(구축)'!$C:$C,'집계(구축)'!J$15) -> 0 | K55: =COUNTIFS('세부(구축)'!$B:$B,'집계(구축)'!$B55,'세부(구축)'!$C:$C,'집계(구축)'!K$15) -> 0 | L55: =COUNTIFS('세부(구축)'!$B:$B,'집계(구축)'!$B55,'세부(구축)'!$C:$C,'집계(구축)'!L$15) -> 0 | M55: =COUNTIFS('세부(구축)'!$B:$B,'집계(구축)'!$B55,'세부(구축)'!$C:$C,'집계(구축)'!M$15) -> 0 | N55: =COUNTIFS('세부(구축)'!$B:$B,'집계(구축)'!$B55,'세부(구축)'!$C:$C,'집계(구축)'!N$15) -> 0 | O55: =COUNTIFS('세부(구축)'!$B:$B,'집계(구축)'!$B55,'세부(구축)'!$C:$C,'집계(구축)'!O$15) -> 0 | P55: =COUNTIFS('세부(구축)'!$B:$B,'집계(구축)'!$B55,'세부(구축)'!$C:$C,'집계(구축)'!P$15) -> 0 | Q55: =COUNTIFS('세부(구축)'!$B:$B,'집계(구축)'!$B55,'세부(구축)'!$C:$C,'집계(구축)'!Q$15) -> 0 | ... T55: =COUNTIFS('세부(구축)'!$B:$B,'집계(구축)'!$B55,'세부(구축)'!$C:$C,'집계(구축)'!T$15) -> 0
A56: =A55+1 -> 14 | B56: (상생형)고도화-한국가스공사 | C56: =SUM(D56:E56) -> 0 | D56: =COUNTIFS('세부(구축)'!C:C,'집계(구축)'!B56,'세부(구축)'!G:G,"완료")+H56 -> 0 | E56: =SUM(COUNTIFS('세부(구축)'!C:C,'집계(구축)'!B56,'세부(구축)'!G:G,"작성중"),COUNTIFS('세부(구축)'!C:C,'집계(구축)'!B56,'세부(구축)'!G:G,"접수대기")) -> 0 | F56: =COUNTIFS('세부(구축)'!J:J,"발행",'세부(구축)'!$C:$C,'집계(구축)'!$B56) -> 0 | G56: =COUNTIFS('세부(구축)'!K:K,"수령",'세부(구축)'!$C:$C,'집계(구축)'!$B56) -> 0 | H56: =COUNTIFS('세부(구축)'!$C:$C,'집계(구축)'!B56,'세부(구축)'!$G:$G,"취소") -> 0
A57: =A56+1 -> 15 | B57: (기초 및 고도화지원)기술혁신형 시범-중소기업기술혁신협회 | C57: =SUM(D57:E57) -> 0 | D57: =COUNTIFS('세부(구축)'!C:C,'집계(구축)'!B57,'세부(구축)'!G:G,"완료")+H57 -> 0 | E57: =SUM(COUNTIFS('세부(구축)'!C:C,'집계(구축)'!B57,'세부(구축)'!G:G,"작성중"),COUNTIFS('세부(구축)'!C:C,'집계(구축)'!B57,'세부(구축)'!G:G,"접수대기")) -> 0 | F57: =COUNTIFS('세부(구축)'!J:J,"발행",'세부(구축)'!$C:$C,'집계(구축)'!$B57) -> 0 | G57: =COUNTIFS('세부(구축)'!K:K,"수령",'세부(구축)'!$C:$C,'집계(구축)'!$B57) -> 0 | H57: =COUNTIFS('세부(구축)'!$C:$C,'집계(구축)'!B57,'세부(구축)'!$G:$G,"취소") -> 0
A58: =A57+1 -> 16 | B58: (상생형)고도화-한국서부발전 | C58: =SUM(D58:E58) -> 0 | D58: =COUNTIFS('세부(구축)'!C:C,'집계(구축)'!B58,'세부(구축)'!G:G,"완료")+H58 -> 0 | E58: =SUM(COUNTIFS('세부(구축)'!C:C,'집계(구축)'!B58,'세부(구축)'!G:G,"작성중"),COUNTIFS('세부(구축)'!C:C,'집계(구축)'!B58,'세부(구축)'!G:G,"접수대기")) -> 0 | F58: =COUNTIFS('세부(구축)'!J:J,"발행",'세부(구축)'!$C:$C,'집계(구축)'!$B58) -> 0 | G58: =COUNTIFS('세부(구축)'!K:K,"수령",'세부(구축)'!$C:$C,'집계(구축)'!$B58) -> 0 | H58: =COUNTIFS('세부(구축)'!$C:$C,'집계(구축)'!B58,'세부(구축)'!$G:$G,"취소") -> 0
A59: =A58+1 -> 17 | B59: (상생형)고도화-포스코(중기중앙회) | C59: =SUM(D59:E59) -> 0 | D59: =COUNTIFS('세부(구축)'!C:C,'집계(구축)'!B59,'세부(구축)'!G:G,"완료")+H59 -> 0 | E59: =SUM(COUNTIFS('세부(구축)'!C:C,'집계(구축)'!B59,'세부(구축)'!G:G,"작성중"),COUNTIFS('세부(구축)'!C:C,'집계(구축)'!B59,'세부(구축)'!G:G,"접수대기")) -> 0 | F59: =COUNTIFS('세부(구축)'!J:J,"발행",'세부(구축)'!$C:$C,'집계(구축)'!$B59) -> 0 | G59: =COUNTIFS('세부(구축)'!K:K,"수령",'세부(구축)'!$C:$C,'집계(구축)'!$B59) -> 0 | H59: =COUNTIFS('세부(구축)'!$C:$C,'집계(구축)'!B59,'세부(구축)'!$G:$G,"취소") -> 0
A60: =A59+1 -> 18 | B60: (상생형)고도화-포스코(대한상의) | C60: =SUM(D60:E60) -> 0 | D60: =COUNTIFS('세부(구축)'!C:C,'집계(구축)'!B60,'세부(구축)'!G:G,"완료")+H60 -> 0 | E60: =SUM(COUNTIFS('세부(구축)'!C:C,'집계(구축)'!B60,'세부(구축)'!G:G,"작성중"),COUNTIFS('세부(구축)'!C:C,'집계(구축)'!B60,'세부(구축)'!G:G,"접수대기")) -> 0 | F60: =COUNTIFS('세부(구축)'!J:J,"발행",'세부(구축)'!$C:$C,'집계(구축)'!$B60) -> 0 | G60: =COUNTIFS('세부(구축)'!K:K,"수령",'세부(구축)'!$C:$C,'집계(구축)'!$B60) -> 0 | H60: =COUNTIFS('세부(구축)'!$C:$C,'집계(구축)'!B60,'세부(구축)'!$G:$G,"취소") -> 0
A61: =A60+1 -> 19 | B61: (상생형)고도화-한국지역난방공사 | C61: =SUM(D61:E61) -> 0 | D61: =COUNTIFS('세부(구축)'!C:C,'집계(구축)'!B61,'세부(구축)'!G:G,"완료")+H61 -> 0 | E61: =SUM(COUNTIFS('세부(구축)'!C:C,'집계(구축)'!B61,'세부(구축)'!G:G,"작성중"),COUNTIFS('세부(구축)'!C:C,'집계(구축)'!B61,'세부(구축)'!G:G,"접수대기")) -> 0 | F61: =COUNTIFS('세부(구축)'!J:J,"발행",'세부(구축)'!$C:$C,'집계(구축)'!$B61) -> 0 | G61: =COUNTIFS('세부(구축)'!K:K,"수령",'세부(구축)'!$C:$C,'집계(구축)'!$B61) -> 0 | H61: =COUNTIFS('세부(구축)'!$C:$C,'집계(구축)'!B61,'세부(구축)'!$G:$G,"취소") -> 0
A62: =A61+1 -> 20 | B62: 대전 제조AI 융합지원사업 | C62: =SUM(D62:E62) -> 0 | D62: =COUNTIFS('세부(구축)'!C:C,'집계(구축)'!B62,'세부(구축)'!G:G,"완료")+H62 -> 0 | E62: =SUM(COUNTIFS('세부(구축)'!C:C,'집계(구축)'!B62,'세부(구축)'!G:G,"작성중"),COUNTIFS('세부(구축)'!C:C,'집계(구축)'!B62,'세부(구축)'!G:G,"접수대기")) -> 0 | F62: =COUNTIFS('세부(구축)'!J:J,"발행",'세부(구축)'!$C:$C,'집계(구축)'!$B62) -> 0 | G62: =COUNTIFS('세부(구축)'!K:K,"수령",'세부(구축)'!$C:$C,'집계(구축)'!$B62) -> 0 | H62: =COUNTIFS('세부(구축)'!$C:$C,'집계(구축)'!B62,'세부(구축)'!$G:$G,"취소") -> 0
A63: =A62+1 -> 21 | B63: 인천 기초형 스마트공장 구축 지원사업(2025년 1차) | C63: =SUM(D63:E63) -> 0 | D63: =COUNTIFS('세부(구축)'!C:C,'집계(구축)'!B63,'세부(구축)'!G:G,"완료")+H63 -> 0 | E63: =SUM(COUNTIFS('세부(구축)'!C:C,'집계(구축)'!B63,'세부(구축)'!G:G,"작성중"),COUNTIFS('세부(구축)'!C:C,'집계(구축)'!B63,'세부(구축)'!G:G,"접수대기")) -> 0 | F63: =COUNTIFS('세부(구축)'!J:J,"발행",'세부(구축)'!$C:$C,'집계(구축)'!$B63) -> 0 | G63: =COUNTIFS('세부(구축)'!K:K,"수령",'세부(구축)'!$C:$C,'집계(구축)'!$B63) -> 0 | H63: =COUNTIFS('세부(구축)'!$C:$C,'집계(구축)'!B63,'세부(구축)'!$G:$G,"취소") -> 0
A64: =A63+1 -> 22 | B64: 울산형 스마트공장 구축 지원사업 | C64: =SUM(D64:E64) -> 0 | D64: =COUNTIFS('세부(구축)'!C:C,'집계(구축)'!B64,'세부(구축)'!G:G,"완료")+H64 -> 0 | E64: =SUM(COUNTIFS('세부(구축)'!C:C,'집계(구축)'!B64,'세부(구축)'!G:G,"작성중"),COUNTIFS('세부(구축)'!C:C,'집계(구축)'!B64,'세부(구축)'!G:G,"접수대기")) -> 0 | F64: =COUNTIFS('세부(구축)'!J:J,"발행",'세부(구축)'!$C:$C,'집계(구축)'!$B64) -> 0 | G64: =COUNTIFS('세부(구축)'!K:K,"수령",'세부(구축)'!$C:$C,'집계(구축)'!$B64) -> 0 | H64: =COUNTIFS('세부(구축)'!$C:$C,'집계(구축)'!B64,'세부(구축)'!$G:$G,"취소") -> 0
A65: 합 계 | C65: =SUM(D65:E65) -> 2 | D65: =SUM(D43:D63) -> 0 | E65: =SUM(E43:E63) -> 2 | F65: =SUM(F43:F63) -> 0 | G65: =SUM(G43:G63) -> 0 | H65: =SUM(H43:H63) -> 0 | I65: =SUM(I43:I55) -> 0 | J65: =SUM(J43:J55) -> 0 | K65: =SUM(K43:K55) -> 0 | L65: =SUM(L43:L55) -> 0 | M65: =SUM(M43:M55) -> 0 | N65: =SUM(N43:N55) -> 0 | O65: =SUM(O43:O55) -> 0 | P65: =SUM(P43:P55) -> 0 | ... T65: =SUM(T43:T55) -> 0
A66: ○ 기타사항
A67: 접수대기(신규) → 작성중(진행중) → 기업확인 → 확인완료(기업) or 수정요청(기업) → 검토중(발주기관) → 승인

Sheet 수행
A1: 인원별 수행금액 집계표(완료건에 한함)
A3: 순번 | B3: 성명 | C3: 수행건수(건) | D3: 수행금액(원) | E3: 비고
A4: 1 | B4: 하은정 | C4: =COUNTIFS('세부(구축)'!$G:$G,"완료",'세부(구축)'!$L:$L,수행!B4) -> 0 | D4: =C4*300000 -> 0
A5: 2 | B5: 김기태 | C5: =COUNTIFS('세부(구축)'!$G:$G,"완료",'세부(구축)'!$L:$L,수행!B5) -> 0 | D5: =C5*300000 -> 0
A6: 3 | B6: 지승연 | C6: =COUNTIFS('세부(구축)'!$G:$G,"완료",'세부(구축)'!$L:$L,수행!B6) -> 0 | D6: =C6*300000 -> 0
A7: 4 | B7: 김연아 | C7: =COUNTIFS('세부(구축)'!$G:$G,"완료",'세부(구축)'!$L:$L,수행!B7) -> 0 | D7: =C7*300000 -> 0
A8: 5 | B8: 윤세준 | C8: =COUNTIFS('세부(구축)'!$G:$G,"완료",'세부(구축)'!$L:$L,수행!B8) -> 0 | D8: =C8*300000 -> 0
B9: 합계 | C9: =SUM(C4:C8) -> 0 | D9: =SUM(D4:D8) -> 0
A10: 주) 수행금액 : 건당 30만원(부가세 포함)

Sheet 일별현황(구)
A2: 스마트공장 원가계산 업무 일별 현황
A8: 기준일 : | B8: =TODAY() -> 46189 | T8: ☞ 수행기관 추가 시 가나다순으로 추가하세요
A9: 전담기관 | B9: NO. | C9: 수행기관 (담당기관) | D9: 년도별 누계 | J9: 2025년 누계 | O9: 금일 진행사항 | X9: 2023년 세금계산서 발행건수 | Z9: 2025년 세금계산서 | AD9: 2025년 원가재계산 | AE9: 비고
D10: 2020 | E10: 2021 | F10: 2022 제출누계 | G10: 2022 제출완료누계 | H10: 2023 | I10: 2024 | J10: 누계 | K10: 신규 | L10: 진행중 | M10: 제출 | N10: 취소 | O10: 제출완료 | P10: FP검토 | Q10: 단가검색 | R10: 보고서작성 | T10: 제출누계 | U10: 금일 미제출 | V10: 금일 신규 | W10: 반려 | Z10: 발행건수 | AA10: 발행일자 | AB10: 미발행건수 | AC10: 미발행 사유 및 연락현황 | AF10: 숫자포함여부
A11: 스 마 트 제 조 혁 신 추 진 단 | B11: 1 | C11: 강원 | D11: 65 | E11: 23 | F11: 16 | G11: 14 | I11: 4 | J11: =COUNTIF('세부(구축)'!$B:$B,'일별현황(구)'!C11) -> 0 | K11: =COUNTIFS('세부(구축)'!$B:$B,'일별현황(구)'!C11,'세부(구축)'!$H:$H,TODAY()) -> 0 | L11: =COUNTIFS('세부(구축)'!$B:$B,B56,'세부(구축)'!$G:$G,"미완료") -> 0 | M11: =COUNTIFS('세부(구축)'!$B:$B,'일별현황(구)'!$C11,'세부(구축)'!$G:$G,"완료") -> 0 | N11: =COUNTIFS('세부(구축)'!$B:$B,'일별현황(구)'!$C11,'세부(구축)'!$G:$G,"취소") -> 0 | O11: =COUNTIFS('세부(구축)'!$I:$I,$B$8,'세부(구축)'!$B:$B,$C11) -> 0 | P11: =COUNTIFS([1]상세자료!$C$1:$C$3805,'일별현황(구)'!$C11,[1]상세자료!$K$1:$K$3805,"="&$C$8) -> #VALUE! | Q11: =COUNTIFS([1]상세자료!$C$1:$C$3805,'일별현황(구)'!$C11,[1]상세자료!$Q$1:$Q$3805,"="&$C$8) -> #VALUE! | R11: =COUNTIFS([1]상세자료!$C$1:$C$3805,'일별현황(구)'!$C11,[1]상세자료!$S$1:$S$3805,"="&$C$8) -> #VALUE! | S11: =COUNTIFS([1]상세자료!$C$1:$C$3805,'일별현황(구)'!$C11,[1]상세자료!$T$1:$T$3805,"="&$C$8) -> #VALUE! | T11: =M11+S11 -> #VALUE! | V11: =COUNTIFS([1]상세자료!$C$4:$C$973,'일별현황(구)'!$C11,[1]상세자료!$H$4:$H$973,"미제출") -> #VALUE! | W11: =COUNTIFS('세부(구축)'!$B:$B,'일별현황(구)'!$C11,'세부(구축)'!$G:$G,"반려") -> 0 | Z11: =COUNTIFS('세부(구축)'!$B:$B,'일별현황(구)'!$C11,'세부(구축)'!$J:$J,"발행") -> 0 | AA11: 45755 | AB11: =J11-Z11 -> 0 | AF11: =IF(OR(AND(ISNUMBER(K11), K11<>0), AND(ISNUMBER(L11), L11<>0), AND(ISNUMBER(O11), O11<>0)), 1, 0) -> 0
B12: 2 | C12: 경기 | D12: 60 | E12: 101 | F12: 21 | G12: 20 | H12: 1 | I12: 44 | J12: =COUNTIF('세부(구축)'!$B:$B,'일별현황(구)'!C12) -> 0 | K12: =COUNTIFS('세부(구축)'!$B:$B,'일별현황(구)'!C12,'세부(구축)'!$H:$H,TODAY()) -> 0 | L12: =COUNTIFS('세부(구축)'!$B:$B,'일별현황(구)'!$C12,'세부(구축)'!$G:$G,"작성중") -> 0 | M12: =COUNTIFS('세부(구축)'!$B:$B,'일별현황(구)'!$C12,'세부(구축)'!$G:$G,"완료") -> 0 | N12: =COUNTIFS('세부(구축)'!$B:$B,'일별현황(구)'!$C12,'세부(구축)'!$G:$G,"취소") -> 0 | O12: =COUNTIFS('세부(구축)'!$I:$I,$B$8,'세부(구축)'!$B:$B,$C12) -> 0 | P12: =COUNTIFS([1]상세자료!$C$1:$C$3805,'일별현황(구)'!$C12,[1]상세자료!$K$1:$K$3805,"="&$C$8) -> #VALUE! | Q12: =COUNTIFS([1]상세자료!$C$1:$C$3805,'일별현황(구)'!$C12,[1]상세자료!$Q$1:$Q$3805,"="&$C$8) -> #VALUE! | R12: =COUNTIFS([1]상세자료!$C$1:$C$3805,'일별현황(구)'!$C12,[1]상세자료!$S$1:$S$3805,"="&$C$8) -> #VALUE! | S12: =COUNTIFS([1]상세자료!$C$1:$C$3805,'일별현황(구)'!$C12,[1]상세자료!$T$1:$T$3805,"="&$C$8) -> #VALUE! | T12: =M12+S12 -> #VALUE! | V12: =COUNTIFS([1]상세자료!$C$4:$C$973,'일별현황(구)'!$C12,[1]상세자료!$H$4:$H$973,"미제출") -> #VALUE! | W12: =COUNTIFS('세부(구축)'!$B:$B,'일별현황(구)'!$C12,'세부(구축)'!$G:$G,"반려") -> 0 | Z12: =COUNTIFS('세부(구축)'!$B:$B,'일별현황(구)'!$C12,'세부(구축)'!$J:$J,"발행") -> 0 | AB12: =J12-Z12 -> 0 | AF12: =IF(OR(AND(ISNUMBER(K12), K12<>0), AND(ISNUMBER(L12), L12<>0), AND(ISNUMBER(O12), O12<>0)), 1, 0) -> 0
B13: 3 | C13: 경기북부 | D13: 129 | E13: 111 | F13: 92 | G13: 84 | H13: 0 | I13: 33 | J13: =COUNTIF('세부(구축)'!$B:$B,'일별현황(구)'!C13) -> 0 | K13: =COUNTIFS('세부(구축)'!$B:$B,'일별현황(구)'!C13,'세부(구축)'!$H:$H,TODAY()) -> 0 | L13: =COUNTIFS('세부(구축)'!$B:$B,'일별현황(구)'!$C13,'세부(구축)'!$G:$G,"작성중") -> 0 | M13: =COUNTIFS('세부(구축)'!$B:$B,'일별현황(구)'!$C13,'세부(구축)'!$G:$G,"완료") -> 0 | N13: =COUNTIFS('세부(구축)'!$B:$B,'일별현황(구)'!$C13,'세부(구축)'!$G:$G,"취소") -> 0 | O13: =COUNTIFS('세부(구축)'!$I:$I,$B$8,'세부(구축)'!$B:$B,$C13) -> 0 | P13: =COUNTIFS([1]상세자료!$C$1:$C$3805,'일별현황(구)'!$C13,[1]상세자료!$K$1:$K$3805,"="&$C$8) -> #VALUE! | Q13: =COUNTIFS([1]상세자료!$C$1:$C$3805,'일별현황(구)'!$C13,[1]상세자료!$Q$1:$Q$3805,"="&$C$8) -> #VALUE! | R13: =COUNTIFS([1]상세자료!$C$1:$C$3805,'일별현황(구)'!$C13,[1]상세자료!$S$1:$S$3805,"="&$C$8) -> #VALUE! | S13: =COUNTIFS([1]상세자료!$C$1:$C$3805,'일별현황(구)'!$C13,[1]상세자료!$T$1:$T$3805,"="&$C$8) -> #VALUE! | T13: =M13+S13 -> #VALUE! | V13: =COUNTIFS([1]상세자료!$C$4:$C$973,'일별현황(구)'!$C13,[1]상세자료!$H$4:$H$973,"미제출") -> #VALUE! | W13: =COUNTIFS('세부(구축)'!$B:$B,'일별현황(구)'!$C13,'세부(구축)'!$G:$G,"반려") -> 0 | Z13: =COUNTIFS('세부(구축)'!$B:$B,'일별현황(구)'!$C13,'세부(구축)'!$J:$J,"발행") -> 0 | AB13: =J13-Z13 -> 0 | AF13: =IF(OR(AND(ISNUMBER(K13), K13<>0), AND(ISNUMBER(L13), L13<>0), AND(ISNUMBER(O13), O13<>0)), 1, 0) -> 0
B14: 4 | C14: 경기대진 | F14: 0 | H14: 0 | I14: 0 | J14: =COUNTIF('세부(구축)'!$B:$B,'일별현황(구)'!C14) -> 13 | K14: =COUNTIFS('세부(구축)'!$B:$B,'일별현황(구)'!C14,'세부(구축)'!$H:$H,TODAY()) -> 0 | L14: =COUNTIFS('세부(구축)'!$B:$B,'일별현황(구)'!$C14,'세부(구축)'!$G:$G,"작성중") -> 1 | M14: =COUNTIFS('세부(구축)'!$B:$B,'일별현황(구)'!$C14,'세부(구축)'!$G:$G,"완료") -> 0 | N14: =COUNTIFS('세부(구축)'!$B:$B,'일별현황(구)'!$C14,'세부(구축)'!$G:$G,"취소") -> 0 | O14: =COUNTIFS('세부(구축)'!$I:$I,$B$8,'세부(구축)'!$B:$B,$C14) -> 0 | P14: =COUNTIFS([1]상세자료!$C$1:$C$3805,'일별현황(구)'!$C14,[1]상세자료!$K$1:$K$3805,"="&$C$8) -> #VALUE! | Q14: =COUNTIFS([1]상세자료!$C$1:$C$3805,'일별현황(구)'!$C14,[1]상세자료!$Q$1:$Q$3805,"="&$C$8) -> #VALUE! | R14: =COUNTIFS([1]상세자료!$C$1:$C$3805,'일별현황(구)'!$C14,[1]상세자료!$S$1:$S$3805,"="&$C$8) -> #VALUE! | S14: =COUNTIFS([1]상세자료!$C$1:$C$3805,'일별현황(구)'!$C14,[1]상세자료!$T$1:$T$3805,"="&$C$8) -> #VALUE! | T14: =M14+S14 -> #VALUE! | V14: =COUNTIFS([1]상세자료!$C$4:$C$973,'일별현황(구)'!$C14,[1]상세자료!$H$4:$H$973,"미제출") -> #VALUE! | W14: =COUNTIFS('세부(구축)'!$B:$B,'일별현황(구)'!$C14,'세부(구축)'!$G:$G,"반려") -> 0 | Z14: =COUNTIFS('세부(구축)'!$B:$B,'일별현황(구)'!$C14,'세부(구축)'!$J:$J,"발행") -> 0 | AA14: 45831 | AB14: =J14-Z14 -> 13 | AF14: =IF(OR(AND(ISNUMBER(K14), K14<>0), AND(ISNUMBER(L14), L14<>0), AND(ISNUMBER(O14), O14<>0)), 1, 0) -> 1
B15: 5 | C15: 경남 | D15: 7 | E15: 25 | F15: 0 | H15: 0 | I15: 100 | J15: =COUNTIF('세부(구축)'!$B:$B,'일별현황(구)'!C15) -> 27 | K15: =COUNTIFS('세부(구축)'!$B:$B,'일별현황(구)'!C15,'세부(구축)'!$H:$H,TODAY()) -> 0 | L15: =COUNTIFS('세부(구축)'!$B:$B,'일별현황(구)'!$C15,'세부(구축)'!$G:$G,"작성중") -> 0 | M15: =COUNTIFS('세부(구축)'!$B:$B,'일별현황(구)'!$C15,'세부(구축)'!$G:$G,"완료") -> 0 | N15: =COUNTIFS('세부(구축)'!$B:$B,'일별현황(구)'!$C15,'세부(구축)'!$G:$G,"취소") -> 0 | O15: =COUNTIFS('세부(구축)'!$I:$I,$B$8,'세부(구축)'!$B:$B,$C15) -> 0 | P15: =COUNTIFS([1]상세자료!$C$1:$C$3805,'일별현황(구)'!$C15,[1]상세자료!$K$1:$K$3805,"="&$C$8) -> #VALUE! | Q15: =COUNTIFS([1]상세자료!$C$1:$C$3805,'일별현황(구)'!$C15,[1]상세자료!$Q$1:$Q$3805,"="&$C$8) -> #VALUE! | R15: =COUNTIFS([1]상세자료!$C$1:$C$3805,'일별현황(구)'!$C15,[1]상세자료!$S$1:$S$3805,"="&$C$8) -> #VALUE! | S15: =COUNTIFS([1]상세자료!$C$1:$C$3805,'일별현황(구)'!$C15,[1]상세자료!$T$1:$T$3805,"="&$C$8) -> #VALUE! | T15: =M15+S15 -> #VALUE! | V15: =COUNTIFS([1]상세자료!$C$4:$C$973,'일별현황(구)'!$C15,[1]상세자료!$H$4:$H$973,"미제출") -> #VALUE! | W15: =COUNTIFS('세부(구축)'!$B:$B,'일별현황(구)'!$C15,'세부(구축)'!$G:$G,"반려") -> 0 | Z15: =COUNTIFS('세부(구축)'!$B:$B,'일별현황(구)'!$C15,'세부(구축)'!$J:$J,"발행") -> 0 | AB15: =J15-Z15 -> 27 | AF15: =IF(OR(AND(ISNUMBER(K15), K15<>0), AND(ISNUMBER(L15), L15<>0), AND(ISNUMBER(O15), O15<>0)), 1, 0) -> 0
B16: 6 | C16: 경북 | D16: 28 | E16: 64 | F16: 24 | G16: 23 | H16: 0 | I16: 5 | J16: =COUNTIF('세부(구축)'!$B:$B,'일별현황(구)'!C16) -> 13 | K16: =COUNTIFS('세부(구축)'!$B:$B,'일별현황(구)'!C16,'세부(구축)'!$H:$H,TODAY()) -> 0 | L16: =COUNTIFS('세부(구축)'!$B:$B,'일별현황(구)'!$C16,'세부(구축)'!$G:$G,"작성중") -> 13 | M16: =COUNTIFS('세부(구축)'!$B:$B,'일별현황(구)'!$C16,'세부(구축)'!$G:$G,"완료") -> 0 | N16: =COUNTIFS('세부(구축)'!$B:$B,'일별현황(구)'!$C16,'세부(구축)'!$G:$G,"취소") -> 0 | O16: =COUNTIFS('세부(구축)'!$I:$I,$B$8,'세부(구축)'!$B:$B,$C16) -> 0 | P16: =COUNTIFS([1]상세자료!$C$1:$C$3805,'일별현황(구)'!$C16,[1]상세자료!$K$1:$K$3805,"="&$C$8) -> #VALUE! | Q16: =COUNTIFS([1]상세자료!$C$1:$C$3805,'일별현황(구)'!$C16,[1]상세자료!$Q$1:$Q$3805,"="&$C$8) -> #VALUE! | R16: =COUNTIFS([1]상세자료!$C$1:$C$3805,'일별현황(구)'!$C16,[1]상세자료!$S$1:$S$3805,"="&$C$8) -> #VALUE! | S16: =COUNTIFS([1]상세자료!$C$1:$C$3805,'일별현황(구)'!$C16,[1]상세자료!$T$1:$T$3805,"="&$C$8) -> #VALUE! | T16: =M16+S16 -> #VALUE! | V16: =COUNTIFS([1]상세자료!$C$4:$C$973,'일별현황(구)'!$C16,[1]상세자료!$H$4:$H$973,"미제출") -> #VALUE! | W16: =COUNTIFS('세부(구축)'!$B:$B,'일별현황(구)'!$C16,'세부(구축)'!$G:$G,"반려") -> 0 | Z16: =COUNTIFS('세부(구축)'!$B:$B,'일별현황(구)'!$C16,'세부(구축)'!$J:$J,"발행") -> 0 | AB16: =J16-Z16 -> 13 | AF16: =IF(OR(AND(ISNUMBER(K16), K16<>0), AND(ISNUMBER(L16), L16<>0), AND(ISNUMBER(O16), O16<>0)), 1, 0) -> 1
B17: 7 | C17: 광주 | D17: 20 | E17: 14 | F17: 9 | G17: 9 | H17: 0 | I17: 1 | J17: =COUNTIF('세부(구축)'!$B:$B,'일별현황(구)'!C17) -> 7 | K17: =COUNTIFS('세부(구축)'!$B:$B,'일별현황(구)'!C17,'세부(구축)'!$H:$H,TODAY()) -> 0 | L17: =COUNTIFS('세부(구축)'!$B:$B,'일별현황(구)'!$C17,'세부(구축)'!$G:$G,"작성중") -> 0 | M17: =COUNTIFS('세부(구축)'!$B:$B,'일별현황(구)'!$C17,'세부(구축)'!$G:$G,"완료") -> 0 | N17: =COUNTIFS('세부(구축)'!$B:$B,'일별현황(구)'!$C17,'세부(구축)'!$G:$G,"취소") -> 0 | O17: =COUNTIFS('세부(구축)'!$I:$I,$B$8,'세부(구축)'!$B:$B,$C17) -> 0 | P17: =COUNTIFS([1]상세자료!$C$1:$C$3805,'일별현황(구)'!$C17,[1]상세자료!$K$1:$K$3805,"="&$C$8) -> #VALUE! | Q17: =COUNTIFS([1]상세자료!$C$1:$C$3805,'일별현황(구)'!$C17,[1]상세자료!$Q$1:$Q$3805,"="&$C$8) -> #VALUE! | R17: =COUNTIFS([1]상세자료!$C$1:$C$3805,'일별현황(구)'!$C17,[1]상세자료!$S$1:$S$3805,"="&$C$8) -> #VALUE! | S17: =COUNTIFS([1]상세자료!$C$1:$C$3805,'일별현황(구)'!$C17,[1]상세자료!$T$1:$T$3805,"="&$C$8) -> #VALUE! | T17: =M17+S17 -> #VALUE! | V17: =COUNTIFS([1]상세자료!$C$4:$C$973,'일별현황(구)'!$C17,[1]상세자료!$H$4:$H$973,"미제출") -> #VALUE! | W17: =COUNTIFS('세부(구축)'!$B:$B,'일별현황(구)'!$C17,'세부(구축)'!$G:$G,"반려") -> 0 | Z17: =COUNTIFS('세부(구축)'!$B:$B,'일별현황(구)'!$C17,'세부(구축)'!$J:$J,"발행") -> 0 | AA17: 2025-03-17 2025-04-07 | AB17: =J17-Z17 -> 7 | AF17: =IF(OR(AND(ISNUMBER(K17), K17<>0), AND(ISNUMBER(L17), L17<>0), AND(ISNUMBER(O17), O17<>0)), 1, 0) -> 0
B18: 8 | C18: 대구 | D18: 4 | E18: 57 | F18: 10 | G18: 10 | H18: 0 | I18: 9 | J18: =COUNTIF('세부(구축)'!$B:$B,'일별현황(구)'!C18) -> 0 | K18: =COUNTIFS('세부(구축)'!$B:$B,'일별현황(구)'!C18,'세부(구축)'!$H:$H,TODAY()) -> 0 | L18: =COUNTIFS('세부(구축)'!$B:$B,'일별현황(구)'!$C18,'세부(구축)'!$G:$G,"작성중") -> 0 | M18: =COUNTIFS('세부(구축)'!$B:$B,'일별현황(구)'!$C18,'세부(구축)'!$G:$G,"완료") -> 0 | N18: =COUNTIFS('세부(구축)'!$B:$B,'일별현황(구)'!$C18,'세부(구축)'!$G:$G,"취소") -> 0 | O18: =COUNTIFS('세부(구축)'!$I:$I,$B$8,'세부(구축)'!$B:$B,$C18) -> 0 | P18: =COUNTIFS([1]상세자료!$C$1:$C$3805,'일별현황(구)'!$C18,[1]상세자료!$K$1:$K$3805,"="&$C$8) -> #VALUE! | Q18: =COUNTIFS([1]상세자료!$C$1:$C$3805,'일별현황(구)'!$C18,[1]상세자료!$Q$1:$Q$3805,"="&$C$8) -> #VALUE! | R18: =COUNTIFS([1]상세자료!$C$1:$C$3805,'일별현황(구)'!$C18,[1]상세자료!$S$1:$S$3805,"="&$C$8) -> #VALUE! | S18: =COUNTIFS([1]상세자료!$C$1:$C$3805,'일별현황(구)'!$C18,[1]상세자료!$T$1:$T$3805,"="&$C$8) -> #VALUE! | T18: =M18+S18 -> #VALUE! | V18: =COUNTIFS([1]상세자료!$C$4:$C$973,'일별현황(구)'!$C18,[1]상세자료!$H$4:$H$973,"미제출") -> #VALUE! | W18: =COUNTIFS('세부(구축)'!$B:$B,'일별현황(구)'!$C18,'세부(구축)'!$G:$G,"반려") -> 0 | Z18: =COUNTIFS('세부(구축)'!$B:$B,'일별현황(구)'!$C18,'세부(구축)'!$J:$J,"발행") -> 0 | AB18: =J18-Z18 -> 0 | AF18: =IF(OR(AND(ISNUMBER(K18), K18<>0), AND(ISNUMBER(L18), L18<>0), AND(ISNUMBER(O18), O18<>0)), 1, 0) -> 0
B19: 9 | C19: 대전 | D19: 12 | E19: 10 | F19: 4 | G19: 4 | H19: 0 | I19: 1 | J19: =COUNTIF('세부(구축)'!$B:$B,'일별현황(구)'!C19) -> 0 | K19: =COUNTIFS('세부(구축)'!$B:$B,'일별현황(구)'!C19,'세부(구축)'!$H:$H,TODAY()) -> 0 | L19: =COUNTIFS('세부(구축)'!$B:$B,'일별현황(구)'!$C19,'세부(구축)'!$G:$G,"작성중") -> 0 | M19: =COUNTIFS('세부(구축)'!$B:$B,'일별현황(구)'!$C19,'세부(구축)'!$G:$G,"완료") -> 0 | N19: =COUNTIFS('세부(구축)'!$B:$B,'일별현황(구)'!$C19,'세부(구축)'!$G:$G,"취소") -> 0 | O19: =COUNTIFS('세부(구축)'!$I:$I,$B$8,'세부(구축)'!$B:$B,$C19) -> 0 | P19: =COUNTIFS([1]상세자료!$C$1:$C$3805,'일별현황(구)'!$C19,[1]상세자료!$K$1:$K$3805,"="&$C$8) -> #VALUE! | Q19: =COUNTIFS([1]상세자료!$C$1:$C$3805,'일별현황(구)'!$C19,[1]상세자료!$Q$1:$Q$3805,"="&$C$8) -> #VALUE! | R19: =COUNTIFS([1]상세자료!$C$1:$C$3805,'일별현황(구)'!$C19,[1]상세자료!$S$1:$S$3805,"="&$C$8) -> #VALUE! | S19: =COUNTIFS([1]상세자료!$C$1:$C$3805,'일별현황(구)'!$C19,[1]상세자료!$T$1:$T$3805,"="&$C$8) -> #VALUE! | T19: =M19+S19 -> #VALUE! | V19: =COUNTIFS([1]상세자료!$C$4:$C$973,'일별현황(구)'!$C19,[1]상세자료!$H$4:$H$973,"미제출") -> #VALUE! | W19: =COUNTIFS('세부(구축)'!$B:$B,'일별현황(구)'!$C19,'세부(구축)'!$G:$G,"반려") -> 0 | Z19: =COUNTIFS('세부(구축)'!$B:$B,'일별현황(구)'!$C19,'세부(구축)'!$J:$J,"발행") -> 0 | AB19: =J19-Z19 -> 0 | AF19: =IF(OR(AND(ISNUMBER(K19), K19<>0), AND(ISNUMBER(L19), L19<>0), AND(ISNUMBER(O19), O19<>0)), 1, 0) -> 0
B20: 10 | C20: 부산 | D20: 7 | E20: 40 | F20: 0 | H20: 0 | I20: 8 | J20: =COUNTIF('세부(구축)'!$B:$B,'일별현황(구)'!C20) -> 0 | K20: =COUNTIFS('세부(구축)'!$B:$B,'일별현황(구)'!C20,'세부(구축)'!$H:$H,TODAY()) -> 0 | L20: =COUNTIFS('세부(구축)'!$B:$B,'일별현황(구)'!$C20,'세부(구축)'!$G:$G,"작성중") -> 0 | M20: =COUNTIFS('세부(구축)'!$B:$B,'일별현황(구)'!$C20,'세부(구축)'!$G:$G,"완료") -> 0 | N20: =COUNTIFS('세부(구축)'!$B:$B,'일별현황(구)'!$C20,'세부(구축)'!$G:$G,"취소") -> 0 | O20: =COUNTIFS('세부(구축)'!$I:$I,$B$8,'세부(구축)'!$B:$B,$C20) -> 0 | P20: =COUNTIFS([1]상세자료!$C$1:$C$3805,'일별현황(구)'!$C20,[1]상세자료!$K$1:$K$3805,"="&$C$8) -> #VALUE! | Q20: =COUNTIFS([1]상세자료!$C$1:$C$3805,'일별현황(구)'!$C20,[1]상세자료!$Q$1:$Q$3805,"="&$C$8) -> #VALUE! | R20: =COUNTIFS([1]상세자료!$C$1:$C$3805,'일별현황(구)'!$C20,[1]상세자료!$S$1:$S$3805,"="&$C$8) -> #VALUE! | S20: =COUNTIFS([1]상세자료!$C$1:$C$3805,'일별현황(구)'!$C20,[1]상세자료!$T$1:$T$3805,"="&$C$8) -> #VALUE! | T20: =M20+S20 -> #VALUE! | V20: =COUNTIFS([1]상세자료!$C$4:$C$973,'일별현황(구)'!$C20,[1]상세자료!$H$4:$H$973,"미제출") -> #VALUE! | W20: =COUNTIFS('세부(구축)'!$B:$B,'일별현황(구)'!$C20,'세부(구축)'!$G:$G,"반려") -> 0 | Z20: =COUNTIFS('세부(구축)'!$B:$B,'일별현황(구)'!$C20,'세부(구축)'!$J:$J,"발행") -> 0 | AB20: =J20-Z20 -> 0 | AF20: =IF(OR(AND(ISNUMBER(K20), K20<>0), AND(ISNUMBER(L20), L20<>0), AND(ISNUMBER(O20), O20<>0)), 1, 0) -> 0
B21: 11 | C21: 서울 | D21: 46 | E21: 19 | F21: 10 | G21: 8 | H21: 0 | I21: 1 | J21: =COUNTIF('세부(구축)'!$B:$B,'일별현황(구)'!C21) -> 0 | K21: =COUNTIFS('세부(구축)'!$B:$B,'일별현황(구)'!C21,'세부(구축)'!$H:$H,TODAY()) -> 0 | L21: =COUNTIFS('세부(구축)'!$B:$B,'일별현황(구)'!$C21,'세부(구축)'!$G:$G,"작성중") -> 0 | M21: =COUNTIFS('세부(구축)'!$B:$B,'일별현황(구)'!$C21,'세부(구축)'!$G:$G,"완료") -> 0 | N21: =COUNTIFS('세부(구축)'!$B:$B,'일별현황(구)'!$C21,'세부(구축)'!$G:$G,"취소") -> 0 | O21: =COUNTIFS('세부(구축)'!$I:$I,$B$8,'세부(구축)'!$B:$B,$C21) -> 0 | P21: =COUNTIFS([1]상세자료!$C$1:$C$3805,'일별현황(구)'!$C21,[1]상세자료!$K$1:$K$3805,"="&$C$8) -> #VALUE! | Q21: =COUNTIFS([1]상세자료!$C$1:$C$3805,'일별현황(구)'!$C21,[1]상세자료!$Q$1:$Q$3805,"="&$C$8) -> #VALUE! | R21: =COUNTIFS([1]상세자료!$C$1:$C$3805,'일별현황(구)'!$C21,[1]상세자료!$S$1:$S$3805,"="&$C$8) -> #VALUE! | S21: =COUNTIFS([1]상세자료!$C$1:$C$3805,'일별현황(구)'!$C21,[1]상세자료!$T$1:$T$3805,"="&$C$8) -> #VALUE! | T21: =M21+S21 -> #VALUE! | V21: =COUNTIFS([1]상세자료!$C$4:$C$973,'일별현황(구)'!$C21,[1]상세자료!$H$4:$H$973,"미제출") -> #VALUE! | W21: =COUNTIFS('세부(구축)'!$B:$B,'일별현황(구)'!$C21,'세부(구축)'!$G:$G,"반려") -> 0 | Z21: =COUNTIFS('세부(구축)'!$B:$B,'일별현황(구)'!$C21,'세부(구축)'!$J:$J,"발행") -> 0 | AB21: =J21-Z21 -> 0 | AF21: =IF(OR(AND(ISNUMBER(K21), K21<>0), AND(ISNUMBER(L21), L21<>0), AND(ISNUMBER(O21), O21<>0)), 1, 0) -> 0
B22: 12 | C22: 세종 | D22: 7 | F22: 7 | G22: 6 | H22: 0 | I22: 4 | J22: =COUNTIF('세부(구축)'!$B:$B,'일별현황(구)'!C22) -> 0 | K22: =COUNTIFS('세부(구축)'!$B:$B,'일별현황(구)'!C22,'세부(구축)'!$H:$H,TODAY()) -> 0 | L22: =COUNTIFS('세부(구축)'!$B:$B,'일별현황(구)'!$C22,'세부(구축)'!$G:$G,"작성중") -> 0 | M22: =COUNTIFS('세부(구축)'!$B:$B,'일별현황(구)'!$C22,'세부(구축)'!$G:$G,"완료") -> 0 | N22: =COUNTIFS('세부(구축)'!$B:$B,'일별현황(구)'!$C22,'세부(구축)'!$G:$G,"취소") -> 0 | O22: =COUNTIFS('세부(구축)'!$I:$I,$B$8,'세부(구축)'!$B:$B,$C22) -> 0 | P22: =COUNTIFS([1]상세자료!$C$1:$C$3805,'일별현황(구)'!$C22,[1]상세자료!$K$1:$K$3805,"="&$C$8) -> #VALUE! | Q22: =COUNTIFS([1]상세자료!$C$1:$C$3805,'일별현황(구)'!$C22,[1]상세자료!$Q$1:$Q$3805,"="&$C$8) -> #VALUE! | R22: =COUNTIFS([1]상세자료!$C$1:$C$3805,'일별현황(구)'!$C22,[1]상세자료!$S$1:$S$3805,"="&$C$8) -> #VALUE! | S22: =COUNTIFS([1]상세자료!$C$1:$C$3805,'일별현황(구)'!$C22,[1]상세자료!$T$1:$T$3805,"="&$C$8) -> #VALUE! | T22: =M22+S22 -> #VALUE! | V22: =COUNTIFS([1]상세자료!$C$4:$C$973,'일별현황(구)'!$C22,[1]상세자료!$H$4:$H$973,"미제출") -> #VALUE! | W22: =COUNTIFS('세부(구축)'!$B:$B,'일별현황(구)'!$C22,'세부(구축)'!$G:$G,"반려") -> 0 | Z22: =COUNTIFS('세부(구축)'!$B:$B,'일별현황(구)'!$C22,'세부(구축)'!$J:$J,"발행") -> 0 | AA22: 45791 | AB22: =J22-Z22 -> 0 | AF22: =IF(OR(AND(ISNUMBER(K22), K22<>0), AND(ISNUMBER(L22), L22<>0), AND(ISNUMBER(O22), O22<>0)), 1, 0) -> 0
B23: 13 | C23: 울산 | D23: 37 | E23: 14 | F23: 6 | G23: 6 | H23: 0 | I23: 2 | J23: =COUNTIF('세부(구축)'!$B:$B,'일별현황(구)'!C23) -> 0 | K23: =COUNTIFS('세부(구축)'!$B:$B,'일별현황(구)'!C23,'세부(구축)'!$H:$H,TODAY()) -> 0 | L23: =COUNTIFS('세부(구축)'!$B:$B,'일별현황(구)'!$C23,'세부(구축)'!$G:$G,"작성중") -> 0 | M23: =COUNTIFS('세부(구축)'!$B:$B,'일별현황(구)'!$C23,'세부(구축)'!$G:$G,"완료") -> 0 | N23: =COUNTIFS('세부(구축)'!$B:$B,'일별현황(구)'!$C23,'세부(구축)'!$G:$G,"취소") -> 0 | O23: =COUNTIFS('세부(구축)'!$I:$I,$B$8,'세부(구축)'!$B:$B,$C23) -> 0 | P23: =COUNTIFS([1]상세자료!$C$1:$C$3805,'일별현황(구)'!$C23,[1]상세자료!$K$1:$K$3805,"="&$C$8) -> #VALUE! | Q23: =COUNTIFS([1]상세자료!$C$1:$C$3805,'일별현황(구)'!$C23,[1]상세자료!$Q$1:$Q$3805,"="&$C$8) -> #VALUE! | R23: =COUNTIFS([1]상세자료!$C$1:$C$3805,'일별현황(구)'!$C23,[1]상세자료!$S$1:$S$3805,"="&$C$8) -> #VALUE! | S23: =COUNTIFS([1]상세자료!$C$1:$C$3805,'일별현황(구)'!$C23,[1]상세자료!$T$1:$T$3805,"="&$C$8) -> #VALUE! | T23: =M23+S23 -> #VALUE! | V23: =COUNTIFS([1]상세자료!$C$4:$C$973,'일별현황(구)'!$C23,[1]상세자료!$H$4:$H$973,"미제출") -> #VALUE! | W23: =COUNTIFS('세부(구축)'!$B:$B,'일별현황(구)'!$C23,'세부(구축)'!$G:$G,"반려") -> 0 | Z23: =COUNTIFS('세부(구축)'!$B:$B,'일별현황(구)'!$C23,'세부(구축)'!$J:$J,"발행") -> 0 | AB23: =J23-Z23 -> 0 | AF23: =IF(OR(AND(ISNUMBER(K23), K23<>0), AND(ISNUMBER(L23), L23<>0), AND(ISNUMBER(O23), O23<>0)), 1, 0) -> 0
B24: 14 | C24: 인천 | D24: 85 | E24: 65 | F24: 37 | G24: 23 | H24: 0 | I24: 18 | J24: =COUNTIF('세부(구축)'!$B:$B,'일별현황(구)'!C24) -> 13 | K24: =COUNTIFS('세부(구축)'!$B:$B,'일별현황(구)'!C24,'세부(구축)'!$H:$H,TODAY()) -> 0 | L24: =COUNTIFS('세부(구축)'!$B:$B,'일별현황(구)'!$C24,'세부(구축)'!$G:$G,"작성중") -> 13 | M24: =COUNTIFS('세부(구축)'!$B:$B,'일별현황(구)'!$C24,'세부(구축)'!$G:$G,"완료") -> 0 | N24: =COUNTIFS('세부(구축)'!$B:$B,'일별현황(구)'!$C24,'세부(구축)'!$G:$G,"취소") -> 0 | O24: =COUNTIFS('세부(구축)'!$I:$I,$B$8,'세부(구축)'!$B:$B,$C24) -> 0 | P24: =COUNTIFS([1]상세자료!$C$1:$C$3805,'일별현황(구)'!$C24,[1]상세자료!$K$1:$K$3805,"="&$C$8) -> #VALUE! | Q24: =COUNTIFS([1]상세자료!$C$1:$C$3805,'일별현황(구)'!$C24,[1]상세자료!$Q$1:$Q$3805,"="&$C$8) -> #VALUE! | R24: =COUNTIFS([1]상세자료!$C$1:$C$3805,'일별현황(구)'!$C24,[1]상세자료!$S$1:$S$3805,"="&$C$8) -> #VALUE! | S24: =COUNTIFS([1]상세자료!$C$1:$C$3805,'일별현황(구)'!$C24,[1]상세자료!$T$1:$T$3805,"="&$C$8) -> #VALUE! | T24: =M24+S24 -> #VALUE! | V24: =COUNTIFS([1]상세자료!$C$4:$C$973,'일별현황(구)'!$C24,[1]상세자료!$H$4:$H$973,"미제출") -> #VALUE! | W24: =COUNTIFS('세부(구축)'!$B:$B,'일별현황(구)'!$C24,'세부(구축)'!$G:$G,"반려") -> 0 | Z24: =COUNTIFS('세부(구축)'!$B:$B,'일별현황(구)'!$C24,'세부(구축)'!$J:$J,"발행") -> 0 | AA24: 2025-03-11(6건) 2025-05-14(15건) | AB24: =J24-Z24 -> 13 | AF24: =IF(OR(AND(ISNUMBER(K24), K24<>0), AND(ISNUMBER(L24), L24<>0), AND(ISNUMBER(O24), O24<>0)), 1, 0) -> 1
B25: 15 | C25: 전남 | D25: 36 | E25: 38 | F25: 16 | G25: 15 | H25: 0 | I25: 7 | J25: =COUNTIF('세부(구축)'!$B:$B,'일별현황(구)'!C25) -> 4 | K25: =COUNTIFS('세부(구축)'!$B:$B,'일별현황(구)'!C25,'세부(구축)'!$H:$H,TODAY()) -> 0 | L25: =COUNTIFS('세부(구축)'!$B:$B,'일별현황(구)'!$C25,'세부(구축)'!$G:$G,"작성중") -> 1 | M25: =COUNTIFS('세부(구축)'!$B:$B,'일별현황(구)'!$C25,'세부(구축)'!$G:$G,"완료") -> 0 | N25: =COUNTIFS('세부(구축)'!$B:$B,'일별현황(구)'!$C25,'세부(구축)'!$G:$G,"취소") -> 0 | O25: =COUNTIFS('세부(구축)'!$I:$I,$B$8,'세부(구축)'!$B:$B,$C25) -> 0 | P25: =COUNTIFS([1]상세자료!$C$1:$C$3805,'일별현황(구)'!$C25,[1]상세자료!$K$1:$K$3805,"="&$C$8) -> #VALUE! | Q25: =COUNTIFS([1]상세자료!$C$1:$C$3805,'일별현황(구)'!$C25,[1]상세자료!$Q$1:$Q$3805,"="&$C$8) -> #VALUE! | R25: =COUNTIFS([1]상세자료!$C$1:$C$3805,'일별현황(구)'!$C25,[1]상세자료!$S$1:$S$3805,"="&$C$8) -> #VALUE! | S25: =COUNTIFS([1]상세자료!$C$1:$C$3805,'일별현황(구)'!$C25,[1]상세자료!$T$1:$T$3805,"="&$C$8) -> #VALUE! | T25: =M25+S25 -> #VALUE! | V25: =COUNTIFS([1]상세자료!$C$4:$C$973,'일별현황(구)'!$C25,[1]상세자료!$H$4:$H$973,"미제출") -> #VALUE! | W25: =COUNTIFS('세부(구축)'!$B:$B,'일별현황(구)'!$C25,'세부(구축)'!$G:$G,"반려") -> 0 | Z25: =COUNTIFS('세부(구축)'!$B:$B,'일별현황(구)'!$C25,'세부(구축)'!$J:$J,"발행") -> 0 | AB25: =J25-Z25 -> 4 | AF25: =IF(OR(AND(ISNUMBER(K25), K25<>0), AND(ISNUMBER(L25), L25<>0), AND(ISNUMBER(O25), O25<>0)), 1, 0) -> 1
B26: 16 | C26: 전북 | D26: 24 | E26: 14 | F26: 22 | G26: 19 | H26: 0 | I26: 19 | J26: =COUNTIF('세부(구축)'!$B:$B,'일별현황(구)'!C26) -> 4 | K26: =COUNTIFS('세부(구축)'!$B:$B,'일별현황(구)'!C26,'세부(구축)'!$H:$H,TODAY()) -> 0 | L26: =COUNTIFS('세부(구축)'!$B:$B,'일별현황(구)'!$C26,'세부(구축)'!$G:$G,"작성중") -> 0 | M26: =COUNTIFS('세부(구축)'!$B:$B,'일별현황(구)'!$C26,'세부(구축)'!$G:$G,"완료") -> 0 | N26: =COUNTIFS('세부(구축)'!$B:$B,'일별현황(구)'!$C26,'세부(구축)'!$G:$G,"취소") -> 0 | O26: =COUNTIFS('세부(구축)'!$I:$I,$B$8,'세부(구축)'!$B:$B,$C26) -> 0 | P26: =COUNTIFS([1]상세자료!$C$1:$C$3805,'일별현황(구)'!$C26,[1]상세자료!$K$1:$K$3805,"="&$C$8) -> #VALUE! | Q26: =COUNTIFS([1]상세자료!$C$1:$C$3805,'일별현황(구)'!$C26,[1]상세자료!$Q$1:$Q$3805,"="&$C$8) -> #VALUE! | R26: =COUNTIFS([1]상세자료!$C$1:$C$3805,'일별현황(구)'!$C26,[1]상세자료!$S$1:$S$3805,"="&$C$8) -> #VALUE! | S26: =COUNTIFS([1]상세자료!$C$1:$C$3805,'일별현황(구)'!$C26,[1]상세자료!$T$1:$T$3805,"="&$C$8) -> #VALUE! | T26: =M26+S26 -> #VALUE! | V26: =COUNTIFS([1]상세자료!$C$4:$C$973,'일별현황(구)'!$C26,[1]상세자료!$H$4:$H$973,"미제출") -> #VALUE! | W26: =COUNTIFS('세부(구축)'!$B:$B,'일별현황(구)'!$C26,'세부(구축)'!$G:$G,"반려") -> 0 | Z26: =COUNTIFS('세부(구축)'!$B:$B,'일별현황(구)'!$C26,'세부(구축)'!$J:$J,"발행") -> 0 | AA26: 45775 | AB26: =J26-Z26 -> 4 | AF26: =IF(OR(AND(ISNUMBER(K26), K26<>0), AND(ISNUMBER(L26), L26<>0), AND(ISNUMBER(O26), O26<>0)), 1, 0) -> 0
B27: 17 | C27: 제주 | D27: 2 | F27: 11 | G27: 11 | H27: 0 | I27: 1 | J27: =COUNTIF('세부(구축)'!$B:$B,'일별현황(구)'!C27) -> 0 | K27: =COUNTIFS('세부(구축)'!$B:$B,'일별현황(구)'!C27,'세부(구축)'!$H:$H,TODAY()) -> 0 | L27: =COUNTIFS('세부(구축)'!$B:$B,'일별현황(구)'!$C27,'세부(구축)'!$G:$G,"작성중") -> 0 | M27: =COUNTIFS('세부(구축)'!$B:$B,'일별현황(구)'!$C27,'세부(구축)'!$G:$G,"완료") -> 0 | N27: =COUNTIFS('세부(구축)'!$B:$B,'일별현황(구)'!$C27,'세부(구축)'!$G:$G,"취소") -> 0 | O27: =COUNTIFS('세부(구축)'!$I:$I,$B$8,'세부(구축)'!$B:$B,$C27) -> 0 | P27: =COUNTIFS([1]상세자료!$C$1:$C$3805,'일별현황(구)'!$C27,[1]상세자료!$K$1:$K$3805,"="&$C$8) -> #VALUE! | Q27: =COUNTIFS([1]상세자료!$C$1:$C$3805,'일별현황(구)'!$C27,[1]상세자료!$Q$1:$Q$3805,"="&$C$8) -> #VALUE! | R27: =COUNTIFS([1]상세자료!$C$1:$C$3805,'일별현황(구)'!$C27,[1]상세자료!$S$1:$S$3805,"="&$C$8) -> #VALUE! | S27: =COUNTIFS([1]상세자료!$C$1:$C$3805,'일별현황(구)'!$C27,[1]상세자료!$T$1:$T$3805,"="&$C$8) -> #VALUE! | T27: =M27+S27 -> #VALUE! | V27: =COUNTIFS([1]상세자료!$C$4:$C$973,'일별현황(구)'!$C27,[1]상세자료!$H$4:$H$973,"미제출") -> #VALUE! | W27: =COUNTIFS('세부(구축)'!$B:$B,'일별현황(구)'!$C27,'세부(구축)'!$G:$G,"반려") -> 0 | Z27: =COUNTIFS('세부(구축)'!$B:$B,'일별현황(구)'!$C27,'세부(구축)'!$J:$J,"발행") -> 0 | AB27: =J27-Z27 -> 0 | AF27: =IF(OR(AND(ISNUMBER(K27), K27<>0), AND(ISNUMBER(L27), L27<>0), AND(ISNUMBER(O27), O27<>0)), 1, 0) -> 0
B28: 18 | C28: 충남 | D28: 41 | E28: 34 | F28: 13 | G28: 13 | H28: 0 | I28: 15 | J28: =COUNTIF('세부(구축)'!$B:$B,'일별현황(구)'!C28) -> 0 | K28: =COUNTIFS('세부(구축)'!$B:$B,'일별현황(구)'!C28,'세부(구축)'!$H:$H,TODAY()) -> 0 | L28: =COUNTIFS('세부(구축)'!$B:$B,'일별현황(구)'!$C28,'세부(구축)'!$G:$G,"작성중") -> 0 | M28: =COUNTIFS('세부(구축)'!$B:$B,'일별현황(구)'!$C28,'세부(구축)'!$G:$G,"완료") -> 0 | N28: =COUNTIFS('세부(구축)'!$B:$B,'일별현황(구)'!$C28,'세부(구축)'!$G:$G,"취소") -> 0 | O28: =COUNTIFS('세부(구축)'!$I:$I,$B$8,'세부(구축)'!$B:$B,$C28) -> 0 | P28: =COUNTIFS([1]상세자료!$C$1:$C$3805,'일별현황(구)'!$C28,[1]상세자료!$K$1:$K$3805,"="&$C$8) -> #VALUE! | Q28: =COUNTIFS([1]상세자료!$C$1:$C$3805,'일별현황(구)'!$C28,[1]상세자료!$Q$1:$Q$3805,"="&$C$8) -> #VALUE! | R28: =COUNTIFS([1]상세자료!$C$1:$C$3805,'일별현황(구)'!$C28,[1]상세자료!$S$1:$S$3805,"="&$C$8) -> #VALUE! | S28: =COUNTIFS([1]상세자료!$C$1:$C$3805,'일별현황(구)'!$C28,[1]상세자료!$T$1:$T$3805,"="&$C$8) -> #VALUE! | T28: =M28+S28 -> #VALUE! | V28: =COUNTIFS([1]상세자료!$C$4:$C$973,'일별현황(구)'!$C28,[1]상세자료!$H$4:$H$973,"미제출") -> #VALUE! | W28: =COUNTIFS('세부(구축)'!$B:$B,'일별현황(구)'!$C28,'세부(구축)'!$G:$G,"반려") -> 0 | Z28: =COUNTIFS('세부(구축)'!$B:$B,'일별현황(구)'!$C28,'세부(구축)'!$J:$J,"발행") -> 0 | AB28: =J28-Z28 -> 0 | AF28: =IF(OR(AND(ISNUMBER(K28), K28<>0), AND(ISNUMBER(L28), L28<>0), AND(ISNUMBER(O28), O28<>0)), 1, 0) -> 0
B29: 19 | C29: 충북 | D29: 33 | E29: 26 | F29: 14 | G29: 13 | H29: 0 | I29: 16 | J29: =COUNTIF('세부(구축)'!$B:$B,'일별현황(구)'!C29) -> 5 | K29: =COUNTIFS('세부(구축)'!$B:$B,'일별현황(구)'!C29,'세부(구축)'!$H:$H,TODAY()) -> 0 | L29: =COUNTIFS('세부(구축)'!$B:$B,'일별현황(구)'!$C29,'세부(구축)'!$G:$G,"작성중") -> 1 | M29: =COUNTIFS('세부(구축)'!$B:$B,'일별현황(구)'!$C29,'세부(구축)'!$G:$G,"완료") -> 0 | N29: =COUNTIFS('세부(구축)'!$B:$B,'일별현황(구)'!$C29,'세부(구축)'!$G:$G,"취소") -> 0 | O29: =COUNTIFS('세부(구축)'!$I:$I,$B$8,'세부(구축)'!$B:$B,$C29) -> 0 | P29: =COUNTIFS([1]상세자료!$C$1:$C$3805,'일별현황(구)'!$C29,[1]상세자료!$K$1:$K$3805,"="&$C$8) -> #VALUE! | Q29: =COUNTIFS([1]상세자료!$C$1:$C$3805,'일별현황(구)'!$C29,[1]상세자료!$Q$1:$Q$3805,"="&$C$8) -> #VALUE! | R29: =COUNTIFS([1]상세자료!$C$1:$C$3805,'일별현황(구)'!$C29,[1]상세자료!$S$1:$S$3805,"="&$C$8) -> #VALUE! | S29: =COUNTIFS([1]상세자료!$C$1:$C$3805,'일별현황(구)'!$C29,[1]상세자료!$T$1:$T$3805,"="&$C$8) -> #VALUE! | T29: =M29+S29 -> #VALUE! | V29: =COUNTIFS([1]상세자료!$C$4:$C$973,'일별현황(구)'!$C29,[1]상세자료!$H$4:$H$973,"미제출") -> #VALUE! | W29: =COUNTIFS('세부(구축)'!$B:$B,'일별현황(구)'!$C29,'세부(구축)'!$G:$G,"반려") -> 0 | Z29: =COUNTIFS('세부(구축)'!$B:$B,'일별현황(구)'!$C29,'세부(구축)'!$J:$J,"발행") -> 0 | AA29: 45771 | AB29: =J29-Z29 -> 5 | AF29: =IF(OR(AND(ISNUMBER(K29), K29<>0), AND(ISNUMBER(L29), L29<>0), AND(ISNUMBER(O29), O29<>0)), 1, 0) -> 1
B30: 20 | C30: 포항 | D30: 7 | E30: 9 | F30: 0 | H30: 0 | I30: 1 | J30: =COUNTIF('세부(구축)'!$B:$B,'일별현황(구)'!C30) -> 0 | K30: =COUNTIFS('세부(구축)'!$B:$B,'일별현황(구)'!C30,'세부(구축)'!$H:$H,TODAY()) -> 0 | L30: =COUNTIFS('세부(구축)'!$B:$B,'일별현황(구)'!$C30,'세부(구축)'!$G:$G,"작성중") -> 0 | M30: =COUNTIFS('세부(구축)'!$B:$B,'일별현황(구)'!$C30,'세부(구축)'!$G:$G,"완료") -> 0 | N30: =COUNTIFS('세부(구축)'!$B:$B,'일별현황(구)'!$C30,'세부(구축)'!$G:$G,"취소") -> 0 | O30: =COUNTIFS('세부(구축)'!$I:$I,$B$8,'세부(구축)'!$B:$B,$C30) -> 0 | P30: =COUNTIFS([1]상세자료!$C$1:$C$3805,'일별현황(구)'!$C30,[1]상세자료!$K$1:$K$3805,"="&$C$8) -> #VALUE! | Q30: =COUNTIFS([1]상세자료!$C$1:$C$3805,'일별현황(구)'!$C30,[1]상세자료!$Q$1:$Q$3805,"="&$C$8) -> #VALUE! | R30: =COUNTIFS([1]상세자료!$C$1:$C$3805,'일별현황(구)'!$C30,[1]상세자료!$S$1:$S$3805,"="&$C$8) -> #VALUE! | S30: =COUNTIFS([1]상세자료!$C$1:$C$3805,'일별현황(구)'!$C30,[1]상세자료!$T$1:$T$3805,"="&$C$8) -> #VALUE! | T30: =M30+S30 -> #VALUE! | V30: =COUNTIFS([1]상세자료!$C$4:$C$973,'일별현황(구)'!$C30,[1]상세자료!$H$4:$H$973,"미제출") -> #VALUE! | W30: =COUNTIFS('세부(구축)'!$B:$B,'일별현황(구)'!$C30,'세부(구축)'!$G:$G,"반려") -> 0 | Z30: =COUNTIFS('세부(구축)'!$B:$B,'일별현황(구)'!$C30,'세부(구축)'!$J:$J,"발행") -> 0 | AB30: =J30-Z30 -> 0 | AF30: =IF(OR(AND(ISNUMBER(K30), K30<>0), AND(ISNUMBER(L30), L30<>0), AND(ISNUMBER(O30), O30<>0)), 1, 0) -> 0
B31: 21 | C31: (재)한국혁신의약품컨소시엄 | D31: 32 | E31: 17 | F31: 25 | G31: 25 | H31: 0 | I31: 0 | J31: =COUNTIF('세부(구축)'!$B:$B,'일별현황(구)'!C31) -> 0 | K31: =COUNTIFS('세부(구축)'!$B:$B,'일별현황(구)'!C31,'세부(구축)'!$H:$H,TODAY()) -> 0 | L31: =COUNTIFS('세부(구축)'!$B:$B,'일별현황(구)'!$C31,'세부(구축)'!$G:$G,"작성중") -> 0 | M31: =COUNTIFS('세부(구축)'!$B:$B,'일별현황(구)'!$C31,'세부(구축)'!$G:$G,"완료") -> 0 | N31: =COUNTIFS('세부(구축)'!$B:$B,'일별현황(구)'!$C31,'세부(구축)'!$G:$G,"취소") -> 0 | O31: =COUNTIFS('세부(구축)'!$I:$I,$B$8,'세부(구축)'!$B:$B,$C31) -> 0 | P31: =COUNTIFS([1]상세자료!$C$1:$C$3805,'일별현황(구)'!$C31,[1]상세자료!$K$1:$K$3805,"="&$C$8) -> #VALUE! | Q31: =COUNTIFS([1]상세자료!$C$1:$C$3805,'일별현황(구)'!$C31,[1]상세자료!$Q$1:$Q$3805,"="&$C$8) -> #VALUE! | R31: =COUNTIFS([1]상세자료!$C$1:$C$3805,'일별현황(구)'!$C31,[1]상세자료!$S$1:$S$3805,"="&$C$8) -> #VALUE! | S31: =COUNTIFS([1]상세자료!$C$1:$C$3805,'일별현황(구)'!$C31,[1]상세자료!$T$1:$T$3805,"="&$C$8) -> #VALUE! | T31: =M31+S31 -> #VALUE! | V31: =COUNTIFS([1]상세자료!$C$4:$C$973,'일별현황(구)'!$C31,[1]상세자료!$H$4:$H$973,"미제출") -> #VALUE! | W31: =COUNTIFS('세부(구축)'!$B:$B,'일별현황(구)'!$C31,'세부(구축)'!$G:$G,"반려") -> 0 | Z31: =COUNTIFS('세부(구축)'!$B:$B,'일별현황(구)'!$C31,'세부(구축)'!$J:$J,"발행") -> 0 | AB31: =J31-Z31 -> 0 | AF31: =IF(OR(AND(ISNUMBER(K31), K31<>0), AND(ISNUMBER(L31), L31<>0), AND(ISNUMBER(O31), O31<>0)), 1, 0) -> 0
B32: 22 | C32: 대구경북금형공업협동조합 | D32: 25 | E32: 14 | F32: 0 | H32: 0 | I32: 0 | J32: =COUNTIF('세부(구축)'!$B:$B,'일별현황(구)'!C32) -> 0 | K32: =COUNTIFS('세부(구축)'!$B:$B,'일별현황(구)'!C32,'세부(구축)'!$H:$H,TODAY()) -> 0 | L32: =COUNTIFS('세부(구축)'!$B:$B,'일별현황(구)'!$C32,'세부(구축)'!$G:$G,"작성중") -> 0 | M32: =COUNTIFS('세부(구축)'!$B:$B,'일별현황(구)'!$C32,'세부(구축)'!$G:$G,"완료") -> 0 | N32: =COUNTIFS('세부(구축)'!$B:$B,'일별현황(구)'!$C32,'세부(구축)'!$G:$G,"취소") -> 0 | O32: =COUNTIFS('세부(구축)'!$I:$I,$B$8,'세부(구축)'!$B:$B,$C32) -> 0 | P32: =COUNTIFS([1]상세자료!$C$1:$C$3805,'일별현황(구)'!$C32,[1]상세자료!$K$1:$K$3805,"="&$C$8) -> #VALUE! | Q32: =COUNTIFS([1]상세자료!$C$1:$C$3805,'일별현황(구)'!$C32,[1]상세자료!$Q$1:$Q$3805,"="&$C$8) -> #VALUE! | R32: =COUNTIFS([1]상세자료!$C$1:$C$3805,'일별현황(구)'!$C32,[1]상세자료!$S$1:$S$3805,"="&$C$8) -> #VALUE! | S32: =COUNTIFS([1]상세자료!$C$1:$C$3805,'일별현황(구)'!$C32,[1]상세자료!$T$1:$T$3805,"="&$C$8) -> #VALUE! | T32: =M32+S32 -> #VALUE! | V32: =COUNTIFS([1]상세자료!$C$4:$C$973,'일별현황(구)'!$C32,[1]상세자료!$H$4:$H$973,"미제출") -> #VALUE! | W32: =COUNTIFS('세부(구축)'!$B:$B,'일별현황(구)'!$C32,'세부(구축)'!$G:$G,"반려") -> 0 | Z32: =COUNTIFS('세부(구축)'!$B:$B,'일별현황(구)'!$C32,'세부(구축)'!$J:$J,"발행") -> 0 | AB32: =J32-Z32 -> 0 | AF32: =IF(OR(AND(ISNUMBER(K32), K32<>0), AND(ISNUMBER(L32), L32<>0), AND(ISNUMBER(O32), O32<>0)), 1, 0) -> 0
B33: 23 | C33: 대중소기업농어업협력재단 | F33: 0 | H33: 0 | I33: 0 | J33: =COUNTIF('세부(구축)'!$B:$B,'일별현황(구)'!C33) -> 0 | K33: =COUNTIFS('세부(구축)'!$B:$B,'일별현황(구)'!C33,'세부(구축)'!$H:$H,TODAY()) -> 0 | L33: =COUNTIFS('세부(구축)'!$B:$B,'일별현황(구)'!$C33,'세부(구축)'!$G:$G,"작성중") -> 0 | M33: =COUNTIFS('세부(구축)'!$B:$B,'일별현황(구)'!$C33,'세부(구축)'!$G:$G,"완료") -> 0 | N33: =COUNTIFS('세부(구축)'!$B:$B,'일별현황(구)'!$C33,'세부(구축)'!$G:$G,"취소") -> 0 | O33: =COUNTIFS('세부(구축)'!$I:$I,$B$8,'세부(구축)'!$B:$B,$C33) -> 0 | P33: =COUNTIFS([1]상세자료!$C$1:$C$3805,'일별현황(구)'!$C33,[1]상세자료!$K$1:$K$3805,"="&$C$8) -> #VALUE! | Q33: =COUNTIFS([1]상세자료!$C$1:$C$3805,'일별현황(구)'!$C33,[1]상세자료!$Q$1:$Q$3805,"="&$C$8) -> #VALUE! | R33: =COUNTIFS([1]상세자료!$C$1:$C$3805,'일별현황(구)'!$C33,[1]상세자료!$S$1:$S$3805,"="&$C$8) -> #VALUE! | S33: =COUNTIFS([1]상세자료!$C$1:$C$3805,'일별현황(구)'!$C33,[1]상세자료!$T$1:$T$3805,"="&$C$8) -> #VALUE! | T33: =M33+S33 -> #VALUE! | V33: =COUNTIFS([1]상세자료!$C$4:$C$973,'일별현황(구)'!$C33,[1]상세자료!$H$4:$H$973,"미제출") -> #VALUE! | W33: =COUNTIFS('세부(구축)'!$B:$B,'일별현황(구)'!$C33,'세부(구축)'!$G:$G,"반려") -> 0 | Z33: =COUNTIFS('세부(구축)'!$B:$B,'일별현황(구)'!$C33,'세부(구축)'!$J:$J,"발행") -> 0 | AB33: =J33-Z33 -> 0 | AF33: =IF(OR(AND(ISNUMBER(K33), K33<>0), AND(ISNUMBER(L33), L33<>0), AND(ISNUMBER(O33), O33<>0)), 1, 0) -> 0
B34: 24 | C34: 대한상공회의소 | D34: 24 | E34: 8 | F34: 40 | G34: 40 | H34: 12 | I34: 0 | J34: =COUNTIF('세부(구축)'!$B:$B,'일별현황(구)'!C34) -> 13 | K34: =COUNTIFS('세부(구축)'!$B:$B,'일별현황(구)'!C34,'세부(구축)'!$H:$H,TODAY()) -> 0 | L34: =COUNTIFS('세부(구축)'!$B:$B,'일별현황(구)'!$C34,'세부(구축)'!$G:$G,"작성중") -> 0 | M34: =COUNTIFS('세부(구축)'!$B:$B,'일별현황(구)'!$C34,'세부(구축)'!$G:$G,"완료") -> 0 | N34: =COUNTIFS('세부(구축)'!$B:$B,'일별현황(구)'!$C34,'세부(구축)'!$G:$G,"취소") -> 0 | O34: =COUNTIFS('세부(구축)'!$I:$I,$B$8,'세부(구축)'!$B:$B,$C34) -> 0 | P34: =COUNTIFS([1]상세자료!$C$1:$C$3805,'일별현황(구)'!$C34,[1]상세자료!$K$1:$K$3805,"="&$C$8) -> #VALUE! | Q34: =COUNTIFS([1]상세자료!$C$1:$C$3805,'일별현황(구)'!$C34,[1]상세자료!$Q$1:$Q$3805,"="&$C$8) -> #VALUE! | R34: =COUNTIFS([1]상세자료!$C$1:$C$3805,'일별현황(구)'!$C34,[1]상세자료!$S$1:$S$3805,"="&$C$8) -> #VALUE! | S34: =COUNTIFS([1]상세자료!$C$1:$C$3805,'일별현황(구)'!$C34,[1]상세자료!$T$1:$T$3805,"="&$C$8) -> #VALUE! | T34: =M34+S34 -> #VALUE! | V34: =COUNTIFS([1]상세자료!$C$4:$C$973,'일별현황(구)'!$C34,[1]상세자료!$H$4:$H$973,"미제출") -> #VALUE! | W34: =COUNTIFS('세부(구축)'!$B:$B,'일별현황(구)'!$C34,'세부(구축)'!$G:$G,"반려") -> 0 | Z34: =COUNTIFS('세부(구축)'!$B:$B,'일별현황(구)'!$C34,'세부(구축)'!$J:$J,"발행") -> 0 | AB34: =J34-Z34 -> 13 | AF34: =IF(OR(AND(ISNUMBER(K34), K34<>0), AND(ISNUMBER(L34), L34<>0), AND(ISNUMBER(O34), O34<>0)), 1, 0) -> 0
B35: 25 | C35: 자동차부품산업진흥재단 | E35: 58 | F35: 0 | H35: 0 | I35: 0 | J35: =COUNTIF('세부(구축)'!$B:$B,'일별현황(구)'!C35) -> 0 | K35: =COUNTIFS('세부(구축)'!$B:$B,'일별현황(구)'!C35,'세부(구축)'!$H:$H,TODAY()) -> 0 | L35: =COUNTIFS('세부(구축)'!$B:$B,'일별현황(구)'!$C35,'세부(구축)'!$G:$G,"작성중") -> 0 | M35: =COUNTIFS('세부(구축)'!$B:$B,'일별현황(구)'!$C35,'세부(구축)'!$G:$G,"완료") -> 0 | N35: =COUNTIFS('세부(구축)'!$B:$B,'일별현황(구)'!$C35,'세부(구축)'!$G:$G,"취소") -> 0 | O35: =COUNTIFS('세부(구축)'!$I:$I,$B$8,'세부(구축)'!$B:$B,$C35) -> 0 | P35: =COUNTIFS([1]상세자료!$C$1:$C$3805,'일별현황(구)'!$C35,[1]상세자료!$K$1:$K$3805,"="&$C$8) -> #VALUE! | Q35: =COUNTIFS([1]상세자료!$C$1:$C$3805,'일별현황(구)'!$C35,[1]상세자료!$Q$1:$Q$3805,"="&$C$8) -> #VALUE! | R35: =COUNTIFS([1]상세자료!$C$1:$C$3805,'일별현황(구)'!$C35,[1]상세자료!$S$1:$S$3805,"="&$C$8) -> #VALUE! | S35: =COUNTIFS([1]상세자료!$C$1:$C$3805,'일별현황(구)'!$C35,[1]상세자료!$T$1:$T$3805,"="&$C$8) -> #VALUE! | T35: =M35+S35 -> #VALUE! | V35: =COUNTIFS([1]상세자료!$C$4:$C$973,'일별현황(구)'!$C35,[1]상세자료!$H$4:$H$973,"미제출") -> #VALUE! | W35: =COUNTIFS('세부(구축)'!$B:$B,'일별현황(구)'!$C35,'세부(구축)'!$G:$G,"반려") -> 0 | Z35: =COUNTIFS('세부(구축)'!$B:$B,'일별현황(구)'!$C35,'세부(구축)'!$J:$J,"발행") -> 0 | AB35: =J35-Z35 -> 0 | AF35: =IF(OR(AND(ISNUMBER(K35), K35<>0), AND(ISNUMBER(L35), L35<>0), AND(ISNUMBER(O35), O35<>0)), 1, 0) -> 0
B36: 26 | C36: 중소기업기술혁신협회 | D36: 10 | E36: 2 | F36: 17 | G36: 17 | H36: 0 | I36: 0 | J36: =COUNTIF('세부(구축)'!$B:$B,'일별현황(구)'!C36) -> 0 | M36: =COUNTIFS('세부(구축)'!$B:$B,'일별현황(구)'!$C36,'세부(구축)'!$G:$G,"완료") -> 0 | N36: =COUNTIFS('세부(구축)'!$B:$B,'일별현황(구)'!$C36,'세부(구축)'!$G:$G,"취소") -> 0 | P36: =COUNTIFS([1]상세자료!$C$1:$C$3805,'일별현황(구)'!$C36,[1]상세자료!$K$1:$K$3805,"="&$C$8) -> #VALUE! | Q36: =COUNTIFS([1]상세자료!$C$1:$C$3805,'일별현황(구)'!$C36,[1]상세자료!$Q$1:$Q$3805,"="&$C$8) -> #VALUE! | R36: =COUNTIFS([1]상세자료!$C$1:$C$3805,'일별현황(구)'!$C36,[1]상세자료!$S$1:$S$3805,"="&$C$8) -> #VALUE! | S36: =COUNTIFS([1]상세자료!$C$1:$C$3805,'일별현황(구)'!$C36,[1]상세자료!$T$1:$T$3805,"="&$C$8) -> #VALUE! | T36: =M36+S36 -> #VALUE! | V36: =COUNTIFS([1]상세자료!$C$4:$C$973,'일별현황(구)'!$C36,[1]상세자료!$H$4:$H$973,"미제출") -> #VALUE! | W36: =COUNTIFS('세부(구축)'!$B:$B,'일별현황(구)'!$C36,'세부(구축)'!$G:$G,"반려") -> 0 | Z36: =COUNTIFS('세부(구축)'!$B:$B,'일별현황(구)'!$C36,'세부(구축)'!$J:$J,"발행") -> 0 | AB36: =J36-Z36 -> 0 | AF36: =IF(OR(AND(ISNUMBER(K36), K36<>0), AND(ISNUMBER(L36), L36<>0), AND(ISNUMBER(O36), O36<>0)), 1, 0) -> 0
B37: 27 | C37: 중소기업중앙회 | D37: 87 | E37: 62 | F37: 45 | G37: 45 | H37: 29 | I37: 0 | J37: =COUNTIF('세부(구축)'!$B:$B,'일별현황(구)'!C37) -> 0 | K37: =COUNTIFS('세부(구축)'!$B:$B,'일별현황(구)'!C37,'세부(구축)'!$H:$H,TODAY()) -> 0 | L37: =COUNTIFS('세부(구축)'!$B:$B,'일별현황(구)'!$C37,'세부(구축)'!$G:$G,"작성중") -> 0 | M37: =COUNTIFS('세부(구축)'!$B:$B,'일별현황(구)'!$C37,'세부(구축)'!$G:$G,"완료") -> 0 | N37: =COUNTIFS('세부(구축)'!$B:$B,'일별현황(구)'!$C37,'세부(구축)'!$G:$G,"취소") -> 0 | P37: =COUNTIFS([1]상세자료!$C$1:$C$3805,'일별현황(구)'!$C37,[1]상세자료!$K$1:$K$3805,"="&$C$8) -> #VALUE! | Q37: =COUNTIFS([1]상세자료!$C$1:$C$3805,'일별현황(구)'!$C37,[1]상세자료!$Q$1:$Q$3805,"="&$C$8) -> #VALUE! | R37: =COUNTIFS([1]상세자료!$C$1:$C$3805,'일별현황(구)'!$C37,[1]상세자료!$S$1:$S$3805,"="&$C$8) -> #VALUE! | S37: =COUNTIFS([1]상세자료!$C$1:$C$3805,'일별현황(구)'!$C37,[1]상세자료!$T$1:$T$3805,"="&$C$8) -> #VALUE! | T37: =M37+S37 -> #VALUE! | V37: =COUNTIFS([1]상세자료!$C$4:$C$973,'일별현황(구)'!$C37,[1]상세자료!$H$4:$H$973,"미제출") -> #VALUE! | W37: =COUNTIFS('세부(구축)'!$B:$B,'일별현황(구)'!$C37,'세부(구축)'!$G:$G,"반려") -> 0 | Z37: =COUNTIFS('세부(구축)'!$B:$B,'일별현황(구)'!$C37,'세부(구축)'!$J:$J,"발행") -> 0 | AB37: =J37-Z37 -> 0 | AF37: =IF(OR(AND(ISNUMBER(K37), K37<>0), AND(ISNUMBER(L37), L37<>0), AND(ISNUMBER(O37), O37<>0)), 1, 0) -> 0
B38: 28 | C38: 중소기업중앙회-원가감리 | F38: 0 | H38: 0 | I38: 0 | J38: =COUNTIF('세부(구축)'!$B:$B,'일별현황(구)'!C38) -> 0 | K38: =COUNTIFS('세부(구축)'!$B:$B,'일별현황(구)'!C38,'세부(구축)'!$H:$H,TODAY()) -> 0 | L38: =COUNTIFS('세부(구축)'!$B:$B,'일별현황(구)'!$C38,'세부(구축)'!$G:$G,"작성중") -> 0 | M38: =COUNTIFS('세부(구축)'!$B:$B,'일별현황(구)'!$C38,'세부(구축)'!$G:$G,"완료") -> 0 | N38: =COUNTIFS('세부(구축)'!$B:$B,'일별현황(구)'!$C38,'세부(구축)'!$G:$G,"취소") -> 0 | O38: =COUNTIFS('세부(구축)'!$I:$I,$B$8,'세부(구축)'!$B:$B,$C38) -> 0 | P38: =COUNTIFS([1]상세자료!$C$1:$C$3805,'일별현황(구)'!$C38,[1]상세자료!$K$1:$K$3805,"="&$C$8) -> #VALUE! | Q38: =COUNTIFS([1]상세자료!$C$1:$C$3805,'일별현황(구)'!$C38,[1]상세자료!$Q$1:$Q$3805,"="&$C$8) -> #VALUE! | R38: =COUNTIFS([1]상세자료!$C$1:$C$3805,'일별현황(구)'!$C38,[1]상세자료!$S$1:$S$3805,"="&$C$8) -> #VALUE! | S38: =COUNTIFS([1]상세자료!$C$1:$C$3805,'일별현황(구)'!$C38,[1]상세자료!$T$1:$T$3805,"="&$C$8) -> #VALUE! | T38: =M38+S38 -> #VALUE! | V38: =COUNTIFS([1]상세자료!$C$4:$C$973,'일별현황(구)'!$C38,[1]상세자료!$H$4:$H$973,"미제출") -> #VALUE! | W38: =COUNTIFS('세부(구축)'!$B:$B,'일별현황(구)'!$C38,'세부(구축)'!$G:$G,"반려") -> 0 | Z38: =COUNTIFS('세부(구축)'!$B:$B,'일별현황(구)'!$C38,'세부(구축)'!$J:$J,"발행") -> 0 | AB38: =J38-Z38 -> 0 | AF38: =IF(OR(AND(ISNUMBER(K38), K38<>0), AND(ISNUMBER(L38), L38<>0), AND(ISNUMBER(O38), O38<>0)), 1, 0) -> 0
B39: 29 | C39: 중소벤처기업진흥공단 | E39: 23 | F39: 34 | G39: 33 | H39: 16 | I39: 0 | J39: =COUNTIF('세부(구축)'!$B:$B,'일별현황(구)'!C39) -> 0 | K39: =COUNTIFS('세부(구축)'!$B:$B,'일별현황(구)'!C39,'세부(구축)'!$H:$H,TODAY()) -> 0 | L39: =COUNTIFS('세부(구축)'!$B:$B,'일별현황(구)'!$C39,'세부(구축)'!$G:$G,"작성중") -> 0 | M39: =COUNTIFS('세부(구축)'!$B:$B,'일별현황(구)'!$C39,'세부(구축)'!$G:$G,"완료") -> 0 | N39: =COUNTIFS('세부(구축)'!$B:$B,'일별현황(구)'!$C39,'세부(구축)'!$G:$G,"취소") -> 0 | O39: =COUNTIFS('세부(구축)'!$I:$I,$B$8,'세부(구축)'!$B:$B,$C39) -> 0 | V39: =COUNTIFS([1]상세자료!$C$4:$C$973,'일별현황(구)'!$C39,[1]상세자료!$H$4:$H$973,"미제출") -> #VALUE! | W39: =COUNTIFS('세부(구축)'!$B:$B,'일별현황(구)'!$C39,'세부(구축)'!$G:$G,"반려") -> 0 | X39: 16 | Y39: 2023-10-20 16건 '중소기업기술정보진흥원'으로 발행 | Z39: =COUNTIFS('세부(구축)'!$B:$B,'일별현황(구)'!$C39,'세부(구축)'!$J:$J,"발행") -> 0 | AB39: =J39-Z39 -> 0 | AF39: =IF(OR(AND(ISNUMBER(K39), K39<>0), AND(ISNUMBER(L39), L39<>0), AND(ISNUMBER(O39), O39<>0)), 1, 0) -> 0
B40: 30 | C40: 한국생산기술연구원 | D40: 104 | E40: 11 | F40: 0 | H40: 0 | I40: 0 | J40: =COUNTIF('세부(구축)'!$B:$B,'일별현황(구)'!C40) -> 0 | K40: =COUNTIFS('세부(구축)'!$B:$B,'일별현황(구)'!C40,'세부(구축)'!$H:$H,TODAY()) -> 0 | L40: =COUNTIFS('세부(구축)'!$B:$B,'일별현황(구)'!$C40,'세부(구축)'!$G:$G,"작성중") -> 0 | M40: =COUNTIFS('세부(구축)'!$B:$B,'일별현황(구)'!$C40,'세부(구축)'!$G:$G,"완료") -> 0 | N40: =COUNTIFS('세부(구축)'!$B:$B,'일별현황(구)'!$C40,'세부(구축)'!$G:$G,"취소") -> 0 | O40: =COUNTIFS('세부(구축)'!$I:$I,$B$8,'세부(구축)'!$B:$B,$C40) -> 0 | P40: =COUNTIFS([1]상세자료!$C$1:$C$3805,'일별현황(구)'!$C40,[1]상세자료!$K$1:$K$3805,"="&$C$8) -> #VALUE! | Q40: =COUNTIFS([1]상세자료!$C$1:$C$3805,'일별현황(구)'!$C40,[1]상세자료!$Q$1:$Q$3805,"="&$C$8) -> #VALUE! | R40: =COUNTIFS([1]상세자료!$C$1:$C$3805,'일별현황(구)'!$C40,[1]상세자료!$S$1:$S$3805,"="&$C$8) -> #VALUE! | S40: =COUNTIFS([1]상세자료!$C$1:$C$3805,'일별현황(구)'!$C40,[1]상세자료!$T$1:$T$3805,"="&$C$8) -> #VALUE! | T40: =M40+S40 -> #VALUE! | V40: =COUNTIFS([1]상세자료!$C$4:$C$973,'일별현황(구)'!$C40,[1]상세자료!$H$4:$H$973,"미제출") -> #VALUE! | W40: =COUNTIFS('세부(구축)'!$B:$B,'일별현황(구)'!$C40,'세부(구축)'!$G:$G,"반려") -> 0 | Z40: =COUNTIFS('세부(구축)'!$B:$B,'일별현황(구)'!$C40,'세부(구축)'!$J:$J,"발행") -> 0 | AB40: =J40-Z40 -> 0 | AF40: =IF(OR(AND(ISNUMBER(K40), K40<>0), AND(ISNUMBER(L40), L40<>0), AND(ISNUMBER(O40), O40<>0)), 1, 0) -> 0
B41: 31 | C41: 한국생산성본부 | E41: 6 | F41: 51 | G41: 45 | H41: 18 | I41: 0 | J41: =COUNTIF('세부(구축)'!$B:$B,'일별현황(구)'!C41) -> 0 | K41: =COUNTIFS('세부(구축)'!$B:$B,'일별현황(구)'!C41,'세부(구축)'!$H:$H,TODAY()) -> 0 | L41: =COUNTIFS('세부(구축)'!$B:$B,'일별현황(구)'!$C41,'세부(구축)'!$G:$G,"작성중") -> 0 | M41: =COUNTIFS('세부(구축)'!$B:$B,'일별현황(구)'!$C41,'세부(구축)'!$G:$G,"완료") -> 0 | N41: =COUNTIFS('세부(구축)'!$B:$B,'일별현황(구)'!$C41,'세부(구축)'!$G:$G,"취소") -> 0 | O41: =COUNTIFS('세부(구축)'!$I:$I,$B$8,'세부(구축)'!$B:$B,$C41) -> 0 | P41: =COUNTIFS([1]상세자료!$C$1:$C$3805,'일별현황(구)'!$C41,[1]상세자료!$K$1:$K$3805,"="&$C$8) -> #VALUE! | Q41: =COUNTIFS([1]상세자료!$C$1:$C$3805,'일별현황(구)'!$C41,[1]상세자료!$Q$1:$Q$3805,"="&$C$8) -> #VALUE! | R41: =COUNTIFS([1]상세자료!$C$1:$C$3805,'일별현황(구)'!$C41,[1]상세자료!$S$1:$S$3805,"="&$C$8) -> #VALUE! | S41: =COUNTIFS([1]상세자료!$C$1:$C$3805,'일별현황(구)'!$C41,[1]상세자료!$T$1:$T$3805,"="&$C$8) -> #VALUE! | T41: =M41+S41 -> #VALUE! | V41: =COUNTIFS([1]상세자료!$C$4:$C$973,'일별현황(구)'!$C41,[1]상세자료!$H$4:$H$973,"미제출") -> #VALUE! | W41: =COUNTIFS('세부(구축)'!$B:$B,'일별현황(구)'!$C41,'세부(구축)'!$G:$G,"반려") -> 0 | X41: 18 | Y41: 2023-12-08 18건 | Z41: =COUNTIFS('세부(구축)'!$B:$B,'일별현황(구)'!$C41,'세부(구축)'!$J:$J,"발행") -> 0 | AB41: =J41-Z41 -> 0 | AF41: =IF(OR(AND(ISNUMBER(K41), K41<>0), AND(ISNUMBER(L41), L41<>0), AND(ISNUMBER(O41), O41<>0)), 1, 0) -> 0
B42: 32 | C42: 한국스마트팩토리데이터협회 | D42: 13 | F42: 0 | H42: 0 | I42: 0 | J42: =COUNTIF('세부(구축)'!$B:$B,'일별현황(구)'!C42) -> 0 | K42: =COUNTIFS('세부(구축)'!$B:$B,'일별현황(구)'!C42,'세부(구축)'!$H:$H,TODAY()) -> 0 | L42: =COUNTIFS('세부(구축)'!$B:$B,'일별현황(구)'!$C42,'세부(구축)'!$G:$G,"작성중") -> 0 | M42: =COUNTIFS('세부(구축)'!$B:$B,'일별현황(구)'!$C42,'세부(구축)'!$G:$G,"완료") -> 0 | N42: =COUNTIFS('세부(구축)'!$B:$B,'일별현황(구)'!$C42,'세부(구축)'!$G:$G,"취소") -> 0 | O42: =COUNTIFS('세부(구축)'!$I:$I,$B$8,'세부(구축)'!$B:$B,$C42) -> 0 | P42: =COUNTIFS([1]상세자료!$C$1:$C$3805,'일별현황(구)'!$C42,[1]상세자료!$K$1:$K$3805,"="&$C$8) -> #VALUE! | Q42: =COUNTIFS([1]상세자료!$C$1:$C$3805,'일별현황(구)'!$C42,[1]상세자료!$Q$1:$Q$3805,"="&$C$8) -> #VALUE! | R42: =COUNTIFS([1]상세자료!$C$1:$C$3805,'일별현황(구)'!$C42,[1]상세자료!$S$1:$S$3805,"="&$C$8) -> #VALUE! | S42: =COUNTIFS([1]상세자료!$C$1:$C$3805,'일별현황(구)'!$C42,[1]상세자료!$T$1:$T$3805,"="&$C$8) -> #VALUE! | T42: =M42+S42 -> #VALUE! | V42: =COUNTIFS([1]상세자료!$C$4:$C$973,'일별현황(구)'!$C42,[1]상세자료!$H$4:$H$973,"미제출") -> #VALUE! | W42: =COUNTIFS('세부(구축)'!$B:$B,'일별현황(구)'!$C42,'세부(구축)'!$G:$G,"반려") -> 0 | Z42: =COUNTIFS('세부(구축)'!$B:$B,'일별현황(구)'!$C42,'세부(구축)'!$J:$J,"발행") -> 0 | AB42: =J42-Z42 -> 0 | AF42: =IF(OR(AND(ISNUMBER(K42), K42<>0), AND(ISNUMBER(L42), L42<>0), AND(ISNUMBER(O42), O42<>0)), 1, 0) -> 0
B43: 33 | C43: 한국섬유산업연합회 | E43: 12 | F43: 23 | G43: 20 | H43: 0 | I43: 0 | J43: =COUNTIF('세부(구축)'!$B:$B,'일별현황(구)'!C43) -> 0 | K43: =COUNTIFS('세부(구축)'!$B:$B,'일별현황(구)'!C43,'세부(구축)'!$H:$H,TODAY()) -> 0 | L43: =COUNTIFS('세부(구축)'!$B:$B,'일별현황(구)'!$C43,'세부(구축)'!$G:$G,"작성중") -> 0 | M43: =COUNTIFS('세부(구축)'!$B:$B,'일별현황(구)'!$C43,'세부(구축)'!$G:$G,"완료") -> 0 | N43: =COUNTIFS('세부(구축)'!$B:$B,'일별현황(구)'!$C43,'세부(구축)'!$G:$G,"취소") -> 0 | O43: =COUNTIFS('세부(구축)'!$I:$I,$B$8,'세부(구축)'!$B:$B,$C43) -> 0 | P43: =COUNTIFS([1]상세자료!$C$1:$C$3805,'일별현황(구)'!$C43,[1]상세자료!$K$1:$K$3805,"="&$C$8) -> #VALUE! | Q43: =COUNTIFS([1]상세자료!$C$1:$C$3805,'일별현황(구)'!$C43,[1]상세자료!$Q$1:$Q$3805,"="&$C$8) -> #VALUE! | R43: =COUNTIFS([1]상세자료!$C$1:$C$3805,'일별현황(구)'!$C43,[1]상세자료!$S$1:$S$3805,"="&$C$8) -> #VALUE! | S43: =COUNTIFS([1]상세자료!$C$1:$C$3805,'일별현황(구)'!$C43,[1]상세자료!$T$1:$T$3805,"="&$C$8) -> #VALUE! | T43: =M43+S43 -> #VALUE! | V43: =COUNTIFS([1]상세자료!$C$4:$C$973,'일별현황(구)'!$C43,[1]상세자료!$H$4:$H$973,"미제출") -> #VALUE! | W43: =COUNTIFS('세부(구축)'!$B:$B,'일별현황(구)'!$C43,'세부(구축)'!$G:$G,"반려") -> 0 | Z43: =COUNTIFS('세부(구축)'!$B:$B,'일별현황(구)'!$C43,'세부(구축)'!$J:$J,"발행") -> 0 | AB43: =J43-Z43 -> 0 | AF43: =IF(OR(AND(ISNUMBER(K43), K43<>0), AND(ISNUMBER(L43), L43<>0), AND(ISNUMBER(O43), O43<>0)), 1, 0) -> 0
B44: 34 | C44: 스마트제조혁신협회 | E44: 19 | F44: 0 | H44: 0 | I44: 0 | J44: =COUNTIF('세부(구축)'!$B:$B,'일별현황(구)'!C44) -> 10 | K44: =COUNTIFS('세부(구축)'!$B:$B,'일별현황(구)'!C44,'세부(구축)'!$H:$H,TODAY()) -> 0 | L44: =COUNTIFS('세부(구축)'!$B:$B,'일별현황(구)'!$C44,'세부(구축)'!$G:$G,"작성중") -> 0 | M44: =COUNTIFS('세부(구축)'!$B:$B,'일별현황(구)'!$C44,'세부(구축)'!$G:$G,"완료") -> 0 | N44: =COUNTIFS('세부(구축)'!$B:$B,'일별현황(구)'!$C44,'세부(구축)'!$G:$G,"취소") -> 0 | O44: =COUNTIFS('세부(구축)'!$I:$I,$B$8,'세부(구축)'!$B:$B,$C44) -> 0 | P44: =COUNTIFS([1]상세자료!$C$1:$C$3805,'일별현황(구)'!$C44,[1]상세자료!$K$1:$K$3805,"="&$C$8) -> #VALUE! | Q44: =COUNTIFS([1]상세자료!$C$1:$C$3805,'일별현황(구)'!$C44,[1]상세자료!$Q$1:$Q$3805,"="&$C$8) -> #VALUE! | R44: =COUNTIFS([1]상세자료!$C$1:$C$3805,'일별현황(구)'!$C44,[1]상세자료!$S$1:$S$3805,"="&$C$8) -> #VALUE! | S44: =COUNTIFS([1]상세자료!$C$1:$C$3805,'일별현황(구)'!$C44,[1]상세자료!$T$1:$T$3805,"="&$C$8) -> #VALUE! | T44: =M44+S44 -> #VALUE! | V44: =COUNTIFS([1]상세자료!$C$4:$C$973,'일별현황(구)'!$C44,[1]상세자료!$H$4:$H$973,"미제출") -> #VALUE! | W44: =COUNTIFS('세부(구축)'!$B:$B,'일별현황(구)'!$C44,'세부(구축)'!$G:$G,"반려") -> 0 | Z44: =COUNTIFS('세부(구축)'!$B:$B,'일별현황(구)'!$C44,'세부(구축)'!$J:$J,"발행") -> 0 | AB44: =J44-Z44 -> 10 | AF44: =IF(OR(AND(ISNUMBER(K44), K44<>0), AND(ISNUMBER(L44), L44<>0), AND(ISNUMBER(O44), O44<>0)), 1, 0) -> 0
B45: 35 | C45: 한국식품안전관리인증원 | D45: 20 | E45: 3 | F45: 4 | G45: 4 | H45: 0 | I45: 0 | J45: =COUNTIF('세부(구축)'!$B:$B,'일별현황(구)'!C45) -> 0 | K45: =COUNTIFS('세부(구축)'!$B:$B,'일별현황(구)'!C45,'세부(구축)'!$H:$H,TODAY()) -> 0 | L45: =COUNTIFS('세부(구축)'!$B:$B,'일별현황(구)'!$C45,'세부(구축)'!$G:$G,"작성중") -> 0 | M45: =COUNTIFS('세부(구축)'!$B:$B,'일별현황(구)'!$C45,'세부(구축)'!$G:$G,"완료") -> 0 | N45: =COUNTIFS('세부(구축)'!$B:$B,'일별현황(구)'!$C45,'세부(구축)'!$G:$G,"취소") -> 0 | O45: =COUNTIFS('세부(구축)'!$I:$I,$B$8,'세부(구축)'!$B:$B,$C45) -> 0 | P45: =COUNTIFS([1]상세자료!$C$1:$C$3805,'일별현황(구)'!$C45,[1]상세자료!$K$1:$K$3805,"="&$C$8) -> #VALUE! | Q45: =COUNTIFS([1]상세자료!$C$1:$C$3805,'일별현황(구)'!$C45,[1]상세자료!$Q$1:$Q$3805,"="&$C$8) -> #VALUE! | R45: =COUNTIFS([1]상세자료!$C$1:$C$3805,'일별현황(구)'!$C45,[1]상세자료!$S$1:$S$3805,"="&$C$8) -> #VALUE! | S45: =COUNTIFS([1]상세자료!$C$1:$C$3805,'일별현황(구)'!$C45,[1]상세자료!$T$1:$T$3805,"="&$C$8) -> #VALUE! | T45: =M45+S45 -> #VALUE! | V45: =COUNTIFS([1]상세자료!$C$4:$C$973,'일별현황(구)'!$C45,[1]상세자료!$H$4:$H$973,"미제출") -> #VALUE! | W45: =COUNTIFS('세부(구축)'!$B:$B,'일별현황(구)'!$C45,'세부(구축)'!$G:$G,"반려") -> 0 | Z45: =COUNTIFS('세부(구축)'!$B:$B,'일별현황(구)'!$C45,'세부(구축)'!$J:$J,"발행") -> 0 | AB45: =J45-Z45 -> 0 | AF45: =IF(OR(AND(ISNUMBER(K45), K45<>0), AND(ISNUMBER(L45), L45<>0), AND(ISNUMBER(O45), O45<>0)), 1, 0) -> 0
B46: 36 | C46: 한국인공지능제조이니셔티브 | E46: 12 | F46: 3 | G46: 2 | H46: 0 | I46: 0 | J46: =COUNTIF('세부(구축)'!$B:$B,'일별현황(구)'!C46) -> 0 | K46: =COUNTIFS('세부(구축)'!$B:$B,'일별현황(구)'!C46,'세부(구축)'!$H:$H,TODAY()) -> 0 | L46: =COUNTIFS('세부(구축)'!$B:$B,'일별현황(구)'!$C46,'세부(구축)'!$G:$G,"작성중") -> 0 | M46: =COUNTIFS('세부(구축)'!$B:$B,'일별현황(구)'!$C46,'세부(구축)'!$G:$G,"완료") -> 0 | N46: =COUNTIFS('세부(구축)'!$B:$B,'일별현황(구)'!$C46,'세부(구축)'!$G:$G,"취소") -> 0 | O46: =COUNTIFS('세부(구축)'!$I:$I,$B$8,'세부(구축)'!$B:$B,$C46) -> 0 | V46: =COUNTIFS([1]상세자료!$C$4:$C$973,'일별현황(구)'!$C46,[1]상세자료!$H$4:$H$973,"미제출") -> #VALUE! | W46: =COUNTIFS('세부(구축)'!$B:$B,'일별현황(구)'!$C46,'세부(구축)'!$G:$G,"반려") -> 0 | Z46: =COUNTIFS('세부(구축)'!$B:$B,'일별현황(구)'!$C46,'세부(구축)'!$J:$J,"발행") -> 0 | AB46: =J46-Z46 -> 0 | AF46: =IF(OR(AND(ISNUMBER(K46), K46<>0), AND(ISNUMBER(L46), L46<>0), AND(ISNUMBER(O46), O46<>0)), 1, 0) -> 0
B47: 37 | C47: 한국과학기술원 | F47: 43 | G47: 43 | H47: 34 | I47: 0 | J47: =COUNTIF('세부(구축)'!$B:$B,'일별현황(구)'!C47) -> 2 | K47: =COUNTIFS('세부(구축)'!$B:$B,'일별현황(구)'!C47,'세부(구축)'!$H:$H,TODAY()) -> 0 | L47: =COUNTIFS('세부(구축)'!$B:$B,'일별현황(구)'!$C47,'세부(구축)'!$G:$G,"작성중") -> 0 | M47: =COUNTIFS('세부(구축)'!$B:$B,'일별현황(구)'!$C47,'세부(구축)'!$G:$G,"완료") -> 0 | N47: =COUNTIFS('세부(구축)'!$B:$B,'일별현황(구)'!$C47,'세부(구축)'!$G:$G,"취소") -> 0 | O47: =COUNTIFS('세부(구축)'!$I:$I,$B$8,'세부(구축)'!$B:$B,$C47) -> 0 | V47: =COUNTIFS([1]상세자료!$C$4:$C$973,'일별현황(구)'!$C47,[1]상세자료!$H$4:$H$973,"미제출") -> #VALUE! | W47: =COUNTIFS('세부(구축)'!$B:$B,'일별현황(구)'!$C47,'세부(구축)'!$G:$G,"반려") -> 0 | Z47: =COUNTIFS('세부(구축)'!$B:$B,'일별현황(구)'!$C47,'세부(구축)'!$J:$J,"발행") -> 0 | AB47: =J47-Z47 -> 2 | AF47: =IF(OR(AND(ISNUMBER(K47), K47<>0), AND(ISNUMBER(L47), L47<>0), AND(ISNUMBER(O47), O47<>0)), 1, 0) -> 0
B48: 38 | C48: 전남대불산학융합원 | F48: 7 | G48: 6 | H48: 0 | I48: 0 | J48: =COUNTIF('세부(구축)'!$B:$B,'일별현황(구)'!C48) -> 0 | K48: =COUNTIFS('세부(구축)'!$B:$B,'일별현황(구)'!C48,'세부(구축)'!$H:$H,TODAY()) -> 0 | L48: =COUNTIFS('세부(구축)'!$B:$B,'일별현황(구)'!$C48,'세부(구축)'!$G:$G,"작성중") -> 0 | M48: =COUNTIFS('세부(구축)'!$B:$B,'일별현황(구)'!$C48,'세부(구축)'!$G:$G,"완료") -> 0 | N48: =COUNTIFS('세부(구축)'!$B:$B,'일별현황(구)'!$C48,'세부(구축)'!$G:$G,"취소") -> 0 | O48: =COUNTIFS('세부(구축)'!$I:$I,$B$8,'세부(구축)'!$B:$B,$C48) -> 0 | V48: =COUNTIFS([1]상세자료!$C$4:$C$973,'일별현황(구)'!$C48,[1]상세자료!$H$4:$H$973,"미제출") -> #VALUE! | W48: =COUNTIFS('세부(구축)'!$B:$B,'일별현황(구)'!$C48,'세부(구축)'!$G:$G,"반려") -> 0 | Z48: =COUNTIFS('세부(구축)'!$B:$B,'일별현황(구)'!$C48,'세부(구축)'!$J:$J,"발행") -> 0 | AB48: =J48-Z48 -> 0 | AF48: =IF(OR(AND(ISNUMBER(K48), K48<>0), AND(ISNUMBER(L48), L48<>0), AND(ISNUMBER(O48), O48<>0)), 1, 0) -> 0
B49: 39 | C49: 재단법인 한국혁신의약품컨소시엄 | H49: 9 | I49: 0 | J49: =COUNTIF('세부(구축)'!$B:$B,'일별현황(구)'!C49) -> 0 | K49: =COUNTIFS('세부(구축)'!$B:$B,'일별현황(구)'!C49,'세부(구축)'!$H:$H,TODAY()) -> 0 | L49: =COUNTIFS('세부(구축)'!$B:$B,'일별현황(구)'!$C49,'세부(구축)'!$G:$G,"작성중") -> 0 | M49: =COUNTIFS('세부(구축)'!$B:$B,'일별현황(구)'!$C49,'세부(구축)'!$G:$G,"완료") -> 0 | N49: =COUNTIFS('세부(구축)'!$B:$B,'일별현황(구)'!$C49,'세부(구축)'!$G:$G,"취소") -> 0 | O49: =COUNTIFS('세부(구축)'!$I:$I,$B$8,'세부(구축)'!$B:$B,$C49) -> 0 | V49: =COUNTIFS([1]상세자료!$C$4:$C$973,'일별현황(구)'!$C49,[1]상세자료!$H$4:$H$973,"미제출") -> #VALUE! | W49: =COUNTIFS('세부(구축)'!$B:$B,'일별현황(구)'!$C49,'세부(구축)'!$G:$G,"반려") -> 0 | Z49: =COUNTIFS('세부(구축)'!$B:$B,'일별현황(구)'!$C49,'세부(구축)'!$J:$J,"발행") -> 0 | AB49: =J49-Z49 -> 0 | AF49: =IF(OR(AND(ISNUMBER(K49), K49<>0), AND(ISNUMBER(L49), L49<>0), AND(ISNUMBER(O49), O49<>0)), 1, 0) -> 0
B50: 40 | C50: 이노비즈협회 | I50: 0 | J50: =COUNTIF('세부(구축)'!$B:$B,'일별현황(구)'!C50) -> 0 | K50: =COUNTIFS('세부(구축)'!$B:$B,'일별현황(구)'!C50,'세부(구축)'!$H:$H,TODAY()) -> 0 | L50: =COUNTIFS('세부(구축)'!$B:$B,'일별현황(구)'!$C50,'세부(구축)'!$G:$G,"작성중") -> 0 | M50: =COUNTIFS('세부(구축)'!$B:$B,'일별현황(구)'!$C50,'세부(구축)'!$G:$G,"완료") -> 0 | N50: =COUNTIFS('세부(구축)'!$B:$B,'일별현황(구)'!$C50,'세부(구축)'!$G:$G,"취소") -> 0 | O50: =COUNTIFS('세부(구축)'!$I:$I,$B$8,'세부(구축)'!$B:$B,$C50) -> 0 | V50: =COUNTIFS([1]상세자료!$C$4:$C$973,'일별현황(구)'!$C50,[1]상세자료!$H$4:$H$973,"미제출") -> #VALUE! | W50: =COUNTIFS('세부(구축)'!$B:$B,'일별현황(구)'!$C50,'세부(구축)'!$G:$G,"반려") -> 0 | Z50: =COUNTIFS('세부(구축)'!$B:$B,'일별현황(구)'!$C50,'세부(구축)'!$J:$J,"발행") -> 0 | AA50: 45754 | AB50: =J50-Z50 -> 0 | AF50: =IF(OR(AND(ISNUMBER(K50), K50<>0), AND(ISNUMBER(L50), L50<>0), AND(ISNUMBER(O50), O50<>0)), 1, 0) -> 0
B51: 41 | C51: 수행기관모름 | E51: 4 | F51: 0 | H51: 0 | I51: 0 | J51: =COUNTIF('세부(구축)'!$B:$B,'일별현황(구)'!C51) -> 0 | K51: =COUNTIFS('세부(구축)'!$B:$B,'일별현황(구)'!C51,'세부(구축)'!$H:$H,TODAY()) -> 0 | L51: =COUNTIFS('세부(구축)'!$B:$B,'일별현황(구)'!$C51,'세부(구축)'!$G:$G,"작성중") -> 0 | M51: =COUNTIFS('세부(구축)'!$B:$B,'일별현황(구)'!$C51,'세부(구축)'!$G:$G,"완료") -> 0 | N51: =COUNTIFS('세부(구축)'!$B:$B,'일별현황(구)'!$C51,'세부(구축)'!$G:$G,"취소") -> 0 | O51: =COUNTIFS('세부(구축)'!$I:$I,$B$8,'세부(구축)'!$B:$B,$C51) -> 0 | V51: =COUNTIFS([1]상세자료!$C$4:$C$973,'일별현황(구)'!$C51,[1]상세자료!$H$4:$H$973,"미제출") -> #VALUE! | W51: =COUNTIFS('세부(구축)'!$B:$B,'일별현황(구)'!$C51,'세부(구축)'!$G:$G,"반려") -> 0 | Z51: =COUNTIFS('세부(구축)'!$B:$B,'일별현황(구)'!$C51,'세부(구축)'!$J:$J,"발행") -> 0 | AB51: =J51-Z51 -> 0 | AF51: =IF(OR(AND(ISNUMBER(K51), K51<>0), AND(ISNUMBER(L51), L51<>0), AND(ISNUMBER(O51), O51<>0)), 1, 0) -> 0
A52: 총합계 | D52: =SUM(D11:D51) -> 965 | E52: =SUM(E11:E51) -> 915 | F52: =SUM(F11:F51) -> 604 | G52: =SUM(G11:G51) -> 558 | H52: =SUM(H11:H51) -> 119 | I52: 289 | J52: =SUM(J11:J51) -> 111 | K52: =SUM(K11:K51) -> 0 | L52: =SUM(L11:L51) -> 29 | M52: =SUM(M11:M51) -> 0 | N52: =SUM(N11:N51) -> 0 | O52: =SUM(O11:O51) -> 0 | P52: =SUM(P11:P46) -> #VALUE! | Q52: =SUM(Q11:Q46) -> #VALUE! | R52: =SUM(R11:R46) -> #VALUE! | S52: =SUM(S11:S46) -> #VALUE! | T52: =SUM(T11:T46) -> #VALUE! | U52: =SUM(U11:U46) -> 0 | V52: =SUM(V11:V51) -> #VALUE! | W52: =SUM(W11:W51) -> 0 | X52: =SUM(X11:X51) -> 34 | Z52: =SUM(Z11:Z51) -> 0 | AB52: =J52-Z52 -> 111
A54: 사업연도 | B54: 운영기관 | C54: 2025 | D54: 제출상태 | H54: =TODAY() -> 46189 | J54: 진행중 (미완료+ 금일신규) | K54: 비고
C55: 누계 | D55: 미완료 | E55: 완료 | F55: 세금계산서 발행 (누적) | G55: 취소* | H55: 금일 제출완료 | I55: 금일 신규
A56: 2025년도 (25.02.28 ~ 25.12.31) | B56: 강원 | C56: =COUNTIF('세부(구축)'!$B:$B,B56) -> 0 | D56: =COUNTIFS('세부(구축)'!$B:$B,B56,'세부(구축)'!$G:$G,"미완료") -> 0 | E56: =COUNTIFS('세부(구축)'!$B:$B,B56,'세부(구축)'!$G:$G,"완료") -> 0 | F56: =COUNTIFS('세부(구축)'!$B:$B,'일별현황(구)'!$B56,'세부(구축)'!$J:$J,"발행") -> 0 | G56: =COUNTIF('[2]25년 LIST (메인비즈)'!$E$4:$E$2000, "취소") -> #VALUE! | H56: =COUNTIFS('세부(구축)'!$I:$I,$B$8,'세부(구축)'!$B:$B,B56) -> 0 | I56: =COUNTIFS('세부(구축)'!$B:$B,B56,'세부(구축)'!$H:$H,TODAY()) -> 0 | J56: =D56+I56 -> 0
B57: 경기 | C57: =COUNTIF('세부(구축)'!$B:$B,B57) -> 0 | D57: =COUNTIFS('세부(구축)'!$B:$B,B57,'세부(구축)'!$G:$G,"미완료") -> 0 | E57: =COUNTIFS('세부(구축)'!$B:$B,B57,'세부(구축)'!$G:$G,"완료") -> 0 | F57: =COUNTIFS('세부(구축)'!$B:$B,'일별현황(구)'!$B57,'세부(구축)'!$J:$J,"발행") -> 0 | H57: =COUNTIFS('세부(구축)'!$I:$I,$B$8,'세부(구축)'!$B:$B,B57) -> 0 | I57: =COUNTIFS('세부(구축)'!$B:$B,B57,'세부(구축)'!$H:$H,TODAY()) -> 0 | J57: =D57+I57 -> 0
B58: 경기북부 | C58: =COUNTIF('세부(구축)'!$B:$B,B58) -> 0 | D58: =COUNTIFS('세부(구축)'!$B:$B,B58,'세부(구축)'!$G:$G,"미완료") -> 0 | E58: =COUNTIFS('세부(구축)'!$B:$B,B58,'세부(구축)'!$G:$G,"완료") -> 0 | F58: =COUNTIFS('세부(구축)'!$B:$B,'일별현황(구)'!$B58,'세부(구축)'!$J:$J,"발행") -> 0 | H58: =COUNTIFS('세부(구축)'!$I:$I,$B$8,'세부(구축)'!$B:$B,B58) -> 0 | I58: =COUNTIFS('세부(구축)'!$B:$B,B58,'세부(구축)'!$H:$H,TODAY()) -> 0 | J58: =D58+I58 -> 0
B59: 경기대진 | C59: =COUNTIF('세부(구축)'!$B:$B,B59) -> 13 | D59: =COUNTIFS('세부(구축)'!$B:$B,B59,'세부(구축)'!$G:$G,"미완료") -> 0 | E59: =COUNTIFS('세부(구축)'!$B:$B,B59,'세부(구축)'!$G:$G,"완료") -> 0 | F59: =COUNTIFS('세부(구축)'!$B:$B,'일별현황(구)'!$B59,'세부(구축)'!$J:$J,"발행") -> 0 | H59: =COUNTIFS('세부(구축)'!$I:$I,$B$8,'세부(구축)'!$B:$B,B59) -> 0 | I59: =COUNTIFS('세부(구축)'!$B:$B,B59,'세부(구축)'!$H:$H,TODAY()) -> 0 | J59: =D59+I59 -> 0
B60: 경남 | C60: =COUNTIF('세부(구축)'!$B:$B,B60) -> 27 | D60: =COUNTIFS('세부(구축)'!$B:$B,B60,'세부(구축)'!$G:$G,"미완료") -> 0 | E60: =COUNTIFS('세부(구축)'!$B:$B,B60,'세부(구축)'!$G:$G,"완료") -> 0 | F60: =COUNTIFS('세부(구축)'!$B:$B,'일별현황(구)'!$B60,'세부(구축)'!$J:$J,"발행") -> 0 | H60: =COUNTIFS('세부(구축)'!$I:$I,$B$8,'세부(구축)'!$B:$B,B60) -> 0 | I60: =COUNTIFS('세부(구축)'!$B:$B,B60,'세부(구축)'!$H:$H,TODAY()) -> 0 | J60: =D60+I60 -> 0
B61: 경북 | C61: =COUNTIF('세부(구축)'!$B:$B,B61) -> 13 | D61: =COUNTIFS('세부(구축)'!$B:$B,B61,'세부(구축)'!$G:$G,"미완료") -> 0 | E61: =COUNTIFS('세부(구축)'!$B:$B,B61,'세부(구축)'!$G:$G,"완료") -> 0 | F61: =COUNTIFS('세부(구축)'!$B:$B,'일별현황(구)'!$B61,'세부(구축)'!$J:$J,"발행") -> 0 | H61: =COUNTIFS('세부(구축)'!$I:$I,$B$8,'세부(구축)'!$B:$B,B61) -> 0 | I61: =COUNTIFS('세부(구축)'!$B:$B,B61,'세부(구축)'!$H:$H,TODAY()) -> 0 | J61: =D61+I61 -> 0
B62: 광주 | C62: =COUNTIF('세부(구축)'!$B:$B,B62) -> 7 | D62: =COUNTIFS('세부(구축)'!$B:$B,B62,'세부(구축)'!$G:$G,"미완료") -> 0 | E62: =COUNTIFS('세부(구축)'!$B:$B,B62,'세부(구축)'!$G:$G,"완료") -> 0 | F62: =COUNTIFS('세부(구축)'!$B:$B,'일별현황(구)'!$B62,'세부(구축)'!$J:$J,"발행") -> 0 | H62: =COUNTIFS('세부(구축)'!$I:$I,$B$8,'세부(구축)'!$B:$B,B62) -> 0 | I62: =COUNTIFS('세부(구축)'!$B:$B,B62,'세부(구축)'!$H:$H,TODAY()) -> 0 | J62: =D62+I62 -> 0
B63: 대구 | C63: =COUNTIF('세부(구축)'!$B:$B,B63) -> 0 | D63: =COUNTIFS('세부(구축)'!$B:$B,B63,'세부(구축)'!$G:$G,"미완료") -> 0 | E63: =COUNTIFS('세부(구축)'!$B:$B,B63,'세부(구축)'!$G:$G,"완료") -> 0 | F63: =COUNTIFS('세부(구축)'!$B:$B,'일별현황(구)'!$B63,'세부(구축)'!$J:$J,"발행") -> 0 | H63: =COUNTIFS('세부(구축)'!$I:$I,$B$8,'세부(구축)'!$B:$B,B63) -> 0 | I63: =COUNTIFS('세부(구축)'!$B:$B,B63,'세부(구축)'!$H:$H,TODAY()) -> 0 | J63: =D63+I63 -> 0
B64: 대전 | C64: =COUNTIF('세부(구축)'!$B:$B,B64) -> 0 | D64: =COUNTIFS('세부(구축)'!$B:$B,B64,'세부(구축)'!$G:$G,"미완료") -> 0 | E64: =COUNTIFS('세부(구축)'!$B:$B,B64,'세부(구축)'!$G:$G,"완료") -> 0 | F64: =COUNTIFS('세부(구축)'!$B:$B,'일별현황(구)'!$B64,'세부(구축)'!$J:$J,"발행") -> 0 | H64: =COUNTIFS('세부(구축)'!$I:$I,$B$8,'세부(구축)'!$B:$B,B64) -> 0 | I64: =COUNTIFS('세부(구축)'!$B:$B,B64,'세부(구축)'!$H:$H,TODAY()) -> 0 | J64: =D64+I64 -> 0
B65: 부산 | C65: =COUNTIF('세부(구축)'!$B:$B,B65) -> 0 | D65: =COUNTIFS('세부(구축)'!$B:$B,B65,'세부(구축)'!$G:$G,"미완료") -> 0 | E65: =COUNTIFS('세부(구축)'!$B:$B,B65,'세부(구축)'!$G:$G,"완료") -> 0 | F65: =COUNTIFS('세부(구축)'!$B:$B,'일별현황(구)'!$B65,'세부(구축)'!$J:$J,"발행") -> 0 | H65: =COUNTIFS('세부(구축)'!$I:$I,$B$8,'세부(구축)'!$B:$B,B65) -> 0 | I65: =COUNTIFS('세부(구축)'!$B:$B,B65,'세부(구축)'!$H:$H,TODAY()) -> 0 | J65: =D65+I65 -> 0
B66: 서울 | C66: =COUNTIF('세부(구축)'!$B:$B,B66) -> 0 | D66: =COUNTIFS('세부(구축)'!$B:$B,B66,'세부(구축)'!$G:$G,"미완료") -> 0 | E66: =COUNTIFS('세부(구축)'!$B:$B,B66,'세부(구축)'!$G:$G,"완료") -> 0 | F66: =COUNTIFS('세부(구축)'!$B:$B,'일별현황(구)'!$B66,'세부(구축)'!$J:$J,"발행") -> 0 | H66: =COUNTIFS('세부(구축)'!$I:$I,$B$8,'세부(구축)'!$B:$B,B66) -> 0 | I66: =COUNTIFS('세부(구축)'!$B:$B,B66,'세부(구축)'!$H:$H,TODAY()) -> 0 | J66: =D66+I66 -> 0
B67: 세종 | C67: =COUNTIF('세부(구축)'!$B:$B,B67) -> 0 | D67: =COUNTIFS('세부(구축)'!$B:$B,B67,'세부(구축)'!$G:$G,"미완료") -> 0 | E67: =COUNTIFS('세부(구축)'!$B:$B,B67,'세부(구축)'!$G:$G,"완료") -> 0 | F67: =COUNTIFS('세부(구축)'!$B:$B,'일별현황(구)'!$B67,'세부(구축)'!$J:$J,"발행") -> 0 | H67: =COUNTIFS('세부(구축)'!$I:$I,$B$8,'세부(구축)'!$B:$B,B67) -> 0 | I67: =COUNTIFS('세부(구축)'!$B:$B,B67,'세부(구축)'!$H:$H,TODAY()) -> 0 | J67: =D67+I67 -> 0
B68: 울산 | C68: =COUNTIF('세부(구축)'!$B:$B,B68) -> 0 | D68: =COUNTIFS('세부(구축)'!$B:$B,B68,'세부(구축)'!$G:$G,"미완료") -> 0 | E68: =COUNTIFS('세부(구축)'!$B:$B,B68,'세부(구축)'!$G:$G,"완료") -> 0 | F68: =COUNTIFS('세부(구축)'!$B:$B,'일별현황(구)'!$B68,'세부(구축)'!$J:$J,"발행") -> 0 | H68: =COUNTIFS('세부(구축)'!$I:$I,$B$8,'세부(구축)'!$B:$B,B68) -> 0 | I68: =COUNTIFS('세부(구축)'!$B:$B,B68,'세부(구축)'!$H:$H,TODAY()) -> 0 | J68: =D68+I68 -> 0
... B96: 수행기관모름 | C96: =COUNTIF('세부(구축)'!$B:$B,B96) -> 0 | D96: =COUNTIFS('세부(구축)'!$B:$B,B96,'세부(구축)'!$G:$G,"미완료") -> 0 | E96: =COUNTIFS('세부(구축)'!$B:$B,B96,'세부(구축)'!$G:$G,"완료") -> 0 | F96: =COUNTIFS('세부(구축)'!$B:$B,'일별현황(구)'!$B96,'세부(구축)'!$J:$J,"발행") -> 0 | H96: =COUNTIFS('세부(구축)'!$I:$I,$B$8,'세부(구축)'!$B:$B,B96) -> 0 | I96: =COUNTIFS('세부(구축)'!$B:$B,B96,'세부(구축)'!$H:$H,TODAY()) -> 0 | J96: =D96+I96 -> 0
B97: 합계 | C97: =SUM(C56:C96) -> 111 | D97: =SUM(D56:D96) -> 0 | E97: =SUM(E56:E96) -> 0 | F97: =SUM(F56:F96) -> 0 | G97: =SUM(G56:G96) -> #VALUE! | H97: =SUM(H56:H96) -> 0 | I97: =SUM(I56:I96) -> 0 | J97: =SUM(J56:J96) -> 0
A123: 견적서 품목별 현황
A124: 구 분 | D124: 담 당
A125: 3천만원 이상 | D125: 김민선 원장
A126: 1천만원 이상 | D126: 하은정 이사
A127: 5백만원 ~ 1천만원 미만 | D127: 박해란 전임
A128: 특이사항 | D128: [경기북부스마트제조혁신센터] 농업회사법인(주)승화푸드 사업변경에 따른 원가 재계산 및 원가계산결과보고서 제출
