Workbook

Sheet 일일현황
A2: 2026년 안전동행 지원사업 원가계산 업무 일일 현황
J6: =TODAY() -> 46189
A7: 사업연도 | B7: 공급기업 | C7: 2026년 진행현황 | H7: 일일 진행현황 | J7: 진행중 (보고서 제출 - 완료여부) | K7: 비고
C8: 누계 | D8: 자료수령 | E8: 보고서 제출 | F8: 세금계산서 발행 | G8: 대금수령 | H8: 보고서 제출 | I8: 신규 자료수령
A9: 2026년 (26.01.01 ~ 26.12.31) | B9: =진행현황!O5 -> 이노플랜트 | C9: =COUNTIF(진행현황!$B:$B,일일현황!B9) -> 0 | D9: =COUNTIFS(진행현황!$B:$B,일일현황!B9,진행현황!$E:$E,"<>") -> 0 | E9: =COUNTIFS(진행현황!$B:$B,일일현황!B9,진행현황!$F:$F,"<>") -> 0 | F9: =COUNTIFS(진행현황!$B:$B,일일현황!B9,진행현황!$G:$G,"<>") -> 0 | G9: =COUNTIFS(진행현황!$B:$B,일일현황!B9,진행현황!$H:$H,"<>") -> 0 | H9: =COUNTIFS(진행현황!$B:$B,B9,진행현황!$F:$F,TODAY()) -> 0 | I9: =COUNTIFS(진행현황!$B:$B,B9,진행현황!$E:$E,TODAY()) -> 0 | J9: =D9-E9 -> 0
B10: =진행현황!O6 -> 대진오토포밍 | C10: =COUNTIF(진행현황!$B:$B,일일현황!B10) -> 0 | D10: =COUNTIFS(진행현황!$B:$B,일일현황!B10,진행현황!$E:$E,"<>") -> 0 | E10: =COUNTIFS(진행현황!$B:$B,일일현황!B10,진행현황!$F:$F,"<>") -> 0 | F10: =COUNTIFS(진행현황!$B:$B,일일현황!B10,진행현황!$G:$G,"<>") -> 0 | G10: =COUNTIFS(진행현황!$B:$B,일일현황!B10,진행현황!$H:$H,"<>") -> 0 | H10: =COUNTIFS(진행현황!$B:$B,B10,진행현황!$F:$F,TODAY()) -> 0 | I10: =COUNTIFS(진행현황!$B:$B,B10,진행현황!$E:$E,TODAY()) -> 0 | J10: =D10-E10 -> 0
B11: =진행현황!O7 -> 대아엘리베이터 | C11: =COUNTIF(진행현황!$B:$B,일일현황!B11) -> 0 | D11: =COUNTIFS(진행현황!$B:$B,일일현황!B11,진행현황!$E:$E,"<>") -> 0 | E11: =COUNTIFS(진행현황!$B:$B,일일현황!B11,진행현황!$F:$F,"<>") -> 0 | F11: =COUNTIFS(진행현황!$B:$B,일일현황!B11,진행현황!$G:$G,"<>") -> 0 | G11: =COUNTIFS(진행현황!$B:$B,일일현황!B11,진행현황!$H:$H,"<>") -> 0 | H11: =COUNTIFS(진행현황!$B:$B,B11,진행현황!$F:$F,TODAY()) -> 0 | I11: =COUNTIFS(진행현황!$B:$B,B11,진행현황!$E:$E,TODAY()) -> 0 | J11: =D11-E11 -> 0
B12: =진행현황!O8 -> 해성이니프 | C12: =COUNTIF(진행현황!$B:$B,일일현황!B12) -> 0 | D12: =COUNTIFS(진행현황!$B:$B,일일현황!B12,진행현황!$E:$E,"<>") -> 0 | E12: =COUNTIFS(진행현황!$B:$B,일일현황!B12,진행현황!$F:$F,"<>") -> 0 | F12: =COUNTIFS(진행현황!$B:$B,일일현황!B12,진행현황!$G:$G,"<>") -> 0 | G12: =COUNTIFS(진행현황!$B:$B,일일현황!B12,진행현황!$H:$H,"<>") -> 0 | H12: =COUNTIFS(진행현황!$B:$B,B12,진행현황!$F:$F,TODAY()) -> 0 | I12: =COUNTIFS(진행현황!$B:$B,B12,진행현황!$E:$E,TODAY()) -> 0 | J12: =D12-E12 -> 0
B13: =진행현황!O9 -> 수인더스트리 | C13: =COUNTIF(진행현황!$B:$B,일일현황!B13) -> 0 | D13: =COUNTIFS(진행현황!$B:$B,일일현황!B13,진행현황!$E:$E,"<>") -> 0 | E13: =COUNTIFS(진행현황!$B:$B,일일현황!B13,진행현황!$F:$F,"<>") -> 0 | F13: =COUNTIFS(진행현황!$B:$B,일일현황!B13,진행현황!$G:$G,"<>") -> 0 | G13: =COUNTIFS(진행현황!$B:$B,일일현황!B13,진행현황!$H:$H,"<>") -> 0 | H13: =COUNTIFS(진행현황!$B:$B,B13,진행현황!$F:$F,TODAY()) -> 0 | I13: =COUNTIFS(진행현황!$B:$B,B13,진행현황!$E:$E,TODAY()) -> 0 | J13: =D13-E13 -> 0
B14: =진행현황!O10 -> ㈜디케이디엔씨 | C14: =COUNTIF(진행현황!$B:$B,일일현황!B14) -> 0 | D14: =COUNTIFS(진행현황!$B:$B,일일현황!B14,진행현황!$E:$E,"<>") -> 0 | E14: =COUNTIFS(진행현황!$B:$B,일일현황!B14,진행현황!$F:$F,"<>") -> 0 | F14: =COUNTIFS(진행현황!$B:$B,일일현황!B14,진행현황!$G:$G,"<>") -> 0 | G14: =COUNTIFS(진행현황!$B:$B,일일현황!B14,진행현황!$H:$H,"<>") -> 0 | H14: =COUNTIFS(진행현황!$B:$B,B14,진행현황!$F:$F,TODAY()) -> 0 | I14: =COUNTIFS(진행현황!$B:$B,B14,진행현황!$E:$E,TODAY()) -> 0 | J14: =D14-E14 -> 0
B15: =진행현황!O11 -> (주)노바센스 | C15: =COUNTIF(진행현황!$B:$B,일일현황!B15) -> 0 | D15: =COUNTIFS(진행현황!$B:$B,일일현황!B15,진행현황!$E:$E,"<>") -> 0 | E15: =COUNTIFS(진행현황!$B:$B,일일현황!B15,진행현황!$F:$F,"<>") -> 0 | F15: =COUNTIFS(진행현황!$B:$B,일일현황!B15,진행현황!$G:$G,"<>") -> 0 | G15: =COUNTIFS(진행현황!$B:$B,일일현황!B15,진행현황!$H:$H,"<>") -> 0 | H15: =COUNTIFS(진행현황!$B:$B,B15,진행현황!$F:$F,TODAY()) -> 0 | I15: =COUNTIFS(진행현황!$B:$B,B15,진행현황!$E:$E,TODAY()) -> 0 | J15: =D15-E15 -> 0
B16: =진행현황!O12 -> (주)아라아이티이엔지 | C16: =COUNTIF(진행현황!$B:$B,일일현황!B16) -> 0 | D16: =COUNTIFS(진행현황!$B:$B,일일현황!B16,진행현황!$E:$E,"<>") -> 0 | E16: =COUNTIFS(진행현황!$B:$B,일일현황!B16,진행현황!$F:$F,"<>") -> 0 | F16: =COUNTIFS(진행현황!$B:$B,일일현황!B16,진행현황!$G:$G,"<>") -> 0 | G16: =COUNTIFS(진행현황!$B:$B,일일현황!B16,진행현황!$H:$H,"<>") -> 0 | H16: =COUNTIFS(진행현황!$B:$B,B16,진행현황!$F:$F,TODAY()) -> 0 | I16: =COUNTIFS(진행현황!$B:$B,B16,진행현황!$E:$E,TODAY()) -> 0 | J16: =D16-E16 -> 0
B17: =진행현황!O13 -> 금화기계 | C17: =COUNTIF(진행현황!$B:$B,일일현황!B17) -> 0 | D17: =COUNTIFS(진행현황!$B:$B,일일현황!B17,진행현황!$E:$E,"<>") -> 0 | E17: =COUNTIFS(진행현황!$B:$B,일일현황!B17,진행현황!$F:$F,"<>") -> 0 | F17: =COUNTIFS(진행현황!$B:$B,일일현황!B17,진행현황!$G:$G,"<>") -> 0 | G17: =COUNTIFS(진행현황!$B:$B,일일현황!B17,진행현황!$H:$H,"<>") -> 0 | H17: =COUNTIFS(진행현황!$B:$B,B17,진행현황!$F:$F,TODAY()) -> 0 | I17: =COUNTIFS(진행현황!$B:$B,B17,진행현황!$E:$E,TODAY()) -> 0 | J17: =D17-E17 -> 0
B18: =진행현황!O14 -> 화천기계 | C18: =COUNTIF(진행현황!$B:$B,일일현황!B18) -> 0 | D18: =COUNTIFS(진행현황!$B:$B,일일현황!B18,진행현황!$E:$E,"<>") -> 0 | E18: =COUNTIFS(진행현황!$B:$B,일일현황!B18,진행현황!$F:$F,"<>") -> 0 | F18: =COUNTIFS(진행현황!$B:$B,일일현황!B18,진행현황!$G:$G,"<>") -> 0 | G18: =COUNTIFS(진행현황!$B:$B,일일현황!B18,진행현황!$H:$H,"<>") -> 0 | H18: =COUNTIFS(진행현황!$B:$B,B18,진행현황!$F:$F,TODAY()) -> 0 | I18: =COUNTIFS(진행현황!$B:$B,B18,진행현황!$E:$E,TODAY()) -> 0 | J18: =D18-E18 -> 0
A19: 합계 | C19: =SUM(C9:C18) -> 0 | D19: =SUM(D9:D18) -> 0 | E19: =SUM(E9:E18) -> 0 | F19: =SUM(F9:F18) -> 0 | G19: =SUM(G9:G18) -> 0 | H19: =SUM(H9:H18) -> 0 | I19: =SUM(I9:I18) -> 0 | J19: =SUM(J9:J18) -> 0
A21: 애로사항 | B21: ●
B22: ●
A23: 특이사항 | B23: ●
B24: ●
A25: 수행계획 | B25: ●
B26: ●

Sheet 집계
A2: 2026년 안전동행 지원사업 원가계산 진행현황
A4: ○ 용역개요
A5: 주관기관 | C5: 주요내용 | H5: 비고
A6: 한국산업안전보건공단 | C6: 안전동행 지원사업 보조금 지급에 따른 원가산정
A8: ○ 전체 진행현황
A9: 대상 | C9: 업무진행 | F9: 청구 및 대금집행
C10: 자료수령 (A) | D10: 완료 (B) | E10: 진행중 (C=A-B) | F10: 세금계산서 발행(D) | G10: 대금수령 (E) | H10: 대금미수령 (F=D-E)
A11: =A25&"개 업체" -> 10개 업체 | C11: =C26 -> 0 | D11: =D26 -> 0 | E11: =E26 -> 0 | F11: =F26 -> 0 | G11: =G26 -> 0 | H11: =H26 -> 0
A13: ○ 업체별 진행건수
A14: 순번 | B14: 업체명 | C14: 업무진행 | F14: 청구 및 대금집행
C15: 자료수령 (A) | D15: 완료 (B) | E15: 진행중 (C=A-B) | F15: 세금계산서 발행(D) | G15: 대금수령 (E) | H15: 대금미수령 (F=D-E)
A16: 1 | B16: =진행현황!O5 -> 이노플랜트 | C16: =COUNTIFS(진행현황!$B:$B,B16,진행현황!$E:$E,"<>") -> 0 | D16: =COUNTIFS(진행현황!$B:$B,B16,진행현황!$F:$F,"<>") -> 0 | E16: =C16-D16 -> 0 | F16: =COUNTIFS(진행현황!$B:$B,B16,진행현황!$G:$G,"<>") -> 0 | G16: =COUNTIFS(진행현황!$B:$B,B16,진행현황!$H:$H,"<>") -> 0 | H16: =F16-G16 -> 0
A17: =A16+1 -> 2 | B17: =진행현황!O6 -> 대진오토포밍 | C17: =COUNTIFS(진행현황!$B:$B,B17,진행현황!$E:$E,"<>") -> 0 | D17: =COUNTIFS(진행현황!$B:$B,B17,진행현황!$F:$F,"<>") -> 0 | E17: =C17-D17 -> 0 | F17: =COUNTIFS(진행현황!$B:$B,B17,진행현황!$G:$G,"<>") -> 0 | G17: =COUNTIFS(진행현황!$B:$B,B17,진행현황!$H:$H,"<>") -> 0 | H17: =F17-G17 -> 0
A18: =A17+1 -> 3 | B18: =진행현황!O7 -> 대아엘리베이터 | C18: =COUNTIFS(진행현황!$B:$B,B18,진행현황!$E:$E,"<>") -> 0 | D18: =COUNTIFS(진행현황!$B:$B,B18,진행현황!$F:$F,"<>") -> 0 | E18: =C18-D18 -> 0 | F18: =COUNTIFS(진행현황!$B:$B,B18,진행현황!$G:$G,"<>") -> 0 | G18: =COUNTIFS(진행현황!$B:$B,B18,진행현황!$H:$H,"<>") -> 0 | H18: =F18-G18 -> 0
A19: =A18+1 -> 4 | B19: =진행현황!O8 -> 해성이니프 | C19: =COUNTIFS(진행현황!$B:$B,B19,진행현황!$E:$E,"<>") -> 0 | D19: =COUNTIFS(진행현황!$B:$B,B19,진행현황!$F:$F,"<>") -> 0 | E19: =C19-D19 -> 0 | F19: =COUNTIFS(진행현황!$B:$B,B19,진행현황!$G:$G,"<>") -> 0 | G19: =COUNTIFS(진행현황!$B:$B,B19,진행현황!$H:$H,"<>") -> 0 | H19: =F19-G19 -> 0
A20: =A19+1 -> 5 | B20: =진행현황!O9 -> 수인더스트리 | C20: =COUNTIFS(진행현황!$B:$B,B20,진행현황!$E:$E,"<>") -> 0 | D20: =COUNTIFS(진행현황!$B:$B,B20,진행현황!$F:$F,"<>") -> 0 | E20: =C20-D20 -> 0 | F20: =COUNTIFS(진행현황!$B:$B,B20,진행현황!$G:$G,"<>") -> 0 | G20: =COUNTIFS(진행현황!$B:$B,B20,진행현황!$H:$H,"<>") -> 0 | H20: =F20-G20 -> 0
A21: =A20+1 -> 6 | B21: =진행현황!O10 -> ㈜디케이디엔씨 | C21: =COUNTIFS(진행현황!$B:$B,B21,진행현황!$E:$E,"<>") -> 0 | D21: =COUNTIFS(진행현황!$B:$B,B21,진행현황!$F:$F,"<>") -> 0 | E21: =C21-D21 -> 0 | F21: =COUNTIFS(진행현황!$B:$B,B21,진행현황!$G:$G,"<>") -> 0 | G21: =COUNTIFS(진행현황!$B:$B,B21,진행현황!$H:$H,"<>") -> 0 | H21: =F21-G21 -> 0
A22: =A21+1 -> 7 | B22: =진행현황!O11 -> (주)노바센스 | C22: =COUNTIFS(진행현황!$B:$B,B22,진행현황!$E:$E,"<>") -> 0 | D22: =COUNTIFS(진행현황!$B:$B,B22,진행현황!$F:$F,"<>") -> 0 | E22: =C22-D22 -> 0 | F22: =COUNTIFS(진행현황!$B:$B,B22,진행현황!$G:$G,"<>") -> 0 | G22: =COUNTIFS(진행현황!$B:$B,B22,진행현황!$H:$H,"<>") -> 0 | H22: =F22-G22 -> 0
A23: =A22+1 -> 8 | B23: =진행현황!O12 -> (주)아라아이티이엔지 | C23: =COUNTIFS(진행현황!$B:$B,B23,진행현황!$E:$E,"<>") -> 0 | D23: =COUNTIFS(진행현황!$B:$B,B23,진행현황!$F:$F,"<>") -> 0 | E23: =C23-D23 -> 0 | F23: =COUNTIFS(진행현황!$B:$B,B23,진행현황!$G:$G,"<>") -> 0 | G23: =COUNTIFS(진행현황!$B:$B,B23,진행현황!$H:$H,"<>") -> 0 | H23: =F23-G23 -> 0
A24: =A23+1 -> 9 | B24: =진행현황!O13 -> 금화기계 | C24: =COUNTIFS(진행현황!$B:$B,B24,진행현황!$E:$E,"<>") -> 0 | D24: =COUNTIFS(진행현황!$B:$B,B24,진행현황!$F:$F,"<>") -> 0 | E24: =C24-D24 -> 0 | F24: =COUNTIFS(진행현황!$B:$B,B24,진행현황!$G:$G,"<>") -> 0 | G24: =COUNTIFS(진행현황!$B:$B,B24,진행현황!$H:$H,"<>") -> 0 | H24: =F24-G24 -> 0
A25: =A24+1 -> 10 | B25: =진행현황!O14 -> 화천기계 | C25: =COUNTIFS(진행현황!$B:$B,B25,진행현황!$E:$E,"<>") -> 0 | D25: =COUNTIFS(진행현황!$B:$B,B25,진행현황!$F:$F,"<>") -> 0 | E25: =C25-D25 -> 0 | F25: =COUNTIFS(진행현황!$B:$B,B25,진행현황!$G:$G,"<>") -> 0 | G25: =COUNTIFS(진행현황!$B:$B,B25,진행현황!$H:$H,"<>") -> 0 | H25: =F25-G25 -> 0
A26: 합계 | C26: =SUM(C16:C25) -> 0 | D26: =SUM(D16:D25) -> 0 | E26: =SUM(E16:E25) -> 0 | F26: =SUM(F16:F25) -> 0 | G26: =SUM(G16:G25) -> 0 | H26: =SUM(H16:H25) -> 0
A28: ○ 업체별 진행금액
A29: 순번 | B29: 업체명 | C29: 세금계산서 발행금액 (VAT 별도) | F29: 입금액
A30: 1 | B30: =진행현황!O5 -> 이노플랜트 | C30: =SUMIF(진행현황!$B:$B,집계!B30,진행현황!$I:$I) -> 0 | F30: =SUMIF(진행현황!$B:$B,집계!B30,진행현황!$J:$J) -> 0
A31: =A30+1 -> 2 | B31: =진행현황!O6 -> 대진오토포밍 | C31: =SUMIF(진행현황!B:B,집계!B31,진행현황!I:I) -> 0 | F31: =SUMIF(진행현황!$B:$B,집계!B31,진행현황!$J:$J) -> 0
A32: =A31+1 -> 3 | B32: =진행현황!O7 -> 대아엘리베이터 | C32: =SUMIF(진행현황!B:B,집계!B32,진행현황!I:I) -> 0 | F32: =SUMIF(진행현황!$B:$B,집계!B32,진행현황!$J:$J) -> 0
A33: =A32+1 -> 4 | B33: =진행현황!O8 -> 해성이니프 | C33: =SUMIF(진행현황!B:B,집계!B33,진행현황!I:I) -> 0 | F33: =SUMIF(진행현황!$B:$B,집계!B33,진행현황!$J:$J) -> 0
A34: =A33+1 -> 5 | B34: =진행현황!O9 -> 수인더스트리 | C34: =SUMIF(진행현황!B:B,집계!B34,진행현황!I:I) -> 0 | F34: =SUMIF(진행현황!$B:$B,집계!B34,진행현황!$J:$J) -> 0
A35: =A34+1 -> 6 | B35: =진행현황!O10 -> ㈜디케이디엔씨 | C35: =SUMIF(진행현황!B:B,집계!B35,진행현황!I:I) -> 0 | F35: =SUMIF(진행현황!$B:$B,집계!B35,진행현황!$J:$J) -> 0
A36: =A35+1 -> 7 | B36: =진행현황!O11 -> (주)노바센스 | C36: =SUMIF(진행현황!B:B,집계!B36,진행현황!I:I) -> 0 | F36: =SUMIF(진행현황!$B:$B,집계!B36,진행현황!$J:$J) -> 0
A37: =A36+1 -> 8 | B37: =진행현황!O12 -> (주)아라아이티이엔지 | C37: =SUMIF(진행현황!B:B,집계!B37,진행현황!I:I) -> 0 | F37: =SUMIF(진행현황!$B:$B,집계!B37,진행현황!$J:$J) -> 0
A38: =A37+1 -> 9 | B38: =진행현황!O13 -> 금화기계
A39: =A38+1 -> 10 | B39: =진행현황!O14 -> 화천기계 | C39: =SUMIF(진행현황!B:B,집계!B39,진행현황!I:I) -> 0 | F39: =SUMIF(진행현황!$B:$B,집계!B39,진행현황!$J:$J) -> 0
A40: 합계 | C40: =SUM(C30:E39) -> 0 | F40: =SUM(F30:H39) -> 0
A42: ○ 기타사항
A43: ※ 보고서 작성 우선순위 : 1순위는 납품완료, 2순위 납품 예정일이 가까운 순서
A44: ※ 동일한 사업이어도 공급기업별로 용역비 상이함으로 확인필요

Sheet 진행현황
A1: 2026년 안전동행 지원사업 원가계산 진행내역
A3: 순번 | B3: 공급기업 | C3: 도입기업 | D3: 사업명 | E3: 일자 | I3: 금액 | K3: 담당자 | L3: 검토자 | M3: 비고
E4: 자료수령 | F4: 보고서 제출 | G4: 세금계산서 발행 | H4: 대금 수령 | I4: 용역비 (VAT 별도) | J4: 입금액 | O4: 공급기업 | P4: 사업명 | Q4: 용역비 (VAT 별도)
A5: 1 | O5: 이노플랜트 | P5: 안전동행 지원사업
A6: =A5+1 -> 2 | O6: 대진오토포밍 | P6: 사고사망 등 고위험 개선사업
A7: =A6+1 -> 3 | O7: 대아엘리베이터 | P7: 건강일터 조성지원사업
A8: =A7+1 -> 4 | O8: 해성이니프 | P8: 안전일터 조성지원사업
A9: =A8+1 -> 5 | O9: 수인더스트리 | P9: 전기안전모니터링시스템 제작 및 설치
A10: =A9+1 -> 6 | O10: ㈜디케이디엔씨 | P10: 스마트안전장비 지원사업
A11: =A10+1 -> 7 | O11: (주)노바센스
A12: =A11+1 -> 8 | O12: (주)아라아이티이엔지
A13: =A12+1 -> 9 | O13: 금화기계
A14: =A13+1 -> 10 | O14: 화천기계
A15: =A14+1 -> 11
A16: =A15+1 -> 12
A17: =A16+1 -> 13
A18: =A17+1 -> 14
A19: =A18+1 -> 15
A20: =A19+1 -> 16
A21: =A20+1 -> 17
A22: =A21+1 -> 18
A23: =A22+1 -> 19
A24: =A23+1 -> 20
A25: =A24+1 -> 21
A26: =A25+1 -> 22
... A104: =A103+1 -> 100

Sheet 결재라인
B2: 결 재 | C2: 담당 | D2: 검토 | E2: 이사 | F2: 원장
C3: 김나경
C4: =TODAY() -> 46189 | D4: / | E4: / | F4: /
